2026-08-15 08:33:31 | === Training session started ===
2026-08-15 08:33:31 | Full schedule: warmup=1000, total=12000, currently at step=1000 (8.3% through decay)
2026-08-15 08:33:39 | Step 1005/6000 | Loss: 3.3734 | LR: 4.999997e-04
2026-08-15 08:33:42 |   >> Validation Loss: 3.3372
2026-08-15 08:33:42 |   --> Seen Generation @ step 1005:
Input: Translate to Vietnamese: Sorry, that question's not on here.
Output: Được rồi, điều đó không phải ở đây.
--------------------------------------------------
2026-08-15 08:33:42 | Saving checkpoint to ./checkpoints\step_1005...
2026-08-15 08:33:42 | Checkpoint saved successfully!

2026-08-15 08:33:42 | Deleted old checkpoint: ./checkpoints\step_995
2026-08-15 08:33:49 | Step 1010/6000 | Loss: 3.3555 | LR: 4.999990e-04
2026-08-15 08:33:53 |   >> Validation Loss: 3.3321
2026-08-15 08:33:53 |   --> Seen Generation @ step 1010:
Input: Translate to Vietnamese: Sorry, that question's not on here.
Output: Được rồi, điều đó không phải là không ở đây.
--------------------------------------------------
2026-08-15 08:33:53 | Saving checkpoint to ./checkpoints\step_1010...
2026-08-15 08:33:53 | Checkpoint saved successfully!

2026-08-15 08:33:53 | Deleted old checkpoint: ./checkpoints\step_1000
2026-08-15 08:34:00 | Step 1015/6000 | Loss: 3.4323 | LR: 4.999977e-04
2026-08-15 08:34:03 |   >> Validation Loss: 3.3200
2026-08-15 08:34:03 |   --> Seen Generation @ step 1015:
Input: Translate to Vietnamese: Sorry, that question's not on here.
Output: Đúng, điều đó không phải là không phải ở đây.
--------------------------------------------------
2026-08-15 08:34:03 | Saving checkpoint to ./checkpoints\step_1015...
2026-08-15 08:34:03 | Checkpoint saved successfully!

2026-08-15 08:34:03 | Deleted old checkpoint: ./checkpoints\step_1005
2026-08-15 08:34:10 | Step 1020/6000 | Loss: 3.4391 | LR: 4.999959e-04
2026-08-15 08:34:13 |   >> Validation Loss: 3.3142
2026-08-15 08:34:13 |   --> Seen Generation @ step 1020:
Input: Translate to Vietnamese: Sorry, that question's not on here.
Output: Đừng nói về chuyện đó, nó không phải ở đây.
--------------------------------------------------
2026-08-15 08:34:13 | Saving checkpoint to ./checkpoints\step_1020...
2026-08-15 08:34:13 | Checkpoint saved successfully!

2026-08-15 08:34:13 | Deleted old checkpoint: ./checkpoints\step_1010
2026-08-15 08:34:20 | Step 1025/6000 | Loss: 3.4000 | LR: 4.999936e-04
2026-08-15 08:34:24 |   >> Validation Loss: 3.3108
2026-08-15 08:34:24 |   --> Seen Generation @ step 1025:
Input: Translate to Vietnamese: Sorry, that question's not on here.
Output: Đừng nói, điều đó là không phải ở đây.
--------------------------------------------------
2026-08-15 08:34:24 | Saving checkpoint to ./checkpoints\step_1025...
2026-08-15 08:34:24 | Checkpoint saved successfully!

2026-08-15 08:34:24 | Deleted old checkpoint: ./checkpoints\step_1015
2026-08-15 08:34:31 | Step 1030/6000 | Loss: 3.3742 | LR: 4.999908e-04
2026-08-15 08:34:34 |   >> Validation Loss: 3.3032
2026-08-15 08:34:34 |   --> Seen Generation @ step 1030:
Input: Translate to Vietnamese: Sorry, that question's not on here.
Output: Đừng nói, điều đó không phải ở đây.
--------------------------------------------------
2026-08-15 08:34:34 | Saving checkpoint to ./checkpoints\step_1030...
2026-08-15 08:34:34 | Checkpoint saved successfully!

2026-08-15 08:34:34 | Deleted old checkpoint: ./checkpoints\step_1020
2026-08-15 08:34:41 | Step 1035/6000 | Loss: 3.3739 | LR: 4.999875e-04
2026-08-15 08:34:44 |   >> Validation Loss: 3.2934
2026-08-15 08:34:44 |   --> Seen Generation @ step 1035:
Input: Translate to Vietnamese: Sorry, that question's not on here.
Output: Đừng nói, điều đó là điều đó không phải ở đây.
--------------------------------------------------
2026-08-15 08:34:44 | Saving checkpoint to ./checkpoints\step_1035...
2026-08-15 08:34:44 | Checkpoint saved successfully!

2026-08-15 08:34:44 | Deleted old checkpoint: ./checkpoints\step_1025
2026-08-15 08:34:51 | Step 1040/6000 | Loss: 3.4641 | LR: 4.999837e-04
2026-08-15 08:34:55 |   >> Validation Loss: 3.2907
2026-08-15 08:34:55 |   --> Seen Generation @ step 1040:
Input: Translate to Vietnamese: Sorry, that question's not on here.
Output: Được rồi, điều đó không có gì ở đây.
--------------------------------------------------
2026-08-15 08:34:55 | Saving checkpoint to ./checkpoints\step_1040...
2026-08-15 08:34:55 | Checkpoint saved successfully!

2026-08-15 08:34:55 | Deleted old checkpoint: ./checkpoints\step_1030
2026-08-15 08:35:02 | Step 1045/6000 | Loss: 3.4187 | LR: 4.999794e-04
2026-08-15 08:35:05 |   >> Validation Loss: 3.2817
2026-08-15 08:35:05 |   --> Seen Generation @ step 1045:
Input: Translate to Vietnamese: Sorry, that question's not on here.
Output: Được rồi, điều đó không phải là điều đó.
--------------------------------------------------
2026-08-15 08:35:05 | Saving checkpoint to ./checkpoints\step_1045...
2026-08-15 08:35:05 | Checkpoint saved successfully!

2026-08-15 08:35:05 | Deleted old checkpoint: ./checkpoints\step_1035
2026-08-15 08:35:12 | Step 1050/6000 | Loss: 3.3183 | LR: 4.999745e-04
2026-08-15 08:35:15 |   >> Validation Loss: 3.2739
2026-08-15 08:35:15 |   --> Seen Generation @ step 1050:
Input: Translate to Vietnamese: Sorry, that question's not on here.
Output: Được rồi, điều đó không phải là điều đó.
--------------------------------------------------
2026-08-15 08:35:15 | Saving checkpoint to ./checkpoints\step_1050...
2026-08-15 08:35:15 | Checkpoint saved successfully!

2026-08-15 08:35:16 | Deleted old checkpoint: ./checkpoints\step_1040
2026-08-15 08:35:23 | Step 1055/6000 | Loss: 3.2886 | LR: 4.999692e-04
2026-08-15 08:35:26 |   >> Validation Loss: 3.2725
2026-08-15 08:35:26 |   --> Seen Generation @ step 1055:
Input: Translate to Vietnamese: Sorry, that question's not on here.
Output: Đừng nói về chuyện đó không xảy ra ở đây.
--------------------------------------------------
2026-08-15 08:35:26 | Saving checkpoint to ./checkpoints\step_1055...
2026-08-15 08:35:26 | Checkpoint saved successfully!

2026-08-15 08:35:26 | Deleted old checkpoint: ./checkpoints\step_1045
2026-08-15 08:35:33 | Step 1060/6000 | Loss: 3.3796 | LR: 4.999633e-04
2026-08-15 08:35:36 |   >> Validation Loss: 3.2618
2026-08-15 08:35:36 |   --> Seen Generation @ step 1060:
Input: Translate to Vietnamese: Sorry, that question's not on here.
Output: Để tôi nói về chuyện đó, điều đó không phải ở đây.
--------------------------------------------------
2026-08-15 08:35:36 | Saving checkpoint to ./checkpoints\step_1060...
2026-08-15 08:35:36 | Checkpoint saved successfully!

2026-08-15 08:35:36 | Deleted old checkpoint: ./checkpoints\step_1050
2026-08-15 08:35:43 | Step 1065/6000 | Loss: 3.3108 | LR: 4.999569e-04
2026-08-15 08:35:46 |   >> Validation Loss: 3.2552
2026-08-15 08:35:46 |   --> Seen Generation @ step 1065:
Input: Translate to Vietnamese: Sorry, that question's not on here.
Output: Để tôi nói về đây, điều này không có ở đây.
--------------------------------------------------
2026-08-15 08:35:46 | Saving checkpoint to ./checkpoints\step_1065...
2026-08-15 08:35:47 | Checkpoint saved successfully!

2026-08-15 08:35:47 | Deleted old checkpoint: ./checkpoints\step_1055
2026-08-15 08:35:54 | Step 1070/6000 | Loss: 3.2718 | LR: 4.999500e-04
2026-08-15 08:35:57 |   >> Validation Loss: 3.2517
2026-08-15 08:35:57 |   --> Seen Generation @ step 1070:
Input: Translate to Vietnamese: Sorry, that question's not on here.
Output: Được rồi, điều đó không có gì ở đây.
--------------------------------------------------
2026-08-15 08:35:57 | Saving checkpoint to ./checkpoints\step_1070...
2026-08-15 08:35:57 | Checkpoint saved successfully!

2026-08-15 08:35:57 | Deleted old checkpoint: ./checkpoints\step_1060
2026-08-15 08:36:04 | Step 1075/6000 | Loss: 3.2276 | LR: 4.999427e-04
2026-08-15 08:36:07 |   >> Validation Loss: 3.2461
2026-08-15 08:36:07 |   --> Seen Generation @ step 1075:
Input: Translate to Vietnamese: Sorry, that question's not on here.
Output: Được rồi, điều đó không phải ở đây.
--------------------------------------------------
2026-08-15 08:36:07 | Saving checkpoint to ./checkpoints\step_1075...
2026-08-15 08:36:07 | Checkpoint saved successfully!

2026-08-15 08:36:07 | Deleted old checkpoint: ./checkpoints\step_1065
2026-08-15 08:36:14 | Step 1080/6000 | Loss: 3.3344 | LR: 4.999347e-04
2026-08-15 08:36:17 |   >> Validation Loss: 3.2352
2026-08-15 08:36:18 |   --> Seen Generation @ step 1080:
Input: Translate to Vietnamese: Sorry, that question's not on here.
Output: Đừng nói, điều đó không phải là ở đây.
--------------------------------------------------
2026-08-15 08:36:18 | Saving checkpoint to ./checkpoints\step_1080...
2026-08-15 08:36:18 | Checkpoint saved successfully!

2026-08-15 08:36:18 | Deleted old checkpoint: ./checkpoints\step_1070
2026-08-15 08:36:25 | Step 1085/6000 | Loss: 3.2181 | LR: 4.999263e-04
2026-08-15 08:36:28 |   >> Validation Loss: 3.2290
2026-08-15 08:36:28 |   --> Seen Generation @ step 1085:
Input: Translate to Vietnamese: Sorry, that question's not on here.
Output: Để nói chuyện đó không phải ở đây.
--------------------------------------------------
2026-08-15 08:36:28 | Saving checkpoint to ./checkpoints\step_1085...
2026-08-15 08:36:28 | Checkpoint saved successfully!

2026-08-15 08:36:28 | Deleted old checkpoint: ./checkpoints\step_1075
2026-08-15 08:36:35 | Step 1090/6000 | Loss: 3.2347 | LR: 4.999174e-04
2026-08-15 08:36:38 |   >> Validation Loss: 3.2203
2026-08-15 08:36:38 |   --> Seen Generation @ step 1090:
Input: Translate to Vietnamese: Sorry, that question's not on here.
Output: Được rồi, điều đó không phải ở đây.
--------------------------------------------------
2026-08-15 08:36:38 | Saving checkpoint to ./checkpoints\step_1090...
2026-08-15 08:36:38 | Checkpoint saved successfully!

2026-08-15 08:36:38 | Deleted old checkpoint: ./checkpoints\step_1080
2026-08-15 08:36:45 | Step 1095/6000 | Loss: 3.3080 | LR: 4.999080e-04
2026-08-15 08:36:48 |   >> Validation Loss: 3.2214
2026-08-15 08:36:48 |   --> Seen Generation @ step 1095:
Input: Translate to Vietnamese: Sorry, that question's not on here.
Output: Được rồi, điều đó không phải là ở đây.
--------------------------------------------------
2026-08-15 08:36:48 | Saving checkpoint to ./checkpoints\step_1095...
2026-08-15 08:36:49 | Checkpoint saved successfully!

2026-08-15 08:36:49 | Deleted old checkpoint: ./checkpoints\step_1085
2026-08-15 08:36:55 | Step 1100/6000 | Loss: 3.1873 | LR: 4.998980e-04
2026-08-15 08:36:59 |   >> Validation Loss: 3.2124
2026-08-15 08:36:59 |   --> Seen Generation @ step 1100:
Input: Translate to Vietnamese: Sorry, that question's not on here.
Output: Được rồi, điều đó không phải là ở đây.
--------------------------------------------------
2026-08-15 08:36:59 | Saving checkpoint to ./checkpoints\step_1100...
2026-08-15 08:36:59 | Checkpoint saved successfully!

2026-08-15 08:36:59 | Deleted old checkpoint: ./checkpoints\step_1090
2026-08-15 08:37:06 | Step 1105/6000 | Loss: 3.2478 | LR: 4.998876e-04
2026-08-15 08:37:09 |   >> Validation Loss: 3.2109
2026-08-15 08:37:09 |   --> Seen Generation @ step 1105:
Input: Translate to Vietnamese: Sorry, that question's not on here.
Output: Được rồi, đó không phải là chuyện đó.
--------------------------------------------------
2026-08-15 08:37:09 | Saving checkpoint to ./checkpoints\step_1105...
2026-08-15 08:37:09 | Checkpoint saved successfully!

2026-08-15 08:37:09 | Deleted old checkpoint: ./checkpoints\step_1095
2026-08-15 08:37:16 | Step 1110/6000 | Loss: 3.2543 | LR: 4.998766e-04
2026-08-15 08:37:19 |   >> Validation Loss: 3.1994
2026-08-15 08:37:19 |   --> Seen Generation @ step 1110:
Input: Translate to Vietnamese: Sorry, that question's not on here.
Output: Được rồi, đó không phải là chuyện đó.
--------------------------------------------------
2026-08-15 08:37:19 | Saving checkpoint to ./checkpoints\step_1110...
2026-08-15 08:37:19 | Checkpoint saved successfully!

2026-08-15 08:37:19 | Deleted old checkpoint: ./checkpoints\step_1100
2026-08-15 08:37:26 | Step 1115/6000 | Loss: 3.2767 | LR: 4.998652e-04
2026-08-15 08:37:30 |   >> Validation Loss: 3.1869
2026-08-15 08:37:30 |   --> Seen Generation @ step 1115:
Input: Translate to Vietnamese: Sorry, that question's not on here.
Output: Được rồi, chuyện đó không phải là ở đây.
--------------------------------------------------
2026-08-15 08:37:30 | Saving checkpoint to ./checkpoints\step_1115...
2026-08-15 08:37:30 | Checkpoint saved successfully!

2026-08-15 08:37:30 | Deleted old checkpoint: ./checkpoints\step_1105
2026-08-15 08:37:37 | Step 1120/6000 | Loss: 3.1614 | LR: 4.998532e-04
2026-08-15 08:37:40 |   >> Validation Loss: 3.1822
2026-08-15 08:37:40 |   --> Seen Generation @ step 1120:
Input: Translate to Vietnamese: Sorry, that question's not on here.
Output: Được rồi, chuyện đó không có ở đây.
--------------------------------------------------
2026-08-15 08:37:40 | Saving checkpoint to ./checkpoints\step_1120...
2026-08-15 08:37:40 | Checkpoint saved successfully!

2026-08-15 08:37:40 | Deleted old checkpoint: ./checkpoints\step_1110
2026-08-15 08:37:47 | Step 1125/6000 | Loss: 3.2228 | LR: 4.998407e-04
2026-08-15 08:37:50 |   >> Validation Loss: 3.1766
2026-08-15 08:37:50 |   --> Seen Generation @ step 1125:
Input: Translate to Vietnamese: Sorry, that question's not on here.
Output: Đừng nói về chuyện đó, đó không phải ở đây.
--------------------------------------------------
2026-08-15 08:37:50 | Saving checkpoint to ./checkpoints\step_1125...
2026-08-15 08:37:50 | Checkpoint saved successfully!

2026-08-15 08:37:50 | Deleted old checkpoint: ./checkpoints\step_1115
2026-08-15 08:37:57 | Step 1130/6000 | Loss: 3.1869 | LR: 4.998277e-04
2026-08-15 08:38:01 |   >> Validation Loss: 3.1786
2026-08-15 08:38:01 |   --> Seen Generation @ step 1130:
Input: Translate to Vietnamese: Sorry, that question's not on here.
Output: Được rồi, chuyện này không có ở đây.
--------------------------------------------------
2026-08-15 08:38:01 | Saving checkpoint to ./checkpoints\step_1130...
2026-08-15 08:38:01 | Checkpoint saved successfully!

2026-08-15 08:38:01 | Deleted old checkpoint: ./checkpoints\step_1120
2026-08-15 08:38:08 | Step 1135/6000 | Loss: 3.1893 | LR: 4.998142e-04
2026-08-15 08:38:11 |   >> Validation Loss: 3.1654
2026-08-15 08:38:11 |   --> Seen Generation @ step 1135:
Input: Translate to Vietnamese: Sorry, that question's not on here.
Output: Được rồi, chuyện này không phải ở đây.
--------------------------------------------------
2026-08-15 08:38:11 | Saving checkpoint to ./checkpoints\step_1135...
2026-08-15 08:38:11 | Checkpoint saved successfully!

2026-08-15 08:38:11 | Deleted old checkpoint: ./checkpoints\step_1125
2026-08-15 08:38:18 | Step 1140/6000 | Loss: 3.2041 | LR: 4.998002e-04
2026-08-15 08:38:21 |   >> Validation Loss: 3.1601
2026-08-15 08:38:21 |   --> Seen Generation @ step 1140:
Input: Translate to Vietnamese: Sorry, that question's not on here.
Output: Xin lỗi, đó không phải ở đây.
--------------------------------------------------
2026-08-15 08:38:21 | Saving checkpoint to ./checkpoints\step_1140...
2026-08-15 08:38:21 | Checkpoint saved successfully!

2026-08-15 08:38:21 | Deleted old checkpoint: ./checkpoints\step_1130
2026-08-15 08:38:28 | Step 1145/6000 | Loss: 3.1583 | LR: 4.997857e-04
2026-08-15 08:38:32 |   >> Validation Loss: 3.1564
2026-08-15 08:38:32 |   --> Seen Generation @ step 1145:
Input: Translate to Vietnamese: Sorry, that question's not on here.
Output: Được rồi, điều đó không có gì ở đây.
--------------------------------------------------
2026-08-15 08:38:32 | Saving checkpoint to ./checkpoints\step_1145...
2026-08-15 08:38:32 | Checkpoint saved successfully!

2026-08-15 08:38:32 | Deleted old checkpoint: ./checkpoints\step_1135
2026-08-15 08:38:39 | Step 1150/6000 | Loss: 3.1840 | LR: 4.997706e-04
2026-08-15 08:38:42 |   >> Validation Loss: 3.1495
2026-08-15 08:38:42 |   --> Seen Generation @ step 1150:
Input: Translate to Vietnamese: Sorry, that question's not on here.
Output: Được rồi, chuyện đó không có gì ở đây.
--------------------------------------------------
2026-08-15 08:38:42 | Saving checkpoint to ./checkpoints\step_1150...
2026-08-15 08:38:42 | Checkpoint saved successfully!

2026-08-15 08:38:42 | Deleted old checkpoint: ./checkpoints\step_1140
2026-08-15 08:38:49 | Step 1155/6000 | Loss: 3.1769 | LR: 4.997551e-04
2026-08-15 08:38:52 |   >> Validation Loss: 3.1452
2026-08-15 08:38:52 |   --> Seen Generation @ step 1155:
Input: Translate to Vietnamese: Sorry, that question's not on here.
Output: Được rồi, điều đó không có gì ở đây.
--------------------------------------------------
2026-08-15 08:38:52 | Saving checkpoint to ./checkpoints\step_1155...
2026-08-15 08:38:52 | Checkpoint saved successfully!

2026-08-15 08:38:52 | Deleted old checkpoint: ./checkpoints\step_1145
2026-08-15 08:39:00 | Step 1160/6000 | Loss: 3.1914 | LR: 4.997390e-04
2026-08-15 08:39:03 |   >> Validation Loss: 3.1436
2026-08-15 08:39:03 |   --> Seen Generation @ step 1160:
Input: Translate to Vietnamese: Sorry, that question's not on here.
Output: Được rồi, đó không phải là tại sao.
--------------------------------------------------
2026-08-15 08:39:03 | Saving checkpoint to ./checkpoints\step_1160...
2026-08-15 08:39:03 | Checkpoint saved successfully!

2026-08-15 08:39:03 | Deleted old checkpoint: ./checkpoints\step_1150
2026-08-15 08:39:10 | Step 1165/6000 | Loss: 3.1262 | LR: 4.997225e-04
2026-08-15 08:39:13 |   >> Validation Loss: 3.1410
2026-08-15 08:39:13 |   --> Seen Generation @ step 1165:
Input: Translate to Vietnamese: Sorry, that question's not on here.
Output: Được rồi, điều đó không phải là ở đây.
--------------------------------------------------
2026-08-15 08:39:13 | Saving checkpoint to ./checkpoints\step_1165...
2026-08-15 08:39:13 | Checkpoint saved successfully!

2026-08-15 08:39:13 | Deleted old checkpoint: ./checkpoints\step_1155
2026-08-15 08:39:20 | Step 1170/6000 | Loss: 3.2230 | LR: 4.997054e-04
2026-08-15 08:39:23 |   >> Validation Loss: 3.1302
2026-08-15 08:39:24 |   --> Seen Generation @ step 1170:
Input: Translate to Vietnamese: Sorry, that question's not on here.
Output: Được rồi, điều đó không phải là câu hỏi.
--------------------------------------------------
2026-08-15 08:39:24 | Saving checkpoint to ./checkpoints\step_1170...
2026-08-15 08:39:24 | Checkpoint saved successfully!

2026-08-15 08:39:24 | Deleted old checkpoint: ./checkpoints\step_1160
2026-08-15 08:39:31 | Step 1175/6000 | Loss: 3.1674 | LR: 4.996878e-04
2026-08-15 08:39:34 |   >> Validation Loss: 3.1246
2026-08-15 08:39:34 |   --> Seen Generation @ step 1175:
Input: Translate to Vietnamese: Sorry, that question's not on here.
Output: Để tôi không phải là câu hỏi.
--------------------------------------------------
2026-08-15 08:39:34 | Saving checkpoint to ./checkpoints\step_1175...
2026-08-15 08:39:34 | Checkpoint saved successfully!

2026-08-15 08:39:34 | Deleted old checkpoint: ./checkpoints\step_1165
2026-08-15 08:39:41 | Step 1180/6000 | Loss: 3.2333 | LR: 4.996697e-04
2026-08-15 08:39:44 |   >> Validation Loss: 3.1154
2026-08-15 08:39:44 |   --> Seen Generation @ step 1180:
Input: Translate to Vietnamese: Sorry, that question's not on here.
Output: Được rồi, điều đó không phải ở đây.
--------------------------------------------------
2026-08-15 08:39:44 | Saving checkpoint to ./checkpoints\step_1180...
2026-08-15 08:39:44 | Checkpoint saved successfully!

2026-08-15 08:39:44 | Deleted old checkpoint: ./checkpoints\step_1170
2026-08-15 08:39:51 | Step 1185/6000 | Loss: 3.2108 | LR: 4.996511e-04
2026-08-15 08:39:55 |   >> Validation Loss: 3.1096
2026-08-15 08:39:55 |   --> Seen Generation @ step 1185:
Input: Translate to Vietnamese: Sorry, that question's not on here.
Output: Được rồi, chuyện này không phải là chuyện ở đây.
--------------------------------------------------
2026-08-15 08:39:55 | Saving checkpoint to ./checkpoints\step_1185...
2026-08-15 08:39:55 | Checkpoint saved successfully!

2026-08-15 08:39:55 | Deleted old checkpoint: ./checkpoints\step_1175
2026-08-15 08:40:02 | Step 1190/6000 | Loss: 3.2236 | LR: 4.996320e-04
2026-08-15 08:40:05 |   >> Validation Loss: 3.1011
2026-08-15 08:40:05 |   --> Seen Generation @ step 1190:
Input: Translate to Vietnamese: Sorry, that question's not on here.
Output: Được rồi, chuyện này không phải là chuyện ở đây.
--------------------------------------------------
2026-08-15 08:40:05 | Saving checkpoint to ./checkpoints\step_1190...
2026-08-15 08:40:05 | Checkpoint saved successfully!

2026-08-15 08:40:05 | Deleted old checkpoint: ./checkpoints\step_1180
2026-08-15 08:40:12 | Step 1195/6000 | Loss: 3.1831 | LR: 4.996124e-04
2026-08-15 08:40:15 |   >> Validation Loss: 3.0983
2026-08-15 08:40:15 |   --> Seen Generation @ step 1195:
Input: Translate to Vietnamese: Sorry, that question's not on here.
Output: Được rồi, chuyện đó không phải là chuyện gì.
--------------------------------------------------
2026-08-15 08:40:15 | Saving checkpoint to ./checkpoints\step_1195...
2026-08-15 08:40:16 | Checkpoint saved successfully!

2026-08-15 08:40:16 | Deleted old checkpoint: ./checkpoints\step_1185
2026-08-15 08:40:23 | Step 1200/6000 | Loss: 3.0968 | LR: 4.995923e-04
2026-08-15 08:40:26 |   >> Validation Loss: 3.0985
2026-08-15 08:40:26 |   --> Seen Generation @ step 1200:
Input: Translate to Vietnamese: Sorry, that question's not on here.
Output: Được rồi, chuyện này không phải là ở đây.
--------------------------------------------------
2026-08-15 08:40:26 | Saving checkpoint to ./checkpoints\step_1200...
2026-08-15 08:40:26 | Checkpoint saved successfully!

2026-08-15 08:40:26 | Deleted old checkpoint: ./checkpoints\step_1190
2026-08-15 08:40:33 | Step 1205/6000 | Loss: 3.1557 | LR: 4.995716e-04
2026-08-15 08:40:36 |   >> Validation Loss: 3.0894
2026-08-15 08:40:36 |   --> Seen Generation @ step 1205:
Input: Translate to Vietnamese: Sorry, that question's not on here.
Output: Đừng nói chuyện này, điều đó không có chuyện gì.
--------------------------------------------------
2026-08-15 08:40:36 | Saving checkpoint to ./checkpoints\step_1205...
2026-08-15 08:40:36 | Checkpoint saved successfully!

2026-08-15 08:40:36 | Deleted old checkpoint: ./checkpoints\step_1195
2026-08-15 08:40:43 | Step 1210/6000 | Loss: 3.0971 | LR: 4.995505e-04
2026-08-15 08:40:46 |   >> Validation Loss: 3.0894
2026-08-15 08:40:46 |   --> Seen Generation @ step 1210:
Input: Translate to Vietnamese: Sorry, that question's not on here.
Output: Được rồi, chuyện này không có gì ở đây.
--------------------------------------------------
2026-08-15 08:40:46 | Saving checkpoint to ./checkpoints\step_1210...
2026-08-15 08:40:47 | Checkpoint saved successfully!

2026-08-15 08:40:47 | Deleted old checkpoint: ./checkpoints\step_1200
2026-08-15 08:40:53 | Step 1215/6000 | Loss: 3.1714 | LR: 4.995288e-04
2026-08-15 08:40:57 |   >> Validation Loss: 3.0822
2026-08-15 08:40:57 |   --> Seen Generation @ step 1215:
Input: Translate to Vietnamese: Sorry, that question's not on here.
Output: Xin lỗi, chuyện này không có gì ở đây.
--------------------------------------------------
2026-08-15 08:40:57 | Saving checkpoint to ./checkpoints\step_1215...
2026-08-15 08:40:57 | Checkpoint saved successfully!

2026-08-15 08:40:57 | Deleted old checkpoint: ./checkpoints\step_1205
2026-08-15 08:41:04 | Step 1220/6000 | Loss: 3.1056 | LR: 4.995067e-04
2026-08-15 08:41:07 |   >> Validation Loss: 3.0741
2026-08-15 08:41:07 |   --> Seen Generation @ step 1220:
Input: Translate to Vietnamese: Sorry, that question's not on here.
Output: Được rồi, chuyện này không có chuyện gì ở đây.
--------------------------------------------------
2026-08-15 08:41:07 | Saving checkpoint to ./checkpoints\step_1220...
2026-08-15 08:41:07 | Checkpoint saved successfully!

2026-08-15 08:41:07 | Deleted old checkpoint: ./checkpoints\step_1210
2026-08-15 08:41:14 | Step 1225/6000 | Loss: 3.0606 | LR: 4.994840e-04
2026-08-15 08:41:17 |   >> Validation Loss: 3.0731
2026-08-15 08:41:17 |   --> Seen Generation @ step 1225:
Input: Translate to Vietnamese: Sorry, that question's not on here.
Output: Xin lỗi, điều đó không có chuyện gì.
--------------------------------------------------
2026-08-15 08:41:17 | Saving checkpoint to ./checkpoints\step_1225...
2026-08-15 08:41:18 | Checkpoint saved successfully!

2026-08-15 08:41:18 | Deleted old checkpoint: ./checkpoints\step_1215
2026-08-15 08:41:25 | Step 1230/6000 | Loss: 3.1907 | LR: 4.994608e-04
2026-08-15 08:41:28 |   >> Validation Loss: 3.0660
2026-08-15 08:41:28 |   --> Seen Generation @ step 1230:
Input: Translate to Vietnamese: Sorry, that question's not on here.
Output: Xin lỗi, chuyện này không phải là gì.
--------------------------------------------------
2026-08-15 08:41:28 | Saving checkpoint to ./checkpoints\step_1230...
2026-08-15 08:41:28 | Checkpoint saved successfully!

2026-08-15 08:41:28 | Deleted old checkpoint: ./checkpoints\step_1220
2026-08-15 08:41:35 | Step 1235/6000 | Loss: 3.0629 | LR: 4.994371e-04
2026-08-15 08:41:38 |   >> Validation Loss: 3.0570
2026-08-15 08:41:38 |   --> Seen Generation @ step 1235:
Input: Translate to Vietnamese: Sorry, that question's not on here.
Output: Được rồi, chuyện này không phải là ý tôi.
--------------------------------------------------
2026-08-15 08:41:38 | Saving checkpoint to ./checkpoints\step_1235...
2026-08-15 08:41:38 | Checkpoint saved successfully!

2026-08-15 08:41:38 | Deleted old checkpoint: ./checkpoints\step_1225
2026-08-15 08:41:45 | Step 1240/6000 | Loss: 2.9593 | LR: 4.994129e-04
2026-08-15 08:41:48 |   >> Validation Loss: 3.0578
2026-08-15 08:41:49 |   --> Seen Generation @ step 1240:
Input: Translate to Vietnamese: Sorry, that question's not on here.
Output: Được rồi, chuyện này không phải là gì ở đây.
--------------------------------------------------
2026-08-15 08:41:49 | Saving checkpoint to ./checkpoints\step_1240...
2026-08-15 08:41:49 | Checkpoint saved successfully!

2026-08-15 08:41:49 | Deleted old checkpoint: ./checkpoints\step_1230
2026-08-15 08:41:56 | Step 1245/6000 | Loss: 3.1329 | LR: 4.993882e-04
2026-08-15 08:41:59 |   >> Validation Loss: 3.0519
2026-08-15 08:41:59 |   --> Seen Generation @ step 1245:
Input: Translate to Vietnamese: Sorry, that question's not on here.
Output: Được rồi, câu hỏi là câu chuyện này.
--------------------------------------------------
2026-08-15 08:41:59 | Saving checkpoint to ./checkpoints\step_1245...
2026-08-15 08:41:59 | Checkpoint saved successfully!

2026-08-15 08:41:59 | Deleted old checkpoint: ./checkpoints\step_1235
2026-08-15 08:42:06 | Step 1250/6000 | Loss: 3.1825 | LR: 4.993630e-04
2026-08-15 08:42:09 |   >> Validation Loss: 3.0455
2026-08-15 08:42:09 |   --> Seen Generation @ step 1250:
Input: Translate to Vietnamese: Sorry, that question's not on here.
Output: Xin lỗi, điều đó không có gì ở đây.
--------------------------------------------------
2026-08-15 08:42:09 | Saving checkpoint to ./checkpoints\step_1250...
2026-08-15 08:42:09 | Checkpoint saved successfully!

2026-08-15 08:42:09 | Deleted old checkpoint: ./checkpoints\step_1240
2026-08-15 08:42:17 | Step 1255/6000 | Loss: 3.0822 | LR: 4.993373e-04
2026-08-15 08:42:20 |   >> Validation Loss: 3.0432
2026-08-15 08:42:20 |   --> Seen Generation @ step 1255:
Input: Translate to Vietnamese: Sorry, that question's not on here.
Output: Xin lỗi, điều đó không có ở đây.
--------------------------------------------------
2026-08-15 08:42:20 | Saving checkpoint to ./checkpoints\step_1255...
2026-08-15 08:42:20 | Checkpoint saved successfully!

2026-08-15 08:42:20 | Deleted old checkpoint: ./checkpoints\step_1245
2026-08-15 08:42:27 | Step 1260/6000 | Loss: 3.1885 | LR: 4.993111e-04
2026-08-15 08:42:30 |   >> Validation Loss: 3.0380
2026-08-15 08:42:30 |   --> Seen Generation @ step 1260:
Input: Translate to Vietnamese: Sorry, that question's not on here.
Output: Được rồi, điều đó không có gì ở đây.
--------------------------------------------------
2026-08-15 08:42:30 | Saving checkpoint to ./checkpoints\step_1260...
2026-08-15 08:42:30 | Checkpoint saved successfully!

2026-08-15 08:42:30 | Deleted old checkpoint: ./checkpoints\step_1250
2026-08-15 08:42:37 | Step 1265/6000 | Loss: 3.0596 | LR: 4.992843e-04
2026-08-15 08:42:41 |   >> Validation Loss: 3.0306
2026-08-15 08:42:41 |   --> Seen Generation @ step 1265:
Input: Translate to Vietnamese: Sorry, that question's not on here.
Output: Xin lỗi, điều đó không có ý nghĩa gì.
--------------------------------------------------
2026-08-15 08:42:41 | Saving checkpoint to ./checkpoints\step_1265...
2026-08-15 08:42:41 | Checkpoint saved successfully!

2026-08-15 08:42:41 | Deleted old checkpoint: ./checkpoints\step_1255
2026-08-15 08:42:48 | Step 1270/6000 | Loss: 3.0855 | LR: 4.992571e-04
2026-08-15 08:42:51 |   >> Validation Loss: 3.0236
2026-08-15 08:42:51 |   --> Seen Generation @ step 1270:
Input: Translate to Vietnamese: Sorry, that question's not on here.
Output: Xin lỗi, điều đó không phải ở đây.
--------------------------------------------------
2026-08-15 08:42:51 | Saving checkpoint to ./checkpoints\step_1270...
2026-08-15 08:42:51 | Checkpoint saved successfully!

2026-08-15 08:42:51 | Deleted old checkpoint: ./checkpoints\step_1260
2026-08-15 08:42:58 | Step 1275/6000 | Loss: 3.1154 | LR: 4.992293e-04
2026-08-15 08:43:01 |   >> Validation Loss: 3.0250
2026-08-15 08:43:01 |   --> Seen Generation @ step 1275:
Input: Translate to Vietnamese: Sorry, that question's not on here.
Output: Xin lỗi, điều đó không có ý gì ở đây.
--------------------------------------------------
2026-08-15 08:43:01 | Saving checkpoint to ./checkpoints\step_1275...
2026-08-15 08:43:02 | Checkpoint saved successfully!

2026-08-15 08:43:02 | Deleted old checkpoint: ./checkpoints\step_1265
2026-08-15 08:43:09 | Step 1280/6000 | Loss: 3.0337 | LR: 4.992011e-04
2026-08-15 08:43:12 |   >> Validation Loss: 3.0159
2026-08-15 08:43:12 |   --> Seen Generation @ step 1280:
Input: Translate to Vietnamese: Sorry, that question's not on here.
Output: Xin lỗi, điều đó không có ý nghĩa gì.
--------------------------------------------------
2026-08-15 08:43:12 | Saving checkpoint to ./checkpoints\step_1280...
2026-08-15 08:43:12 | Checkpoint saved successfully!

2026-08-15 08:43:12 | Deleted old checkpoint: ./checkpoints\step_1270
2026-08-15 08:43:19 | Step 1285/6000 | Loss: 3.0879 | LR: 4.991723e-04
2026-08-15 08:43:22 |   >> Validation Loss: 3.0130
2026-08-15 08:43:22 |   --> Seen Generation @ step 1285:
Input: Translate to Vietnamese: Sorry, that question's not on here.
Output: Được rồi, câu hỏi không phải ở đây.
--------------------------------------------------
2026-08-15 08:43:22 | Saving checkpoint to ./checkpoints\step_1285...
2026-08-15 08:43:22 | Checkpoint saved successfully!

2026-08-15 08:43:22 | Deleted old checkpoint: ./checkpoints\step_1275
2026-08-15 08:43:29 | Step 1290/6000 | Loss: 3.1108 | LR: 4.991430e-04
2026-08-15 08:43:32 |   >> Validation Loss: 3.0111
2026-08-15 08:43:32 |   --> Seen Generation @ step 1290:
Input: Translate to Vietnamese: Sorry, that question's not on here.
Output: Xin lỗi, câu hỏi là không có gì ở đây.
--------------------------------------------------
2026-08-15 08:43:32 | Saving checkpoint to ./checkpoints\step_1290...
2026-08-15 08:43:33 | Checkpoint saved successfully!

2026-08-15 08:43:33 | Deleted old checkpoint: ./checkpoints\step_1280
2026-08-15 08:43:40 | Step 1295/6000 | Loss: 3.0160 | LR: 4.991132e-04
2026-08-15 08:43:43 |   >> Validation Loss: 3.0113
2026-08-15 08:43:43 |   --> Seen Generation @ step 1295:
Input: Translate to Vietnamese: Sorry, that question's not on here.
Output: Xin lỗi, câu hỏi không có gì.
--------------------------------------------------
2026-08-15 08:43:43 | Saving checkpoint to ./checkpoints\step_1295...
2026-08-15 08:43:43 | Checkpoint saved successfully!

2026-08-15 08:43:43 | Deleted old checkpoint: ./checkpoints\step_1285
2026-08-15 08:43:50 | Step 1300/6000 | Loss: 2.9658 | LR: 4.990829e-04
2026-08-15 08:43:53 |   >> Validation Loss: 3.0110
2026-08-15 08:43:53 |   --> Seen Generation @ step 1300:
Input: Translate to Vietnamese: Sorry, that question's not on here.
Output: Xin lỗi, điều đó không phải ở đây.
--------------------------------------------------
2026-08-15 08:43:53 | Saving checkpoint to ./checkpoints\step_1300...
2026-08-15 08:43:53 | Checkpoint saved successfully!

2026-08-15 08:43:53 | Deleted old checkpoint: ./checkpoints\step_1290
2026-08-15 08:44:00 | Step 1305/6000 | Loss: 3.1222 | LR: 4.990521e-04
2026-08-15 08:44:04 |   >> Validation Loss: 3.0052
2026-08-15 08:44:04 |   --> Seen Generation @ step 1305:
Input: Translate to Vietnamese: Sorry, that question's not on here.
Output: Xin lỗi, chuyện đó không có ở đây.
--------------------------------------------------
2026-08-15 08:44:04 | Saving checkpoint to ./checkpoints\step_1305...
2026-08-15 08:44:04 | Checkpoint saved successfully!

2026-08-15 08:44:04 | Deleted old checkpoint: ./checkpoints\step_1295
2026-08-15 08:44:11 | Step 1310/6000 | Loss: 3.0934 | LR: 4.990208e-04
2026-08-15 08:44:14 |   >> Validation Loss: 3.0095
2026-08-15 08:44:14 |   --> Seen Generation @ step 1310:
Input: Translate to Vietnamese: Sorry, that question's not on here.
Output: Xin lỗi, chuyện đó không có gì.
--------------------------------------------------
2026-08-15 08:44:14 | Saving checkpoint to ./checkpoints\step_1310...
2026-08-15 08:44:14 | Checkpoint saved successfully!

2026-08-15 08:44:14 | Deleted old checkpoint: ./checkpoints\step_1300
2026-08-15 08:44:21 | Step 1315/6000 | Loss: 2.9959 | LR: 4.989890e-04
2026-08-15 08:44:24 |   >> Validation Loss: 2.9921
2026-08-15 08:44:24 |   --> Seen Generation @ step 1315:
Input: Translate to Vietnamese: Sorry, that question's not on here.
Output: Xin lỗi, câu hỏi không phải ở đây.
--------------------------------------------------
2026-08-15 08:44:24 | Saving checkpoint to ./checkpoints\step_1315...
2026-08-15 08:44:24 | Checkpoint saved successfully!

2026-08-15 08:44:24 | Deleted old checkpoint: ./checkpoints\step_1305
2026-08-15 08:44:31 | Step 1320/6000 | Loss: 3.0279 | LR: 4.989567e-04
2026-08-15 08:44:35 |   >> Validation Loss: 2.9870
2026-08-15 08:44:35 |   --> Seen Generation @ step 1320:
Input: Translate to Vietnamese: Sorry, that question's not on here.
Output: Xin lỗi, câu hỏi là không phải ở đây.
--------------------------------------------------
2026-08-15 08:44:35 | Saving checkpoint to ./checkpoints\step_1320...
2026-08-15 08:44:35 | Checkpoint saved successfully!

2026-08-15 08:44:35 | Deleted old checkpoint: ./checkpoints\step_1310
2026-08-15 08:44:42 | Step 1325/6000 | Loss: 3.0746 | LR: 4.989238e-04
2026-08-15 08:44:45 |   >> Validation Loss: 2.9806
2026-08-15 08:44:45 |   --> Seen Generation @ step 1325:
Input: Translate to Vietnamese: Sorry, that question's not on here.
Output: Xin lỗi, câu hỏi là không phải ở đây.
--------------------------------------------------
2026-08-15 08:44:45 | Saving checkpoint to ./checkpoints\step_1325...
2026-08-15 08:44:45 | Checkpoint saved successfully!

2026-08-15 08:44:45 | Deleted old checkpoint: ./checkpoints\step_1315
2026-08-15 08:44:52 | Step 1330/6000 | Loss: 3.0702 | LR: 4.988905e-04
2026-08-15 08:44:55 |   >> Validation Loss: 2.9774
2026-08-15 08:44:55 |   --> Seen Generation @ step 1330:
Input: Translate to Vietnamese: Sorry, that question's not on here.
Output: Xin lỗi, câu hỏi là không có gì.
--------------------------------------------------
2026-08-15 08:44:55 | Saving checkpoint to ./checkpoints\step_1330...
2026-08-15 08:44:55 | Checkpoint saved successfully!

2026-08-15 08:44:55 | Deleted old checkpoint: ./checkpoints\step_1320
2026-08-15 08:45:02 | Step 1335/6000 | Loss: 2.9613 | LR: 4.988566e-04
2026-08-15 08:45:06 |   >> Validation Loss: 2.9766
2026-08-15 08:45:06 |   --> Seen Generation @ step 1335:
Input: Translate to Vietnamese: Sorry, that question's not on here.
Output: Xin lỗi, điều đó không phải là gì.
--------------------------------------------------
2026-08-15 08:45:06 | Saving checkpoint to ./checkpoints\step_1335...
2026-08-15 08:45:06 | Checkpoint saved successfully!

2026-08-15 08:45:06 | Deleted old checkpoint: ./checkpoints\step_1325
2026-08-15 08:45:13 | Step 1340/6000 | Loss: 2.9390 | LR: 4.988223e-04
2026-08-15 08:45:16 |   >> Validation Loss: 2.9758
2026-08-15 08:45:16 |   --> Seen Generation @ step 1340:
Input: Translate to Vietnamese: Sorry, that question's not on here.
Output: Xin lỗi, điều đó không phải là về đây.
--------------------------------------------------
2026-08-15 08:45:16 | Saving checkpoint to ./checkpoints\step_1340...
2026-08-15 08:45:16 | Checkpoint saved successfully!

2026-08-15 08:45:16 | Deleted old checkpoint: ./checkpoints\step_1330
2026-08-15 08:45:23 | Step 1345/6000 | Loss: 2.9873 | LR: 4.987874e-04
2026-08-15 08:45:26 |   >> Validation Loss: 2.9795
2026-08-15 08:45:26 |   --> Seen Generation @ step 1345:
Input: Translate to Vietnamese: Sorry, that question's not on here.
Output: Xin lỗi, điều đó không phải ở đây.
--------------------------------------------------
2026-08-15 08:45:26 | Saving checkpoint to ./checkpoints\step_1345...
2026-08-15 08:45:27 | Checkpoint saved successfully!

2026-08-15 08:45:27 | Deleted old checkpoint: ./checkpoints\step_1335
2026-08-15 08:45:34 | Step 1350/6000 | Loss: 3.0152 | LR: 4.987520e-04
2026-08-15 08:45:37 |   >> Validation Loss: 2.9710
2026-08-15 08:45:37 |   --> Seen Generation @ step 1350:
Input: Translate to Vietnamese: Sorry, that question's not on here.
Output: Xin lỗi, điều đó không phải là về đây.
--------------------------------------------------
2026-08-15 08:45:37 | Saving checkpoint to ./checkpoints\step_1350...
2026-08-15 08:45:37 | Checkpoint saved successfully!

2026-08-15 08:45:37 | Deleted old checkpoint: ./checkpoints\step_1340
2026-08-15 08:45:44 | Step 1355/6000 | Loss: 2.9863 | LR: 4.987162e-04
2026-08-15 08:45:47 |   >> Validation Loss: 2.9679
2026-08-15 08:45:47 |   --> Seen Generation @ step 1355:
Input: Translate to Vietnamese: Sorry, that question's not on here.
Output: Xin lỗi, điều đó không phải là chuyện.
--------------------------------------------------
2026-08-15 08:45:47 | Saving checkpoint to ./checkpoints\step_1355...
2026-08-15 08:45:47 | Checkpoint saved successfully!

2026-08-15 08:45:47 | Deleted old checkpoint: ./checkpoints\step_1345
2026-08-15 08:45:54 | Step 1360/6000 | Loss: 3.0850 | LR: 4.986798e-04
2026-08-15 08:45:58 |   >> Validation Loss: 2.9597
2026-08-15 08:45:58 |   --> Seen Generation @ step 1360:
Input: Translate to Vietnamese: Sorry, that question's not on here.
Output: Xin lỗi, câu hỏi không phải là câu này.
--------------------------------------------------
2026-08-15 08:45:58 | Saving checkpoint to ./checkpoints\step_1360...
2026-08-15 08:45:58 | Checkpoint saved successfully!

2026-08-15 08:45:58 | Deleted old checkpoint: ./checkpoints\step_1350
2026-08-15 08:46:05 | Step 1365/6000 | Loss: 2.9760 | LR: 4.986429e-04
2026-08-15 08:46:08 |   >> Validation Loss: 2.9583
2026-08-15 08:46:08 |   --> Seen Generation @ step 1365:
Input: Translate to Vietnamese: Sorry, that question's not on here.
Output: Xin lỗi, câu hỏi đó là không phải ở đây.
--------------------------------------------------
2026-08-15 08:46:08 | Saving checkpoint to ./checkpoints\step_1365...
2026-08-15 08:46:08 | Checkpoint saved successfully!

2026-08-15 08:46:08 | Deleted old checkpoint: ./checkpoints\step_1355
2026-08-15 08:46:15 | Step 1370/6000 | Loss: 3.0201 | LR: 4.986055e-04
2026-08-15 08:46:18 |   >> Validation Loss: 2.9515
2026-08-15 08:46:18 |   --> Seen Generation @ step 1370:
Input: Translate to Vietnamese: Sorry, that question's not on here.
Output: Xin lỗi, điều đó không phải là câu hỏi.
--------------------------------------------------
2026-08-15 08:46:18 | Saving checkpoint to ./checkpoints\step_1370...
2026-08-15 08:46:18 | Checkpoint saved successfully!

2026-08-15 08:46:18 | Deleted old checkpoint: ./checkpoints\step_1360
2026-08-15 08:46:25 | Step 1375/6000 | Loss: 2.9700 | LR: 4.985676e-04
2026-08-15 08:46:29 |   >> Validation Loss: 2.9472
2026-08-15 08:46:29 |   --> Seen Generation @ step 1375:
Input: Translate to Vietnamese: Sorry, that question's not on here.
Output: Xin lỗi, điều đó không phải là câu hỏi.
--------------------------------------------------
2026-08-15 08:46:29 | Saving checkpoint to ./checkpoints\step_1375...
2026-08-15 08:46:29 | Checkpoint saved successfully!

2026-08-15 08:46:29 | Deleted old checkpoint: ./checkpoints\step_1365
2026-08-15 08:46:36 | Step 1380/6000 | Loss: 2.9407 | LR: 4.985292e-04
2026-08-15 08:46:39 |   >> Validation Loss: 2.9451
2026-08-15 08:46:39 |   --> Seen Generation @ step 1380:
Input: Translate to Vietnamese: Sorry, that question's not on here.
Output: Xin lỗi, câu hỏi là không phải là câu hỏi.
--------------------------------------------------
2026-08-15 08:46:39 | Saving checkpoint to ./checkpoints\step_1380...
2026-08-15 08:46:39 | Checkpoint saved successfully!

2026-08-15 08:46:39 | Deleted old checkpoint: ./checkpoints\step_1370
2026-08-15 08:46:46 | Step 1385/6000 | Loss: 2.9110 | LR: 4.984902e-04
2026-08-15 08:46:49 |   >> Validation Loss: 2.9388
2026-08-15 08:46:49 |   --> Seen Generation @ step 1385:
Input: Translate to Vietnamese: Sorry, that question's not on here.
Output: Xin lỗi, câu hỏi là không phải là câu hỏi.
--------------------------------------------------
2026-08-15 08:46:49 | Saving checkpoint to ./checkpoints\step_1385...
2026-08-15 08:46:50 | Checkpoint saved successfully!

2026-08-15 08:46:50 | Deleted old checkpoint: ./checkpoints\step_1375
2026-08-15 08:46:57 | Step 1390/6000 | Loss: 3.0676 | LR: 4.984508e-04
2026-08-15 08:47:00 |   >> Validation Loss: 2.9351
2026-08-15 08:47:00 |   --> Seen Generation @ step 1390:
Input: Translate to Vietnamese: Sorry, that question's not on here.
Output: Xin lỗi, câu hỏi là không phải là câu hỏi.
--------------------------------------------------
2026-08-15 08:47:00 | Saving checkpoint to ./checkpoints\step_1390...
2026-08-15 08:47:00 | Checkpoint saved successfully!

2026-08-15 08:47:00 | Deleted old checkpoint: ./checkpoints\step_1380
2026-08-15 08:47:07 | Step 1395/6000 | Loss: 2.9615 | LR: 4.984109e-04
2026-08-15 08:47:10 |   >> Validation Loss: 2.9291
2026-08-15 08:47:10 |   --> Seen Generation @ step 1395:
Input: Translate to Vietnamese: Sorry, that question's not on here.
Output: Xin lỗi, câu hỏi là không phải ở đây.
--------------------------------------------------
2026-08-15 08:47:10 | Saving checkpoint to ./checkpoints\step_1395...
2026-08-15 08:47:10 | Checkpoint saved successfully!

2026-08-15 08:47:10 | Deleted old checkpoint: ./checkpoints\step_1385
2026-08-15 08:47:17 | Step 1400/6000 | Loss: 3.0073 | LR: 4.983704e-04
2026-08-15 08:47:20 |   >> Validation Loss: 2.9278
2026-08-15 08:47:20 |   --> Seen Generation @ step 1400:
Input: Translate to Vietnamese: Sorry, that question's not on here.
Output: Xin lỗi, câu hỏi là không phải ở đây.
--------------------------------------------------
2026-08-15 08:47:20 | Saving checkpoint to ./checkpoints\step_1400...
2026-08-15 08:47:21 | Checkpoint saved successfully!

2026-08-15 08:47:21 | Deleted old checkpoint: ./checkpoints\step_1390
2026-08-15 08:47:28 | Step 1405/6000 | Loss: 2.9673 | LR: 4.983295e-04
2026-08-15 08:47:31 |   >> Validation Loss: 2.9238
2026-08-15 08:47:31 |   --> Seen Generation @ step 1405:
Input: Translate to Vietnamese: Sorry, that question's not on here.
Output: Xin lỗi, câu hỏi đó không phải ở đây.
--------------------------------------------------
2026-08-15 08:47:31 | Saving checkpoint to ./checkpoints\step_1405...
2026-08-15 08:47:31 | Checkpoint saved successfully!

2026-08-15 08:47:31 | Deleted old checkpoint: ./checkpoints\step_1395
2026-08-15 08:47:38 | Step 1410/6000 | Loss: 2.9116 | LR: 4.982880e-04
2026-08-15 08:47:41 |   >> Validation Loss: 2.9201
2026-08-15 08:47:41 |   --> Seen Generation @ step 1410:
Input: Translate to Vietnamese: Sorry, that question's not on here.
Output: Xin lỗi, câu hỏi không phải ở đây.
--------------------------------------------------
2026-08-15 08:47:41 | Saving checkpoint to ./checkpoints\step_1410...
2026-08-15 08:47:41 | Checkpoint saved successfully!

2026-08-15 08:47:41 | Deleted old checkpoint: ./checkpoints\step_1400
2026-08-15 08:47:48 | Step 1415/6000 | Loss: 2.8499 | LR: 4.982461e-04
2026-08-15 08:47:51 |   >> Validation Loss: 2.9164
2026-08-15 08:47:51 |   --> Seen Generation @ step 1415:
Input: Translate to Vietnamese: Sorry, that question's not on here.
Output: Xin lỗi, câu hỏi không phải không?
--------------------------------------------------
2026-08-15 08:47:51 | Saving checkpoint to ./checkpoints\step_1415...
2026-08-15 08:47:52 | Checkpoint saved successfully!

2026-08-15 08:47:52 | Deleted old checkpoint: ./checkpoints\step_1405
2026-08-15 08:47:59 | Step 1420/6000 | Loss: 2.8749 | LR: 4.982036e-04
2026-08-15 08:48:02 |   >> Validation Loss: 2.9171
2026-08-15 08:48:02 |   --> Seen Generation @ step 1420:
Input: Translate to Vietnamese: Sorry, that question's not on here.
Output: Xin lỗi, câu hỏi không phải không.
--------------------------------------------------
2026-08-15 08:48:02 | Saving checkpoint to ./checkpoints\step_1420...
2026-08-15 08:48:02 | Checkpoint saved successfully!

2026-08-15 08:48:02 | Deleted old checkpoint: ./checkpoints\step_1410
2026-08-15 08:48:09 | Step 1425/6000 | Loss: 2.9887 | LR: 4.981606e-04
2026-08-15 08:48:12 |   >> Validation Loss: 2.9136
2026-08-15 08:48:12 |   --> Seen Generation @ step 1425:
Input: Translate to Vietnamese: Sorry, that question's not on here.
Output: Xin lỗi, câu hỏi không phải không?
--------------------------------------------------
2026-08-15 08:48:12 | Saving checkpoint to ./checkpoints\step_1425...
2026-08-15 08:48:12 | Checkpoint saved successfully!

2026-08-15 08:48:12 | Deleted old checkpoint: ./checkpoints\step_1415
2026-08-15 08:48:19 | Step 1430/6000 | Loss: 2.8856 | LR: 4.981172e-04
2026-08-15 08:48:23 |   >> Validation Loss: 2.9100
2026-08-15 08:48:23 |   --> Seen Generation @ step 1430:
Input: Translate to Vietnamese: Sorry, that question's not on here.
Output: Xin lỗi, câu hỏi không phải ở đây.
--------------------------------------------------
2026-08-15 08:48:23 | Saving checkpoint to ./checkpoints\step_1430...
2026-08-15 08:48:23 | Checkpoint saved successfully!

2026-08-15 08:48:23 | Deleted old checkpoint: ./checkpoints\step_1420
2026-08-15 08:48:30 | Step 1435/6000 | Loss: 3.0228 | LR: 4.980732e-04
2026-08-15 08:48:33 |   >> Validation Loss: 2.9074
2026-08-15 08:48:33 |   --> Seen Generation @ step 1435:
Input: Translate to Vietnamese: Sorry, that question's not on here.
Output: Xin lỗi, câu hỏi đó không phải là câu hỏi.
--------------------------------------------------
2026-08-15 08:48:33 | Saving checkpoint to ./checkpoints\step_1435...
2026-08-15 08:48:33 | Checkpoint saved successfully!

2026-08-15 08:48:33 | Deleted old checkpoint: ./checkpoints\step_1425
2026-08-15 08:48:40 | Step 1440/6000 | Loss: 2.9903 | LR: 4.980287e-04
2026-08-15 08:48:43 |   >> Validation Loss: 2.8984
2026-08-15 08:48:43 |   --> Seen Generation @ step 1440:
Input: Translate to Vietnamese: Sorry, that question's not on here.
Output: Xin lỗi, câu hỏi đó không có gì ở đây.
--------------------------------------------------
2026-08-15 08:48:43 | Saving checkpoint to ./checkpoints\step_1440...
2026-08-15 08:48:43 | Checkpoint saved successfully!

2026-08-15 08:48:43 | Deleted old checkpoint: ./checkpoints\step_1430
2026-08-15 08:48:51 | Step 1445/6000 | Loss: 2.9491 | LR: 4.979837e-04
2026-08-15 08:48:54 |   >> Validation Loss: 2.8929
2026-08-15 08:48:54 |   --> Seen Generation @ step 1445:
Input: Translate to Vietnamese: Sorry, that question's not on here.
Output: Xin lỗi, câu hỏi đó không phải là về đây.
--------------------------------------------------
2026-08-15 08:48:54 | Saving checkpoint to ./checkpoints\step_1445...
2026-08-15 08:48:54 | Checkpoint saved successfully!

2026-08-15 08:48:54 | Deleted old checkpoint: ./checkpoints\step_1435
2026-08-15 08:49:01 | Step 1450/6000 | Loss: 2.9725 | LR: 4.979382e-04
2026-08-15 08:49:04 |   >> Validation Loss: 2.8909
2026-08-15 08:49:04 |   --> Seen Generation @ step 1450:
Input: Translate to Vietnamese: Sorry, that question's not on here.
Output: Xin lỗi, câu hỏi này không phải là câu hỏi.
--------------------------------------------------
2026-08-15 08:49:04 | Saving checkpoint to ./checkpoints\step_1450...
2026-08-15 08:49:04 | Checkpoint saved successfully!

2026-08-15 08:49:04 | Deleted old checkpoint: ./checkpoints\step_1440
2026-08-15 08:49:11 | Step 1455/6000 | Loss: 2.8897 | LR: 4.978922e-04
2026-08-15 08:49:15 |   >> Validation Loss: 2.8916
2026-08-15 08:49:15 |   --> Seen Generation @ step 1455:
Input: Translate to Vietnamese: Sorry, that question's not on here.
Output: Xin lỗi, câu hỏi này không phải ở đây.
--------------------------------------------------
2026-08-15 08:49:15 | Saving checkpoint to ./checkpoints\step_1455...
2026-08-15 08:49:15 | Checkpoint saved successfully!

2026-08-15 08:49:15 | Deleted old checkpoint: ./checkpoints\step_1445
2026-08-15 08:49:22 | Step 1460/6000 | Loss: 2.9308 | LR: 4.978457e-04
2026-08-15 08:49:25 |   >> Validation Loss: 2.8876
2026-08-15 08:49:25 |   --> Seen Generation @ step 1460:
Input: Translate to Vietnamese: Sorry, that question's not on here.
Output: Xin lỗi, câu hỏi này không phải ở đây.
--------------------------------------------------
2026-08-15 08:49:25 | Saving checkpoint to ./checkpoints\step_1460...
2026-08-15 08:49:25 | Checkpoint saved successfully!

2026-08-15 08:49:25 | Deleted old checkpoint: ./checkpoints\step_1450
2026-08-15 08:49:32 | Step 1465/6000 | Loss: 2.9942 | LR: 4.977986e-04
2026-08-15 08:49:35 |   >> Validation Loss: 2.8848
2026-08-15 08:49:35 |   --> Seen Generation @ step 1465:
Input: Translate to Vietnamese: Sorry, that question's not on here.
Output: Xin lỗi, câu hỏi là không phải ở đây.
--------------------------------------------------
2026-08-15 08:49:35 | Saving checkpoint to ./checkpoints\step_1465...
2026-08-15 08:49:35 | Checkpoint saved successfully!

2026-08-15 08:49:35 | Deleted old checkpoint: ./checkpoints\step_1455
2026-08-15 08:49:42 | Step 1470/6000 | Loss: 2.8500 | LR: 4.977511e-04
2026-08-15 08:49:46 |   >> Validation Loss: 2.8853
2026-08-15 08:49:46 |   --> Seen Generation @ step 1470:
Input: Translate to Vietnamese: Sorry, that question's not on here.
Output: Xin lỗi, câu hỏi này không phải ở đây.
--------------------------------------------------
2026-08-15 08:49:46 | Saving checkpoint to ./checkpoints\step_1470...
2026-08-15 08:49:46 | Checkpoint saved successfully!

2026-08-15 08:49:46 | Deleted old checkpoint: ./checkpoints\step_1460
2026-08-15 08:49:53 | Step 1475/6000 | Loss: 2.9764 | LR: 4.977031e-04
2026-08-15 08:49:56 |   >> Validation Loss: 2.8820
2026-08-15 08:49:56 |   --> Seen Generation @ step 1475:
Input: Translate to Vietnamese: Sorry, that question's not on here.
Output: Xin lỗi, chuyện này không có chuyện gì.
--------------------------------------------------
2026-08-15 08:49:56 | Saving checkpoint to ./checkpoints\step_1475...
2026-08-15 08:49:56 | Checkpoint saved successfully!

2026-08-15 08:49:56 | Deleted old checkpoint: ./checkpoints\step_1465
2026-08-15 08:50:03 | Step 1480/6000 | Loss: 2.9421 | LR: 4.976545e-04
2026-08-15 08:50:06 |   >> Validation Loss: 2.8739
2026-08-15 08:50:06 |   --> Seen Generation @ step 1480:
Input: Translate to Vietnamese: Sorry, that question's not on here.
Output: Xin lỗi, câu hỏi này không có ở đây.
--------------------------------------------------
2026-08-15 08:50:06 | Saving checkpoint to ./checkpoints\step_1480...
2026-08-15 08:50:06 | Checkpoint saved successfully!

2026-08-15 08:50:06 | Deleted old checkpoint: ./checkpoints\step_1470
2026-08-15 08:50:14 | Step 1485/6000 | Loss: 2.9330 | LR: 4.976055e-04
2026-08-15 08:50:17 |   >> Validation Loss: 2.8802
2026-08-15 08:50:17 |   --> Seen Generation @ step 1485:
Input: Translate to Vietnamese: Sorry, that question's not on here.
Output: Xin lỗi, câu hỏi không có gì.
--------------------------------------------------
2026-08-15 08:50:17 | Saving checkpoint to ./checkpoints\step_1485...
2026-08-15 08:50:17 | Checkpoint saved successfully!

2026-08-15 08:50:17 | Deleted old checkpoint: ./checkpoints\step_1475
2026-08-15 08:50:24 | Step 1490/6000 | Loss: 2.8759 | LR: 4.975560e-04
2026-08-15 08:50:27 |   >> Validation Loss: 2.8734
2026-08-15 08:50:27 |   --> Seen Generation @ step 1490:
Input: Translate to Vietnamese: Sorry, that question's not on here.
Output: Xin lỗi, câu hỏi này không phải ở đây.
--------------------------------------------------
2026-08-15 08:50:27 | Saving checkpoint to ./checkpoints\step_1490...
2026-08-15 08:50:27 | Checkpoint saved successfully!

2026-08-15 08:50:27 | Deleted old checkpoint: ./checkpoints\step_1480
2026-08-15 08:50:34 | Step 1495/6000 | Loss: 2.9984 | LR: 4.975059e-04
2026-08-15 08:50:37 |   >> Validation Loss: 2.8689
2026-08-15 08:50:37 |   --> Seen Generation @ step 1495:
Input: Translate to Vietnamese: Sorry, that question's not on here.
Output: Xin lỗi, câu hỏi này không phải ở đây.
--------------------------------------------------
2026-08-15 08:50:37 | Saving checkpoint to ./checkpoints\step_1495...
2026-08-15 08:50:38 | Checkpoint saved successfully!

2026-08-15 08:50:38 | Deleted old checkpoint: ./checkpoints\step_1485
2026-08-15 08:50:45 | Step 1500/6000 | Loss: 2.8836 | LR: 4.974554e-04
2026-08-15 08:50:48 |   >> Validation Loss: 2.8667
2026-08-15 08:50:48 |   --> Seen Generation @ step 1500:
Input: Translate to Vietnamese: Sorry, that question's not on here.
Output: Xin lỗi, câu hỏi không có gì ở đây.
--------------------------------------------------
2026-08-15 08:50:48 | Saving checkpoint to ./checkpoints\step_1500...
2026-08-15 08:50:48 | Checkpoint saved successfully!

2026-08-15 08:50:48 | Deleted old checkpoint: ./checkpoints\step_1490
2026-08-15 08:50:55 | Step 1505/6000 | Loss: 2.8193 | LR: 4.974043e-04
2026-08-15 08:50:58 |   >> Validation Loss: 2.8645
2026-08-15 08:50:58 |   --> Seen Generation @ step 1505:
Input: Translate to Vietnamese: Sorry, that question's not on here.
Output: Xin lỗi, câu hỏi này không phải ở đây.
--------------------------------------------------
2026-08-15 08:50:58 | Saving checkpoint to ./checkpoints\step_1505...
2026-08-15 08:50:58 | Checkpoint saved successfully!

2026-08-15 08:50:58 | Deleted old checkpoint: ./checkpoints\step_1495
2026-08-15 08:51:05 | Step 1510/6000 | Loss: 2.8719 | LR: 4.973527e-04
2026-08-15 08:51:08 |   >> Validation Loss: 2.8590
2026-08-15 08:51:09 |   --> Seen Generation @ step 1510:
Input: Translate to Vietnamese: Sorry, that question's not on here.
Output: Xin lỗi, câu hỏi không có ở đây.
--------------------------------------------------
2026-08-15 08:51:09 | Saving checkpoint to ./checkpoints\step_1510...
2026-08-15 08:51:09 | Checkpoint saved successfully!

2026-08-15 08:51:09 | Deleted old checkpoint: ./checkpoints\step_1500
2026-08-15 08:51:16 | Step 1515/6000 | Loss: 2.8966 | LR: 4.973007e-04
2026-08-15 08:51:19 |   >> Validation Loss: 2.8586
2026-08-15 08:51:19 |   --> Seen Generation @ step 1515:
Input: Translate to Vietnamese: Sorry, that question's not on here.
Output: Xin lỗi, câu hỏi không có gì.
--------------------------------------------------
2026-08-15 08:51:19 | Saving checkpoint to ./checkpoints\step_1515...
2026-08-15 08:51:19 | Checkpoint saved successfully!

2026-08-15 08:51:19 | Deleted old checkpoint: ./checkpoints\step_1505
2026-08-15 08:51:26 | Step 1520/6000 | Loss: 2.9109 | LR: 4.972481e-04
2026-08-15 08:51:29 |   >> Validation Loss: 2.8577
2026-08-15 08:51:29 |   --> Seen Generation @ step 1520:
Input: Translate to Vietnamese: Sorry, that question's not on here.
Output: Xin lỗi, câu hỏi là không có gì.
--------------------------------------------------
2026-08-15 08:51:29 | Saving checkpoint to ./checkpoints\step_1520...
2026-08-15 08:51:29 | Checkpoint saved successfully!

2026-08-15 08:51:29 | Deleted old checkpoint: ./checkpoints\step_1510
2026-08-15 08:51:36 | Step 1525/6000 | Loss: 2.8611 | LR: 4.971950e-04
2026-08-15 08:51:39 |   >> Validation Loss: 2.8600
2026-08-15 08:51:40 |   --> Seen Generation @ step 1525:
Input: Translate to Vietnamese: Sorry, that question's not on here.
Output: Xin lỗi, câu hỏi là không có ở đây.
--------------------------------------------------
2026-08-15 08:51:40 | Saving checkpoint to ./checkpoints\step_1525...
2026-08-15 08:51:40 | Checkpoint saved successfully!

2026-08-15 08:51:40 | Deleted old checkpoint: ./checkpoints\step_1515
2026-08-15 08:51:47 | Step 1530/6000 | Loss: 2.8355 | LR: 4.971414e-04
2026-08-15 08:51:50 |   >> Validation Loss: 2.8553
2026-08-15 08:51:50 |   --> Seen Generation @ step 1530:
Input: Translate to Vietnamese: Sorry, that question's not on here.
Output: Xin lỗi, câu hỏi là không phải ở đây.
--------------------------------------------------
2026-08-15 08:51:50 | Saving checkpoint to ./checkpoints\step_1530...
2026-08-15 08:51:50 | Checkpoint saved successfully!

2026-08-15 08:51:50 | Deleted old checkpoint: ./checkpoints\step_1520
2026-08-15 08:51:57 | Step 1535/6000 | Loss: 2.9091 | LR: 4.970874e-04
2026-08-15 08:52:00 |   >> Validation Loss: 2.8494
2026-08-15 08:52:00 |   --> Seen Generation @ step 1535:
Input: Translate to Vietnamese: Sorry, that question's not on here.
Output: Xin lỗi, câu hỏi là không có ở đây.
--------------------------------------------------
2026-08-15 08:52:00 | Saving checkpoint to ./checkpoints\step_1535...
2026-08-15 08:52:00 | Checkpoint saved successfully!

2026-08-15 08:52:00 | Deleted old checkpoint: ./checkpoints\step_1525
2026-08-15 08:52:07 | Step 1540/6000 | Loss: 2.8191 | LR: 4.970328e-04
2026-08-15 08:52:11 |   >> Validation Loss: 2.8450
2026-08-15 08:52:11 |   --> Seen Generation @ step 1540:
Input: Translate to Vietnamese: Sorry, that question's not on here.
Output: Xin lỗi, câu hỏi không có gì.
--------------------------------------------------
2026-08-15 08:52:11 | Saving checkpoint to ./checkpoints\step_1540...
2026-08-15 08:52:11 | Checkpoint saved successfully!

2026-08-15 08:52:11 | Deleted old checkpoint: ./checkpoints\step_1530
2026-08-15 08:52:18 | Step 1545/6000 | Loss: 2.8911 | LR: 4.969777e-04
2026-08-15 08:52:21 |   >> Validation Loss: 2.8424
2026-08-15 08:52:21 |   --> Seen Generation @ step 1545:
Input: Translate to Vietnamese: Sorry, that question's not on here.
Output: Xin lỗi, câu hỏi không có gì ở đây.
--------------------------------------------------
2026-08-15 08:52:21 | Saving checkpoint to ./checkpoints\step_1545...
2026-08-15 08:52:21 | Checkpoint saved successfully!

2026-08-15 08:52:21 | Deleted old checkpoint: ./checkpoints\step_1535
2026-08-15 08:52:28 | Step 1550/6000 | Loss: 2.9716 | LR: 4.969221e-04
2026-08-15 08:52:31 |   >> Validation Loss: 2.8369
2026-08-15 08:52:31 |   --> Seen Generation @ step 1550:
Input: Translate to Vietnamese: Sorry, that question's not on here.
Output: Xin lỗi, câu hỏi không có gì ở đây.
--------------------------------------------------
2026-08-15 08:52:31 | Saving checkpoint to ./checkpoints\step_1550...
2026-08-15 08:52:31 | Checkpoint saved successfully!

2026-08-15 08:52:31 | Deleted old checkpoint: ./checkpoints\step_1540
2026-08-15 08:52:38 | Step 1555/6000 | Loss: 2.8845 | LR: 4.968660e-04
2026-08-15 08:52:42 |   >> Validation Loss: 2.8352
2026-08-15 08:52:42 |   --> Seen Generation @ step 1555:
Input: Translate to Vietnamese: Sorry, that question's not on here.
Output: Xin lỗi, câu hỏi không có ở đây.
--------------------------------------------------
2026-08-15 08:52:42 | Saving checkpoint to ./checkpoints\step_1555...
2026-08-15 08:52:42 | Checkpoint saved successfully!

2026-08-15 08:52:42 | Deleted old checkpoint: ./checkpoints\step_1545
2026-08-15 08:52:49 | Step 1560/6000 | Loss: 2.8906 | LR: 4.968094e-04
2026-08-15 08:52:52 |   >> Validation Loss: 2.8310
2026-08-15 08:52:52 |   --> Seen Generation @ step 1560:
Input: Translate to Vietnamese: Sorry, that question's not on here.
Output: Xin lỗi, câu hỏi này không phải ở đây.
--------------------------------------------------
2026-08-15 08:52:52 | Saving checkpoint to ./checkpoints\step_1560...
2026-08-15 08:52:52 | Checkpoint saved successfully!

2026-08-15 08:52:52 | Deleted old checkpoint: ./checkpoints\step_1550
2026-08-15 08:52:59 | Step 1565/6000 | Loss: 2.8428 | LR: 4.967523e-04
2026-08-15 08:53:02 |   >> Validation Loss: 2.8291
2026-08-15 08:53:02 |   --> Seen Generation @ step 1565:
Input: Translate to Vietnamese: Sorry, that question's not on here.
Output: Xin lỗi, câu hỏi không có ở đây.
--------------------------------------------------
2026-08-15 08:53:02 | Saving checkpoint to ./checkpoints\step_1565...
2026-08-15 08:53:02 | Checkpoint saved successfully!

2026-08-15 08:53:02 | Deleted old checkpoint: ./checkpoints\step_1555
2026-08-15 08:53:09 | Step 1570/6000 | Loss: 2.8218 | LR: 4.966947e-04
2026-08-15 08:53:13 |   >> Validation Loss: 2.8312
2026-08-15 08:53:13 |   --> Seen Generation @ step 1570:
Input: Translate to Vietnamese: Sorry, that question's not on here.
Output: Xin lỗi, câu hỏi không có gì ở đây.
--------------------------------------------------
2026-08-15 08:53:13 | Saving checkpoint to ./checkpoints\step_1570...
2026-08-15 08:53:13 | Checkpoint saved successfully!

2026-08-15 08:53:13 | Deleted old checkpoint: ./checkpoints\step_1560
2026-08-15 08:53:20 | Step 1575/6000 | Loss: 2.8842 | LR: 4.966366e-04
2026-08-15 08:53:23 |   >> Validation Loss: 2.8291
2026-08-15 08:53:23 |   --> Seen Generation @ step 1575:
Input: Translate to Vietnamese: Sorry, that question's not on here.
Output: Xin lỗi, câu hỏi không phải ở đây.
--------------------------------------------------
2026-08-15 08:53:23 | Saving checkpoint to ./checkpoints\step_1575...
2026-08-15 08:53:23 | Checkpoint saved successfully!

2026-08-15 08:53:23 | Deleted old checkpoint: ./checkpoints\step_1565
2026-08-15 08:53:30 | Step 1580/6000 | Loss: 2.8417 | LR: 4.965779e-04
2026-08-15 08:53:33 |   >> Validation Loss: 2.8245
2026-08-15 08:53:33 |   --> Seen Generation @ step 1580:
Input: Translate to Vietnamese: Sorry, that question's not on here.
Output: Xin lỗi, câu hỏi đó không phải ở đây.
--------------------------------------------------
2026-08-15 08:53:33 | Saving checkpoint to ./checkpoints\step_1580...
2026-08-15 08:53:33 | Checkpoint saved successfully!

2026-08-15 08:53:33 | Deleted old checkpoint: ./checkpoints\step_1570
2026-08-15 08:53:40 | Step 1585/6000 | Loss: 2.9342 | LR: 4.965188e-04
2026-08-15 08:53:44 |   >> Validation Loss: 2.8224
2026-08-15 08:53:44 |   --> Seen Generation @ step 1585:
Input: Translate to Vietnamese: Sorry, that question's not on here.
Output: Xin lỗi, câu hỏi không phải ở đây.
--------------------------------------------------
2026-08-15 08:53:44 | Saving checkpoint to ./checkpoints\step_1585...
2026-08-15 08:53:44 | Checkpoint saved successfully!

2026-08-15 08:53:44 | Deleted old checkpoint: ./checkpoints\step_1575
2026-08-15 08:53:51 | Step 1590/6000 | Loss: 2.9554 | LR: 4.964592e-04
2026-08-15 08:53:54 |   >> Validation Loss: 2.8163
2026-08-15 08:53:54 |   --> Seen Generation @ step 1590:
Input: Translate to Vietnamese: Sorry, that question's not on here.
Output: Xin lỗi, câu hỏi không có gì ở đây.
--------------------------------------------------
2026-08-15 08:53:54 | Saving checkpoint to ./checkpoints\step_1590...
2026-08-15 08:53:54 | Checkpoint saved successfully!

2026-08-15 08:53:54 | Deleted old checkpoint: ./checkpoints\step_1580
2026-08-15 08:54:01 | Step 1595/6000 | Loss: 2.8494 | LR: 4.963991e-04
2026-08-15 08:54:04 |   >> Validation Loss: 2.8130
2026-08-15 08:54:04 |   --> Seen Generation @ step 1595:
Input: Translate to Vietnamese: Sorry, that question's not on here.
Output: Xin lỗi, câu hỏi đó không phải ở đây.
--------------------------------------------------
2026-08-15 08:54:04 | Saving checkpoint to ./checkpoints\step_1595...
2026-08-15 08:54:04 | Checkpoint saved successfully!

2026-08-15 08:54:04 | Deleted old checkpoint: ./checkpoints\step_1585
2026-08-15 08:54:12 | Step 1600/6000 | Loss: 2.8713 | LR: 4.963385e-04
2026-08-15 08:54:15 |   >> Validation Loss: 2.8146
2026-08-15 08:54:15 |   --> Seen Generation @ step 1600:
Input: Translate to Vietnamese: Sorry, that question's not on here.
Output: Xin lỗi, câu hỏi đó không phải ở đây.
--------------------------------------------------
2026-08-15 08:54:15 | Saving checkpoint to ./checkpoints\step_1600...
2026-08-15 08:54:15 | Checkpoint saved successfully!

2026-08-15 08:54:15 | Deleted old checkpoint: ./checkpoints\step_1590
2026-08-15 08:54:22 | Step 1605/6000 | Loss: 2.8878 | LR: 4.962773e-04
2026-08-15 08:54:25 |   >> Validation Loss: 2.8116
2026-08-15 08:54:25 |   --> Seen Generation @ step 1605:
Input: Translate to Vietnamese: Sorry, that question's not on here.
Output: Xin lỗi, câu hỏi đó không phải ở đây.
--------------------------------------------------
2026-08-15 08:54:25 | Saving checkpoint to ./checkpoints\step_1605...
2026-08-15 08:54:25 | Checkpoint saved successfully!

2026-08-15 08:54:25 | Deleted old checkpoint: ./checkpoints\step_1595
2026-08-15 08:54:32 | Step 1610/6000 | Loss: 2.8960 | LR: 4.962157e-04
2026-08-15 08:54:36 |   >> Validation Loss: 2.8098
2026-08-15 08:54:36 |   --> Seen Generation @ step 1610:
Input: Translate to Vietnamese: Sorry, that question's not on here.
Output: Xin lỗi, câu hỏi không có gì ở đây.
--------------------------------------------------
2026-08-15 08:54:36 | Saving checkpoint to ./checkpoints\step_1610...
2026-08-15 08:54:36 | Checkpoint saved successfully!

2026-08-15 08:54:36 | Deleted old checkpoint: ./checkpoints\step_1600
2026-08-15 08:54:43 | Step 1615/6000 | Loss: 2.8008 | LR: 4.961536e-04
2026-08-15 08:54:46 |   >> Validation Loss: 2.8049
2026-08-15 08:54:46 |   --> Seen Generation @ step 1615:
Input: Translate to Vietnamese: Sorry, that question's not on here.
Output: Xin lỗi, câu hỏi không có ở đây.
--------------------------------------------------
2026-08-15 08:54:46 | Saving checkpoint to ./checkpoints\step_1615...
2026-08-15 08:54:46 | Checkpoint saved successfully!

2026-08-15 08:54:46 | Deleted old checkpoint: ./checkpoints\step_1605
2026-08-15 08:54:53 | Step 1620/6000 | Loss: 2.7801 | LR: 4.960909e-04
2026-08-15 08:54:56 |   >> Validation Loss: 2.8044
2026-08-15 08:54:56 |   --> Seen Generation @ step 1620:
Input: Translate to Vietnamese: Sorry, that question's not on here.
Output: Xin lỗi, câu hỏi không có gì ở đây.
--------------------------------------------------
2026-08-15 08:54:56 | Saving checkpoint to ./checkpoints\step_1620...
2026-08-15 08:54:56 | Checkpoint saved successfully!

2026-08-15 08:54:56 | Deleted old checkpoint: ./checkpoints\step_1610
2026-08-15 08:55:03 | Step 1625/6000 | Loss: 2.9164 | LR: 4.960278e-04
2026-08-15 08:55:07 |   >> Validation Loss: 2.8034
2026-08-15 08:55:07 |   --> Seen Generation @ step 1625:
Input: Translate to Vietnamese: Sorry, that question's not on here.
Output: Xin lỗi, câu hỏi không phải ở đây.
--------------------------------------------------
2026-08-15 08:55:07 | Saving checkpoint to ./checkpoints\step_1625...
2026-08-15 08:55:07 | Checkpoint saved successfully!

2026-08-15 08:55:07 | Deleted old checkpoint: ./checkpoints\step_1615
2026-08-15 08:55:14 | Step 1630/6000 | Loss: 2.8125 | LR: 4.959642e-04
2026-08-15 08:55:17 |   >> Validation Loss: 2.8005
2026-08-15 08:55:17 |   --> Seen Generation @ step 1630:
Input: Translate to Vietnamese: Sorry, that question's not on here.
Output: Xin lỗi, câu hỏi không phải ở đây.
--------------------------------------------------
2026-08-15 08:55:17 | Saving checkpoint to ./checkpoints\step_1630...
2026-08-15 08:55:17 | Checkpoint saved successfully!

2026-08-15 08:55:17 | Deleted old checkpoint: ./checkpoints\step_1620
2026-08-15 08:55:24 | Step 1635/6000 | Loss: 2.7855 | LR: 4.959000e-04
2026-08-15 08:55:27 |   >> Validation Loss: 2.7968
2026-08-15 08:55:27 |   --> Seen Generation @ step 1635:
Input: Translate to Vietnamese: Sorry, that question's not on here.
Output: Xin lỗi, câu hỏi không phải ở đây.
--------------------------------------------------
2026-08-15 08:55:27 | Saving checkpoint to ./checkpoints\step_1635...
2026-08-15 08:55:27 | Checkpoint saved successfully!

2026-08-15 08:55:27 | Deleted old checkpoint: ./checkpoints\step_1625
2026-08-15 08:55:34 | Step 1640/6000 | Loss: 2.7716 | LR: 4.958354e-04
2026-08-15 08:55:38 |   >> Validation Loss: 2.7963
2026-08-15 08:55:38 |   --> Seen Generation @ step 1640:
Input: Translate to Vietnamese: Sorry, that question's not on here.
Output: Xin lỗi, câu hỏi không có ở đây.
--------------------------------------------------
2026-08-15 08:55:38 | Saving checkpoint to ./checkpoints\step_1640...
2026-08-15 08:55:38 | Checkpoint saved successfully!

2026-08-15 08:55:38 | Deleted old checkpoint: ./checkpoints\step_1630
2026-08-15 08:55:45 | Step 1645/6000 | Loss: 2.8993 | LR: 4.957702e-04
2026-08-15 08:55:48 |   >> Validation Loss: 2.7933
2026-08-15 08:55:48 |   --> Seen Generation @ step 1645:
Input: Translate to Vietnamese: Sorry, that question's not on here.
Output: Xin lỗi, câu hỏi không có ở đây.
--------------------------------------------------
2026-08-15 08:55:48 | Saving checkpoint to ./checkpoints\step_1645...
2026-08-15 08:55:48 | Checkpoint saved successfully!

2026-08-15 08:55:48 | Deleted old checkpoint: ./checkpoints\step_1635
2026-08-15 08:55:55 | Step 1650/6000 | Loss: 2.8445 | LR: 4.957046e-04
2026-08-15 08:55:58 |   >> Validation Loss: 2.7910
2026-08-15 08:55:58 |   --> Seen Generation @ step 1650:
Input: Translate to Vietnamese: Sorry, that question's not on here.
Output: Xin lỗi, câu hỏi không có gì ở đây.
--------------------------------------------------
2026-08-15 08:55:58 | Saving checkpoint to ./checkpoints\step_1650...
2026-08-15 08:55:58 | Checkpoint saved successfully!

2026-08-15 08:55:58 | Deleted old checkpoint: ./checkpoints\step_1640
2026-08-15 08:56:05 | Step 1655/6000 | Loss: 2.7632 | LR: 4.956385e-04
2026-08-15 08:56:09 |   >> Validation Loss: 2.7900
2026-08-15 08:56:09 |   --> Seen Generation @ step 1655:
Input: Translate to Vietnamese: Sorry, that question's not on here.
Output: Xin lỗi, câu hỏi không phải ở đây.
--------------------------------------------------
2026-08-15 08:56:09 | Saving checkpoint to ./checkpoints\step_1655...
2026-08-15 08:56:09 | Checkpoint saved successfully!

2026-08-15 08:56:09 | Deleted old checkpoint: ./checkpoints\step_1645
2026-08-15 08:56:16 | Step 1660/6000 | Loss: 2.8176 | LR: 4.955718e-04
2026-08-15 08:56:19 |   >> Validation Loss: 2.7887
2026-08-15 08:56:19 |   --> Seen Generation @ step 1660:
Input: Translate to Vietnamese: Sorry, that question's not on here.
Output: Xin lỗi, câu hỏi không phải ở đây.
--------------------------------------------------
2026-08-15 08:56:19 | Saving checkpoint to ./checkpoints\step_1660...
2026-08-15 08:56:19 | Checkpoint saved successfully!

2026-08-15 08:56:19 | Deleted old checkpoint: ./checkpoints\step_1650
2026-08-15 08:56:26 | Step 1665/6000 | Loss: 2.8298 | LR: 4.955047e-04
2026-08-15 08:56:29 |   >> Validation Loss: 2.7849
2026-08-15 08:56:29 |   --> Seen Generation @ step 1665:
Input: Translate to Vietnamese: Sorry, that question's not on here.
Output: Xin lỗi, câu hỏi không phải ở đây.
--------------------------------------------------
2026-08-15 08:56:29 | Saving checkpoint to ./checkpoints\step_1665...
2026-08-15 08:56:29 | Checkpoint saved successfully!

2026-08-15 08:56:29 | Deleted old checkpoint: ./checkpoints\step_1655
2026-08-15 08:56:36 | Step 1670/6000 | Loss: 2.7968 | LR: 4.954370e-04
2026-08-15 08:56:40 |   >> Validation Loss: 2.7832
2026-08-15 08:56:40 |   --> Seen Generation @ step 1670:
Input: Translate to Vietnamese: Sorry, that question's not on here.
Output: Xin lỗi, câu hỏi không có ở đây.
--------------------------------------------------
2026-08-15 08:56:40 | Saving checkpoint to ./checkpoints\step_1670...
2026-08-15 08:56:40 | Checkpoint saved successfully!

2026-08-15 08:56:40 | Deleted old checkpoint: ./checkpoints\step_1660
2026-08-15 08:56:47 | Step 1675/6000 | Loss: 2.7708 | LR: 4.953689e-04
2026-08-15 08:56:50 |   >> Validation Loss: 2.7793
2026-08-15 08:56:50 |   --> Seen Generation @ step 1675:
Input: Translate to Vietnamese: Sorry, that question's not on here.
Output: Xin lỗi, câu hỏi không phải là gì.
--------------------------------------------------
2026-08-15 08:56:50 | Saving checkpoint to ./checkpoints\step_1675...
2026-08-15 08:56:50 | Checkpoint saved successfully!

2026-08-15 08:56:50 | Deleted old checkpoint: ./checkpoints\step_1665
2026-08-15 08:56:57 | Step 1680/6000 | Loss: 2.7881 | LR: 4.953002e-04
2026-08-15 08:57:00 |   >> Validation Loss: 2.7785
2026-08-15 08:57:00 |   --> Seen Generation @ step 1680:
Input: Translate to Vietnamese: Sorry, that question's not on here.
Output: Xin lỗi, câu hỏi không phải là câu hỏi.
--------------------------------------------------
2026-08-15 08:57:00 | Saving checkpoint to ./checkpoints\step_1680...
2026-08-15 08:57:00 | Checkpoint saved successfully!

2026-08-15 08:57:00 | Deleted old checkpoint: ./checkpoints\step_1670
2026-08-15 08:57:07 | Step 1685/6000 | Loss: 2.8381 | LR: 4.952311e-04
2026-08-15 08:57:11 |   >> Validation Loss: 2.7756
2026-08-15 08:57:11 |   --> Seen Generation @ step 1685:
Input: Translate to Vietnamese: Sorry, that question's not on here.
Output: Xin lỗi, câu hỏi đó không phải ở đây.
--------------------------------------------------
2026-08-15 08:57:11 | Saving checkpoint to ./checkpoints\step_1685...
2026-08-15 08:57:11 | Checkpoint saved successfully!

2026-08-15 08:57:11 | Deleted old checkpoint: ./checkpoints\step_1675
2026-08-15 08:57:18 | Step 1690/6000 | Loss: 2.7378 | LR: 4.951614e-04
2026-08-15 08:57:21 |   >> Validation Loss: 2.7747
2026-08-15 08:57:21 |   --> Seen Generation @ step 1690:
Input: Translate to Vietnamese: Sorry, that question's not on here.
Output: Xin lỗi, câu hỏi không phải là gì.
--------------------------------------------------
2026-08-15 08:57:21 | Saving checkpoint to ./checkpoints\step_1690...
2026-08-15 08:57:21 | Checkpoint saved successfully!

2026-08-15 08:57:21 | Deleted old checkpoint: ./checkpoints\step_1680
2026-08-15 08:57:28 | Step 1695/6000 | Loss: 2.7590 | LR: 4.950913e-04
2026-08-15 08:57:31 |   >> Validation Loss: 2.7693
2026-08-15 08:57:31 |   --> Seen Generation @ step 1695:
Input: Translate to Vietnamese: Sorry, that question's not on here.
Output: Xin lỗi, câu hỏi không phải là gì.
--------------------------------------------------
2026-08-15 08:57:31 | Saving checkpoint to ./checkpoints\step_1695...
2026-08-15 08:57:32 | Checkpoint saved successfully!

2026-08-15 08:57:32 | Deleted old checkpoint: ./checkpoints\step_1685
2026-08-15 08:57:39 | Step 1700/6000 | Loss: 2.8143 | LR: 4.950206e-04
2026-08-15 08:57:42 |   >> Validation Loss: 2.7674
2026-08-15 08:57:42 |   --> Seen Generation @ step 1700:
Input: Translate to Vietnamese: Sorry, that question's not on here.
Output: Xin lỗi, câu hỏi không phải là câu hỏi không.
--------------------------------------------------
2026-08-15 08:57:42 | Saving checkpoint to ./checkpoints\step_1700...
2026-08-15 08:57:42 | Checkpoint saved successfully!

2026-08-15 08:57:42 | Deleted old checkpoint: ./checkpoints\step_1690
2026-08-15 08:57:49 | Step 1705/6000 | Loss: 2.8472 | LR: 4.949495e-04
2026-08-15 08:57:52 |   >> Validation Loss: 2.7650
2026-08-15 08:57:52 |   --> Seen Generation @ step 1705:
Input: Translate to Vietnamese: Sorry, that question's not on here.
Output: Xin lỗi, câu hỏi không phải ở đây.
--------------------------------------------------
2026-08-15 08:57:52 | Saving checkpoint to ./checkpoints\step_1705...
2026-08-15 08:57:52 | Checkpoint saved successfully!

2026-08-15 08:57:52 | Deleted old checkpoint: ./checkpoints\step_1695
2026-08-15 08:57:59 | Step 1710/6000 | Loss: 2.7206 | LR: 4.948778e-04
2026-08-15 08:58:02 |   >> Validation Loss: 2.7652
2026-08-15 08:58:02 |   --> Seen Generation @ step 1710:
Input: Translate to Vietnamese: Sorry, that question's not on here.
Output: Xin lỗi, câu hỏi không có ở đây.
--------------------------------------------------
2026-08-15 08:58:02 | Saving checkpoint to ./checkpoints\step_1710...
2026-08-15 08:58:03 | Checkpoint saved successfully!

2026-08-15 08:58:03 | Deleted old checkpoint: ./checkpoints\step_1700
2026-08-15 08:58:10 | Step 1715/6000 | Loss: 2.7829 | LR: 4.948057e-04
2026-08-15 08:58:13 |   >> Validation Loss: 2.7616
2026-08-15 08:58:13 |   --> Seen Generation @ step 1715:
Input: Translate to Vietnamese: Sorry, that question's not on here.
Output: Xin lỗi, câu hỏi không phải ở đây.
--------------------------------------------------
2026-08-15 08:58:13 | Saving checkpoint to ./checkpoints\step_1715...
2026-08-15 08:58:13 | Checkpoint saved successfully!

2026-08-15 08:58:13 | Deleted old checkpoint: ./checkpoints\step_1705
2026-08-15 08:58:20 | Step 1720/6000 | Loss: 2.7719 | LR: 4.947331e-04
2026-08-15 08:58:23 |   >> Validation Loss: 2.7584
2026-08-15 08:58:23 |   --> Seen Generation @ step 1720:
Input: Translate to Vietnamese: Sorry, that question's not on here.
Output: Xin lỗi, câu hỏi đó không có gì ở đây.
--------------------------------------------------
2026-08-15 08:58:23 | Saving checkpoint to ./checkpoints\step_1720...
2026-08-15 08:58:23 | Checkpoint saved successfully!

2026-08-15 08:58:23 | Deleted old checkpoint: ./checkpoints\step_1710
2026-08-15 08:58:30 | Step 1725/6000 | Loss: 2.8198 | LR: 4.946599e-04
2026-08-15 08:58:33 |   >> Validation Loss: 2.7530
2026-08-15 08:58:33 |   --> Seen Generation @ step 1725:
Input: Translate to Vietnamese: Sorry, that question's not on here.
Output: Xin lỗi, câu hỏi đó không phải ở đây.
--------------------------------------------------
2026-08-15 08:58:33 | Saving checkpoint to ./checkpoints\step_1725...
2026-08-15 08:58:33 | Checkpoint saved successfully!

2026-08-15 08:58:33 | Deleted old checkpoint: ./checkpoints\step_1715
2026-08-15 08:58:41 | Step 1730/6000 | Loss: 2.8453 | LR: 4.945863e-04
2026-08-15 08:58:44 |   >> Validation Loss: 2.7512
2026-08-15 08:58:44 |   --> Seen Generation @ step 1730:
Input: Translate to Vietnamese: Sorry, that question's not on here.
Output: Xin lỗi, câu hỏi này không phải ở đây.
--------------------------------------------------
2026-08-15 08:58:44 | Saving checkpoint to ./checkpoints\step_1730...
2026-08-15 08:58:44 | Checkpoint saved successfully!

2026-08-15 08:58:44 | Deleted old checkpoint: ./checkpoints\step_1720
2026-08-15 08:58:51 | Step 1735/6000 | Loss: 2.8075 | LR: 4.945121e-04
2026-08-15 08:58:54 |   >> Validation Loss: 2.7514
2026-08-15 08:58:54 |   --> Seen Generation @ step 1735:
Input: Translate to Vietnamese: Sorry, that question's not on here.
Output: Xin lỗi, câu hỏi này không phải ở đây.
--------------------------------------------------
2026-08-15 08:58:54 | Saving checkpoint to ./checkpoints\step_1735...
2026-08-15 08:58:54 | Checkpoint saved successfully!

2026-08-15 08:58:54 | Deleted old checkpoint: ./checkpoints\step_1725
2026-08-15 08:59:01 | Step 1740/6000 | Loss: 2.7660 | LR: 4.944375e-04
2026-08-15 08:59:04 |   >> Validation Loss: 2.7493
2026-08-15 08:59:04 |   --> Seen Generation @ step 1740:
Input: Translate to Vietnamese: Sorry, that question's not on here.
Output: Xin lỗi, câu hỏi này không phải ở đây.
--------------------------------------------------
2026-08-15 08:59:04 | Saving checkpoint to ./checkpoints\step_1740...
2026-08-15 08:59:05 | Checkpoint saved successfully!

2026-08-15 08:59:05 | Deleted old checkpoint: ./checkpoints\step_1730
2026-08-15 08:59:12 | Step 1745/6000 | Loss: 2.7269 | LR: 4.943624e-04
2026-08-15 08:59:15 |   >> Validation Loss: 2.7506
2026-08-15 08:59:15 |   --> Seen Generation @ step 1745:
Input: Translate to Vietnamese: Sorry, that question's not on here.
Output: Xin lỗi, câu hỏi này không phải ở đây.
--------------------------------------------------
2026-08-15 08:59:15 | Saving checkpoint to ./checkpoints\step_1745...
2026-08-15 08:59:15 | Checkpoint saved successfully!

2026-08-15 08:59:15 | Deleted old checkpoint: ./checkpoints\step_1735
2026-08-15 08:59:22 | Step 1750/6000 | Loss: 2.7872 | LR: 4.942867e-04
2026-08-15 08:59:25 |   >> Validation Loss: 2.7500
2026-08-15 08:59:25 |   --> Seen Generation @ step 1750:
Input: Translate to Vietnamese: Sorry, that question's not on here.
Output: Xin lỗi, câu hỏi này không phải ở đây.
--------------------------------------------------
2026-08-15 08:59:25 | Saving checkpoint to ./checkpoints\step_1750...
2026-08-15 08:59:25 | Checkpoint saved successfully!

2026-08-15 08:59:25 | Deleted old checkpoint: ./checkpoints\step_1740
2026-08-15 08:59:32 | Step 1755/6000 | Loss: 2.7600 | LR: 4.942106e-04
2026-08-15 08:59:35 |   >> Validation Loss: 2.7485
2026-08-15 08:59:36 |   --> Seen Generation @ step 1755:
Input: Translate to Vietnamese: Sorry, that question's not on here.
Output: Xin lỗi, câu hỏi này không ở đây.
--------------------------------------------------
2026-08-15 08:59:36 | Saving checkpoint to ./checkpoints\step_1755...
2026-08-15 08:59:36 | Checkpoint saved successfully!

2026-08-15 08:59:36 | Deleted old checkpoint: ./checkpoints\step_1745
2026-08-15 08:59:43 | Step 1760/6000 | Loss: 2.7708 | LR: 4.941339e-04
2026-08-15 08:59:46 |   >> Validation Loss: 2.7439
2026-08-15 08:59:46 |   --> Seen Generation @ step 1760:
Input: Translate to Vietnamese: Sorry, that question's not on here.
Output: Xin lỗi, câu hỏi này không phải ở đây.
--------------------------------------------------
2026-08-15 08:59:46 | Saving checkpoint to ./checkpoints\step_1760...
2026-08-15 08:59:46 | Checkpoint saved successfully!

2026-08-15 08:59:46 | Deleted old checkpoint: ./checkpoints\step_1750
2026-08-15 08:59:53 | Step 1765/6000 | Loss: 2.8236 | LR: 4.940568e-04
2026-08-15 08:59:56 |   >> Validation Loss: 2.7414
2026-08-15 08:59:56 |   --> Seen Generation @ step 1765:
Input: Translate to Vietnamese: Sorry, that question's not on here.
Output: Xin lỗi, câu hỏi không phải là gì.
--------------------------------------------------
2026-08-15 08:59:56 | Saving checkpoint to ./checkpoints\step_1765...
2026-08-15 08:59:56 | Checkpoint saved successfully!

2026-08-15 08:59:56 | Deleted old checkpoint: ./checkpoints\step_1755
2026-08-15 09:00:03 | Step 1770/6000 | Loss: 2.8000 | LR: 4.939792e-04
2026-08-15 09:00:07 |   >> Validation Loss: 2.7383
2026-08-15 09:00:07 |   --> Seen Generation @ step 1770:
Input: Translate to Vietnamese: Sorry, that question's not on here.
Output: Xin lỗi, câu hỏi này không có ở đây.
--------------------------------------------------
2026-08-15 09:00:07 | Saving checkpoint to ./checkpoints\step_1770...
2026-08-15 09:00:07 | Checkpoint saved successfully!

2026-08-15 09:00:07 | Deleted old checkpoint: ./checkpoints\step_1760
2026-08-15 09:00:14 | Step 1775/6000 | Loss: 2.7686 | LR: 4.939011e-04
2026-08-15 09:00:17 |   >> Validation Loss: 2.7375
2026-08-15 09:00:17 |   --> Seen Generation @ step 1775:
Input: Translate to Vietnamese: Sorry, that question's not on here.
Output: Xin lỗi, câu hỏi này không phải ở đây.
--------------------------------------------------
2026-08-15 09:00:17 | Saving checkpoint to ./checkpoints\step_1775...
2026-08-15 09:00:17 | Checkpoint saved successfully!

2026-08-15 09:00:17 | Deleted old checkpoint: ./checkpoints\step_1765
2026-08-15 09:00:24 | Step 1780/6000 | Loss: 2.7762 | LR: 4.938224e-04
2026-08-15 09:00:27 |   >> Validation Loss: 2.7375
2026-08-15 09:00:27 |   --> Seen Generation @ step 1780:
Input: Translate to Vietnamese: Sorry, that question's not on here.
Output: Xin lỗi, câu hỏi này không phải ở đây.
--------------------------------------------------
2026-08-15 09:00:27 | Saving checkpoint to ./checkpoints\step_1780...
2026-08-15 09:00:27 | Checkpoint saved successfully!

2026-08-15 09:00:27 | Deleted old checkpoint: ./checkpoints\step_1770
2026-08-15 09:00:34 | Step 1785/6000 | Loss: 2.7937 | LR: 4.937433e-04
2026-08-15 09:00:38 |   >> Validation Loss: 2.7349
2026-08-15 09:00:38 |   --> Seen Generation @ step 1785:
Input: Translate to Vietnamese: Sorry, that question's not on here.
Output: Xin lỗi, câu hỏi này không phải ở đây.
--------------------------------------------------
2026-08-15 09:00:38 | Saving checkpoint to ./checkpoints\step_1785...
2026-08-15 09:00:38 | Checkpoint saved successfully!

2026-08-15 09:00:38 | Deleted old checkpoint: ./checkpoints\step_1775
2026-08-15 09:00:45 | Step 1790/6000 | Loss: 2.8628 | LR: 4.936637e-04
2026-08-15 09:00:48 |   >> Validation Loss: 2.7315
2026-08-15 09:00:48 |   --> Seen Generation @ step 1790:
Input: Translate to Vietnamese: Sorry, that question's not on here.
Output: Xin lỗi, câu hỏi không có ở đây.
--------------------------------------------------
2026-08-15 09:00:48 | Saving checkpoint to ./checkpoints\step_1790...
2026-08-15 09:00:48 | Checkpoint saved successfully!

2026-08-15 09:00:48 | Deleted old checkpoint: ./checkpoints\step_1780
2026-08-15 09:00:55 | Step 1795/6000 | Loss: 2.7095 | LR: 4.935836e-04
2026-08-15 09:00:58 |   >> Validation Loss: 2.7305
2026-08-15 09:00:58 |   --> Seen Generation @ step 1795:
Input: Translate to Vietnamese: Sorry, that question's not on here.
Output: Xin lỗi, câu hỏi không có ở đây.
--------------------------------------------------
2026-08-15 09:00:58 | Saving checkpoint to ./checkpoints\step_1795...
2026-08-15 09:00:58 | Checkpoint saved successfully!

2026-08-15 09:00:58 | Deleted old checkpoint: ./checkpoints\step_1785
2026-08-15 09:01:05 | Step 1800/6000 | Loss: 2.7484 | LR: 4.935030e-04
2026-08-15 09:01:09 |   >> Validation Loss: 2.7271
2026-08-15 09:01:09 |   --> Seen Generation @ step 1800:
Input: Translate to Vietnamese: Sorry, that question's not on here.
Output: Xin lỗi, câu hỏi không có ở đây.
--------------------------------------------------
2026-08-15 09:01:09 | Saving checkpoint to ./checkpoints\step_1800...
2026-08-15 09:01:09 | Checkpoint saved successfully!

2026-08-15 09:01:09 | Deleted old checkpoint: ./checkpoints\step_1790
2026-08-15 09:01:16 | Step 1805/6000 | Loss: 2.7761 | LR: 4.934219e-04
2026-08-15 09:01:19 |   >> Validation Loss: 2.7284
2026-08-15 09:01:19 |   --> Seen Generation @ step 1805:
Input: Translate to Vietnamese: Sorry, that question's not on here.
Output: Xin lỗi, câu hỏi không ở đây.
--------------------------------------------------
2026-08-15 09:01:19 | Saving checkpoint to ./checkpoints\step_1805...
2026-08-15 09:01:19 | Checkpoint saved successfully!

2026-08-15 09:01:19 | Deleted old checkpoint: ./checkpoints\step_1795
2026-08-15 09:01:26 | Step 1810/6000 | Loss: 2.7240 | LR: 4.933403e-04
2026-08-15 09:01:29 |   >> Validation Loss: 2.7256
2026-08-15 09:01:29 |   --> Seen Generation @ step 1810:
Input: Translate to Vietnamese: Sorry, that question's not on here.
Output: Xin lỗi, câu hỏi không có gì ở đây.
--------------------------------------------------
2026-08-15 09:01:29 | Saving checkpoint to ./checkpoints\step_1810...
2026-08-15 09:01:30 | Checkpoint saved successfully!

2026-08-15 09:01:30 | Deleted old checkpoint: ./checkpoints\step_1800
2026-08-15 09:01:37 | Step 1815/6000 | Loss: 2.7929 | LR: 4.932582e-04
2026-08-15 09:01:40 |   >> Validation Loss: 2.7240
2026-08-15 09:01:40 |   --> Seen Generation @ step 1815:
Input: Translate to Vietnamese: Sorry, that question's not on here.
Output: Xin lỗi, câu hỏi này không phải ở đây.
--------------------------------------------------
2026-08-15 09:01:40 | Saving checkpoint to ./checkpoints\step_1815...
2026-08-15 09:01:40 | Checkpoint saved successfully!

2026-08-15 09:01:40 | Deleted old checkpoint: ./checkpoints\step_1805
2026-08-15 09:01:47 | Step 1820/6000 | Loss: 2.7756 | LR: 4.931756e-04
2026-08-15 09:01:50 |   >> Validation Loss: 2.7266
2026-08-15 09:01:50 |   --> Seen Generation @ step 1820:
Input: Translate to Vietnamese: Sorry, that question's not on here.
Output: Xin lỗi, câu hỏi này không phải ở đây.
--------------------------------------------------
2026-08-15 09:01:50 | Saving checkpoint to ./checkpoints\step_1820...
2026-08-15 09:01:50 | Checkpoint saved successfully!

2026-08-15 09:01:50 | Deleted old checkpoint: ./checkpoints\step_1810
2026-08-15 09:01:57 | Step 1825/6000 | Loss: 2.8878 | LR: 4.930925e-04
2026-08-15 09:02:00 |   >> Validation Loss: 2.7232
2026-08-15 09:02:01 |   --> Seen Generation @ step 1825:
Input: Translate to Vietnamese: Sorry, that question's not on here.
Output: Xin lỗi, câu hỏi không có gì.
--------------------------------------------------
2026-08-15 09:02:01 | Saving checkpoint to ./checkpoints\step_1825...
2026-08-15 09:02:01 | Checkpoint saved successfully!

2026-08-15 09:02:01 | Deleted old checkpoint: ./checkpoints\step_1815
2026-08-15 09:02:08 | Step 1830/6000 | Loss: 2.7755 | LR: 4.930089e-04
2026-08-15 09:02:11 |   >> Validation Loss: 2.7195
2026-08-15 09:02:11 |   --> Seen Generation @ step 1830:
Input: Translate to Vietnamese: Sorry, that question's not on here.
Output: Xin lỗi, câu hỏi này không có gì ở đây.
--------------------------------------------------
2026-08-15 09:02:11 | Saving checkpoint to ./checkpoints\step_1830...
2026-08-15 09:02:11 | Checkpoint saved successfully!

2026-08-15 09:02:11 | Deleted old checkpoint: ./checkpoints\step_1820
2026-08-15 09:02:18 | Step 1835/6000 | Loss: 2.7294 | LR: 4.929248e-04
2026-08-15 09:02:21 |   >> Validation Loss: 2.7170
2026-08-15 09:02:21 |   --> Seen Generation @ step 1835:
Input: Translate to Vietnamese: Sorry, that question's not on here.
Output: Xin lỗi, câu hỏi không có ở đây.
--------------------------------------------------
2026-08-15 09:02:21 | Saving checkpoint to ./checkpoints\step_1835...
2026-08-15 09:02:21 | Checkpoint saved successfully!

2026-08-15 09:02:21 | Deleted old checkpoint: ./checkpoints\step_1825
2026-08-15 09:02:28 | Step 1840/6000 | Loss: 2.6890 | LR: 4.928402e-04
2026-08-15 09:02:32 |   >> Validation Loss: 2.7164
2026-08-15 09:02:32 |   --> Seen Generation @ step 1840:
Input: Translate to Vietnamese: Sorry, that question's not on here.
Output: Xin lỗi, câu hỏi không có gì ở đây.
--------------------------------------------------
2026-08-15 09:02:32 | Saving checkpoint to ./checkpoints\step_1840...
2026-08-15 09:02:32 | Checkpoint saved successfully!

2026-08-15 09:02:32 | Deleted old checkpoint: ./checkpoints\step_1830
2026-08-15 09:02:39 | Step 1845/6000 | Loss: 2.8358 | LR: 4.927552e-04
2026-08-15 09:02:42 |   >> Validation Loss: 2.7154
2026-08-15 09:02:42 |   --> Seen Generation @ step 1845:
Input: Translate to Vietnamese: Sorry, that question's not on here.
Output: Xin lỗi, câu hỏi này không phải ở đây.
--------------------------------------------------
2026-08-15 09:02:42 | Saving checkpoint to ./checkpoints\step_1845...
2026-08-15 09:02:42 | Checkpoint saved successfully!

2026-08-15 09:02:42 | Deleted old checkpoint: ./checkpoints\step_1835
2026-08-15 09:02:49 | Step 1850/6000 | Loss: 2.7549 | LR: 4.926696e-04
2026-08-15 09:02:53 |   >> Validation Loss: 2.7175
2026-08-15 09:02:53 |   --> Seen Generation @ step 1850:
Input: Translate to Vietnamese: Sorry, that question's not on here.
Output: Xin lỗi, câu hỏi không có gì ở đây.
--------------------------------------------------
2026-08-15 09:02:53 | Saving checkpoint to ./checkpoints\step_1850...
2026-08-15 09:02:53 | Checkpoint saved successfully!

2026-08-15 09:02:53 | Deleted old checkpoint: ./checkpoints\step_1840
2026-08-15 09:03:00 | Step 1855/6000 | Loss: 2.7893 | LR: 4.925835e-04
2026-08-15 09:03:03 |   >> Validation Loss: 2.7171
2026-08-15 09:03:03 |   --> Seen Generation @ step 1855:
Input: Translate to Vietnamese: Sorry, that question's not on here.
Output: Xin lỗi, câu hỏi này không có gì.
--------------------------------------------------
2026-08-15 09:03:03 | Saving checkpoint to ./checkpoints\step_1855...
2026-08-15 09:03:03 | Checkpoint saved successfully!

2026-08-15 09:03:03 | Deleted old checkpoint: ./checkpoints\step_1845
2026-08-15 09:03:10 | Step 1860/6000 | Loss: 2.7574 | LR: 4.924970e-04
2026-08-15 09:03:14 |   >> Validation Loss: 2.7100
2026-08-15 09:03:14 |   --> Seen Generation @ step 1860:
Input: Translate to Vietnamese: Sorry, that question's not on here.
Output: Xin lỗi, câu hỏi này không có ở đây.
--------------------------------------------------
2026-08-15 09:03:14 | Saving checkpoint to ./checkpoints\step_1860...
2026-08-15 09:03:14 | Checkpoint saved successfully!

2026-08-15 09:03:14 | Deleted old checkpoint: ./checkpoints\step_1850
2026-08-15 09:03:21 | Step 1865/6000 | Loss: 2.7222 | LR: 4.924099e-04
2026-08-15 09:03:24 |   >> Validation Loss: 2.7066
2026-08-15 09:03:24 |   --> Seen Generation @ step 1865:
Input: Translate to Vietnamese: Sorry, that question's not on here.
Output: Xin lỗi, câu hỏi đó không phải ở đây.
--------------------------------------------------
2026-08-15 09:03:24 | Saving checkpoint to ./checkpoints\step_1865...
2026-08-15 09:03:24 | Checkpoint saved successfully!

2026-08-15 09:03:24 | Deleted old checkpoint: ./checkpoints\step_1855
2026-08-15 09:03:31 | Step 1870/6000 | Loss: 2.6771 | LR: 4.923224e-04
2026-08-15 09:03:35 |   >> Validation Loss: 2.7055
2026-08-15 09:03:35 |   --> Seen Generation @ step 1870:
Input: Translate to Vietnamese: Sorry, that question's not on here.
Output: Xin lỗi, câu hỏi này không phải ở đây.
--------------------------------------------------
2026-08-15 09:03:35 | Saving checkpoint to ./checkpoints\step_1870...
2026-08-15 09:03:35 | Checkpoint saved successfully!

2026-08-15 09:03:35 | Deleted old checkpoint: ./checkpoints\step_1860
2026-08-15 09:03:42 | Step 1875/6000 | Loss: 2.7395 | LR: 4.922343e-04
2026-08-15 09:03:45 |   >> Validation Loss: 2.7043
2026-08-15 09:03:45 |   --> Seen Generation @ step 1875:
Input: Translate to Vietnamese: Sorry, that question's not on here.
Output: Xin lỗi, câu hỏi không phải là gì.
--------------------------------------------------
2026-08-15 09:03:45 | Saving checkpoint to ./checkpoints\step_1875...
2026-08-15 09:03:45 | Checkpoint saved successfully!

2026-08-15 09:03:45 | Deleted old checkpoint: ./checkpoints\step_1865
2026-08-15 09:03:52 | Step 1880/6000 | Loss: 2.7085 | LR: 4.921458e-04
2026-08-15 09:03:55 |   >> Validation Loss: 2.7047
2026-08-15 09:03:56 |   --> Seen Generation @ step 1880:
Input: Translate to Vietnamese: Sorry, that question's not on here.
Output: Xin lỗi, câu hỏi không phải là gì.
--------------------------------------------------
2026-08-15 09:03:56 | Saving checkpoint to ./checkpoints\step_1880...
2026-08-15 09:03:56 | Checkpoint saved successfully!

2026-08-15 09:03:56 | Deleted old checkpoint: ./checkpoints\step_1870
2026-08-15 09:04:03 | Step 1885/6000 | Loss: 2.7823 | LR: 4.920568e-04
2026-08-15 09:04:06 |   >> Validation Loss: 2.7062
2026-08-15 09:04:06 |   --> Seen Generation @ step 1885:
Input: Translate to Vietnamese: Sorry, that question's not on here.
Output: Xin lỗi, câu hỏi không phải là câu hỏi.
--------------------------------------------------
2026-08-15 09:04:06 | Saving checkpoint to ./checkpoints\step_1885...
2026-08-15 09:04:06 | Checkpoint saved successfully!

2026-08-15 09:04:06 | Deleted old checkpoint: ./checkpoints\step_1875
2026-08-15 09:04:13 | Step 1890/6000 | Loss: 2.7493 | LR: 4.919672e-04
2026-08-15 09:04:16 |   >> Validation Loss: 2.7040
2026-08-15 09:04:17 |   --> Seen Generation @ step 1890:
Input: Translate to Vietnamese: Sorry, that question's not on here.
Output: Xin lỗi, câu hỏi không có gì.
--------------------------------------------------
2026-08-15 09:04:17 | Saving checkpoint to ./checkpoints\step_1890...
2026-08-15 09:04:17 | Checkpoint saved successfully!

2026-08-15 09:04:17 | Deleted old checkpoint: ./checkpoints\step_1880
2026-08-15 09:04:24 | Step 1895/6000 | Loss: 2.7375 | LR: 4.918772e-04
2026-08-15 09:04:27 |   >> Validation Loss: 2.6999
2026-08-15 09:04:27 |   --> Seen Generation @ step 1895:
Input: Translate to Vietnamese: Sorry, that question's not on here.
Output: Xin lỗi, câu hỏi không phải là gì.
--------------------------------------------------
2026-08-15 09:04:27 | Saving checkpoint to ./checkpoints\step_1895...
2026-08-15 09:04:27 | Checkpoint saved successfully!

2026-08-15 09:04:27 | Deleted old checkpoint: ./checkpoints\step_1885
2026-08-15 09:04:34 | Step 1900/6000 | Loss: 2.7323 | LR: 4.917867e-04
2026-08-15 09:04:37 |   >> Validation Loss: 2.6976
2026-08-15 09:04:38 |   --> Seen Generation @ step 1900:
Input: Translate to Vietnamese: Sorry, that question's not on here.
Output: Xin lỗi, câu hỏi không phải là gì.
--------------------------------------------------
2026-08-15 09:04:38 | Saving checkpoint to ./checkpoints\step_1900...
2026-08-15 09:04:38 | Checkpoint saved successfully!

2026-08-15 09:04:38 | Deleted old checkpoint: ./checkpoints\step_1890
2026-08-15 09:04:45 | Step 1905/6000 | Loss: 2.6702 | LR: 4.916957e-04
2026-08-15 09:04:48 |   >> Validation Loss: 2.6983
2026-08-15 09:04:48 |   --> Seen Generation @ step 1905:
Input: Translate to Vietnamese: Sorry, that question's not on here.
Output: Xin lỗi, câu hỏi không phải ở đây.
--------------------------------------------------
2026-08-15 09:04:48 | Saving checkpoint to ./checkpoints\step_1905...
2026-08-15 09:04:48 | Checkpoint saved successfully!

2026-08-15 09:04:48 | Deleted old checkpoint: ./checkpoints\step_1895
2026-08-15 09:04:55 | Step 1910/6000 | Loss: 2.8786 | LR: 4.916042e-04
2026-08-15 09:04:58 |   >> Validation Loss: 2.6948
2026-08-15 09:04:58 |   --> Seen Generation @ step 1910:
Input: Translate to Vietnamese: Sorry, that question's not on here.
Output: Xin lỗi, câu hỏi này không phải ở đây.
--------------------------------------------------
2026-08-15 09:04:58 | Saving checkpoint to ./checkpoints\step_1910...
2026-08-15 09:04:59 | Checkpoint saved successfully!

2026-08-15 09:04:59 | Deleted old checkpoint: ./checkpoints\step_1900
2026-08-15 09:05:06 | Step 1915/6000 | Loss: 2.7057 | LR: 4.915122e-04
2026-08-15 09:05:09 |   >> Validation Loss: 2.6936
2026-08-15 09:05:09 |   --> Seen Generation @ step 1915:
Input: Translate to Vietnamese: Sorry, that question's not on here.
Output: Xin lỗi, điều đó không phải ở đây.
--------------------------------------------------
2026-08-15 09:05:09 | Saving checkpoint to ./checkpoints\step_1915...
2026-08-15 09:05:09 | Checkpoint saved successfully!

2026-08-15 09:05:09 | Deleted old checkpoint: ./checkpoints\step_1905
2026-08-15 09:05:16 | Step 1920/6000 | Loss: 2.6220 | LR: 4.914197e-04
2026-08-15 09:05:19 |   >> Validation Loss: 2.6952
2026-08-15 09:05:19 |   --> Seen Generation @ step 1920:
Input: Translate to Vietnamese: Sorry, that question's not on here.
Output: Xin lỗi, điều đó không phải ở đây.
--------------------------------------------------
2026-08-15 09:05:19 | Saving checkpoint to ./checkpoints\step_1920...
2026-08-15 09:05:19 | Checkpoint saved successfully!

2026-08-15 09:05:20 | Deleted old checkpoint: ./checkpoints\step_1910
2026-08-15 09:05:27 | Step 1925/6000 | Loss: 2.6909 | LR: 4.913268e-04
2026-08-15 09:05:30 |   >> Validation Loss: 2.6929
2026-08-15 09:05:30 |   --> Seen Generation @ step 1925:
Input: Translate to Vietnamese: Sorry, that question's not on here.
Output: Xin lỗi, câu hỏi không phải là câu hỏi.
--------------------------------------------------
2026-08-15 09:05:30 | Saving checkpoint to ./checkpoints\step_1925...
2026-08-15 09:05:30 | Checkpoint saved successfully!

2026-08-15 09:05:30 | Deleted old checkpoint: ./checkpoints\step_1915
2026-08-15 09:05:37 | Step 1930/6000 | Loss: 2.7461 | LR: 4.912333e-04
2026-08-15 09:05:40 |   >> Validation Loss: 2.6904
2026-08-15 09:05:40 |   --> Seen Generation @ step 1930:
Input: Translate to Vietnamese: Sorry, that question's not on here.
Output: Xin lỗi, câu hỏi không phải ở đây.
--------------------------------------------------
2026-08-15 09:05:40 | Saving checkpoint to ./checkpoints\step_1930...
2026-08-15 09:05:40 | Checkpoint saved successfully!

2026-08-15 09:05:41 | Deleted old checkpoint: ./checkpoints\step_1920
2026-08-15 09:05:48 | Step 1935/6000 | Loss: 2.7696 | LR: 4.911394e-04
2026-08-15 09:05:51 |   >> Validation Loss: 2.6893
2026-08-15 09:05:51 |   --> Seen Generation @ step 1935:
Input: Translate to Vietnamese: Sorry, that question's not on here.
Output: Xin lỗi, câu hỏi không phải ở đây.
--------------------------------------------------
2026-08-15 09:05:51 | Saving checkpoint to ./checkpoints\step_1935...
2026-08-15 09:05:51 | Checkpoint saved successfully!

2026-08-15 09:05:51 | Deleted old checkpoint: ./checkpoints\step_1925
2026-08-15 09:05:58 | Step 1940/6000 | Loss: 2.7394 | LR: 4.910449e-04
2026-08-15 09:06:01 |   >> Validation Loss: 2.6875
2026-08-15 09:06:01 |   --> Seen Generation @ step 1940:
Input: Translate to Vietnamese: Sorry, that question's not on here.
Output: Xin lỗi, câu hỏi không có gì ở đây.
--------------------------------------------------
2026-08-15 09:06:01 | Saving checkpoint to ./checkpoints\step_1940...
2026-08-15 09:06:01 | Checkpoint saved successfully!

2026-08-15 09:06:01 | Deleted old checkpoint: ./checkpoints\step_1930
2026-08-15 09:06:09 | Step 1945/6000 | Loss: 2.7561 | LR: 4.909500e-04
2026-08-15 09:06:12 |   >> Validation Loss: 2.6850
2026-08-15 09:06:12 |   --> Seen Generation @ step 1945:
Input: Translate to Vietnamese: Sorry, that question's not on here.
Output: Xin lỗi, câu hỏi không phải là gì.
--------------------------------------------------
2026-08-15 09:06:12 | Saving checkpoint to ./checkpoints\step_1945...
2026-08-15 09:06:12 | Checkpoint saved successfully!

2026-08-15 09:06:12 | Deleted old checkpoint: ./checkpoints\step_1935
2026-08-15 09:06:19 | Step 1950/6000 | Loss: 2.7012 | LR: 4.908545e-04
2026-08-15 09:06:22 |   >> Validation Loss: 2.6838
2026-08-15 09:06:22 |   --> Seen Generation @ step 1950:
Input: Translate to Vietnamese: Sorry, that question's not on here.
Output: Xin lỗi, câu hỏi không phải ở đây.
--------------------------------------------------
2026-08-15 09:06:22 | Saving checkpoint to ./checkpoints\step_1950...
2026-08-15 09:06:22 | Checkpoint saved successfully!

2026-08-15 09:06:22 | Deleted old checkpoint: ./checkpoints\step_1940
2026-08-15 09:06:30 | Step 1955/6000 | Loss: 2.7466 | LR: 4.907586e-04
2026-08-15 09:06:33 |   >> Validation Loss: 2.6834
2026-08-15 09:06:33 |   --> Seen Generation @ step 1955:
Input: Translate to Vietnamese: Sorry, that question's not on here.
Output: Xin lỗi, câu hỏi không phải ở đây.
--------------------------------------------------
2026-08-15 09:06:33 | Saving checkpoint to ./checkpoints\step_1955...
2026-08-15 09:06:33 | Checkpoint saved successfully!

2026-08-15 09:06:33 | Deleted old checkpoint: ./checkpoints\step_1945
2026-08-15 09:06:40 | Step 1960/6000 | Loss: 2.7825 | LR: 4.906622e-04
2026-08-15 09:06:43 |   >> Validation Loss: 2.6822
2026-08-15 09:06:43 |   --> Seen Generation @ step 1960:
Input: Translate to Vietnamese: Sorry, that question's not on here.
Output: Xin lỗi, câu hỏi không phải ở đây.
--------------------------------------------------
2026-08-15 09:06:43 | Saving checkpoint to ./checkpoints\step_1960...
2026-08-15 09:06:43 | Checkpoint saved successfully!

2026-08-15 09:06:43 | Deleted old checkpoint: ./checkpoints\step_1950
2026-08-15 09:06:50 | Step 1965/6000 | Loss: 2.7161 | LR: 4.905653e-04
2026-08-15 09:06:54 |   >> Validation Loss: 2.6793
2026-08-15 09:06:54 |   --> Seen Generation @ step 1965:
Input: Translate to Vietnamese: Sorry, that question's not on here.
Output: Xin lỗi, câu hỏi không phải ở đây.
--------------------------------------------------
2026-08-15 09:06:54 | Saving checkpoint to ./checkpoints\step_1965...
2026-08-15 09:06:54 | Checkpoint saved successfully!

2026-08-15 09:06:54 | Deleted old checkpoint: ./checkpoints\step_1955
2026-08-15 09:07:01 | Step 1970/6000 | Loss: 2.7333 | LR: 4.904679e-04
2026-08-15 09:07:04 |   >> Validation Loss: 2.6758
2026-08-15 09:07:04 |   --> Seen Generation @ step 1970:
Input: Translate to Vietnamese: Sorry, that question's not on here.
Output: Xin lỗi, câu hỏi không có.
--------------------------------------------------
2026-08-15 09:07:04 | Saving checkpoint to ./checkpoints\step_1970...
2026-08-15 09:07:04 | Checkpoint saved successfully!

2026-08-15 09:07:04 | Deleted old checkpoint: ./checkpoints\step_1960
2026-08-15 09:07:11 | Step 1975/6000 | Loss: 2.6910 | LR: 4.903700e-04
2026-08-15 09:07:15 |   >> Validation Loss: 2.6762
2026-08-15 09:07:15 |   --> Seen Generation @ step 1975:
Input: Translate to Vietnamese: Sorry, that question's not on here.
Output: Xin lỗi, câu hỏi không phải ở đây.
--------------------------------------------------
2026-08-15 09:07:15 | Saving checkpoint to ./checkpoints\step_1975...
2026-08-15 09:07:15 | Checkpoint saved successfully!

2026-08-15 09:07:15 | Deleted old checkpoint: ./checkpoints\step_1965
2026-08-15 09:07:22 | Step 1980/6000 | Loss: 2.7286 | LR: 4.902716e-04
2026-08-15 09:07:25 |   >> Validation Loss: 2.6746
2026-08-15 09:07:25 |   --> Seen Generation @ step 1980:
Input: Translate to Vietnamese: Sorry, that question's not on here.
Output: Xin lỗi, câu hỏi không có ở đây.
--------------------------------------------------
2026-08-15 09:07:25 | Saving checkpoint to ./checkpoints\step_1980...
2026-08-15 09:07:25 | Checkpoint saved successfully!

2026-08-15 09:07:25 | Deleted old checkpoint: ./checkpoints\step_1970
2026-08-15 09:07:32 | Step 1985/6000 | Loss: 2.6535 | LR: 4.901728e-04
2026-08-15 09:07:35 |   >> Validation Loss: 2.6744
2026-08-15 09:07:35 |   --> Seen Generation @ step 1985:
Input: Translate to Vietnamese: Sorry, that question's not on here.
Output: Xin lỗi, câu hỏi không có ở đây.
--------------------------------------------------
2026-08-15 09:07:35 | Saving checkpoint to ./checkpoints\step_1985...
2026-08-15 09:07:36 | Checkpoint saved successfully!

2026-08-15 09:07:36 | Deleted old checkpoint: ./checkpoints\step_1975
2026-08-15 09:07:43 | Step 1990/6000 | Loss: 2.6973 | LR: 4.900734e-04
2026-08-15 09:07:46 |   >> Validation Loss: 2.6724
2026-08-15 09:07:46 |   --> Seen Generation @ step 1990:
Input: Translate to Vietnamese: Sorry, that question's not on here.
Output: Xin lỗi, câu hỏi không có gì ở đây.
--------------------------------------------------
2026-08-15 09:07:46 | Saving checkpoint to ./checkpoints\step_1990...
2026-08-15 09:07:46 | Checkpoint saved successfully!

2026-08-15 09:07:46 | Deleted old checkpoint: ./checkpoints\step_1980
2026-08-15 09:07:53 | Step 1995/6000 | Loss: 2.7224 | LR: 4.899736e-04
2026-08-15 09:07:56 |   >> Validation Loss: 2.6727
2026-08-15 09:07:56 |   --> Seen Generation @ step 1995:
Input: Translate to Vietnamese: Sorry, that question's not on here.
Output: Xin lỗi, câu hỏi không có gì ở đây.
--------------------------------------------------
2026-08-15 09:07:56 | Saving checkpoint to ./checkpoints\step_1995...
2026-08-15 09:07:57 | Checkpoint saved successfully!

2026-08-15 09:07:57 | Deleted old checkpoint: ./checkpoints\step_1985
2026-08-15 09:08:04 | Step 2000/6000 | Loss: 2.7015 | LR: 4.898732e-04
2026-08-15 09:08:07 |   >> Validation Loss: 2.6721
2026-08-15 09:08:07 |   --> Seen Generation @ step 2000:
Input: Translate to Vietnamese: Sorry, that question's not on here.
Output: Xin lỗi, câu hỏi không có gì ở đây.
--------------------------------------------------
2026-08-15 09:08:07 | Saving checkpoint to ./checkpoints\step_2000...
2026-08-15 09:08:07 | Checkpoint saved successfully!

2026-08-15 09:08:07 | Deleted old checkpoint: ./checkpoints\step_1990
2026-08-15 09:08:14 | Step 2005/6000 | Loss: 2.6319 | LR: 4.897724e-04
2026-08-15 09:08:17 |   >> Validation Loss: 2.6701
2026-08-15 09:08:17 |   --> Seen Generation @ step 2005:
Input: Translate to Vietnamese: Sorry, that question's not on here.
Output: Xin lỗi, điều đó không có gì ở đây.
--------------------------------------------------
2026-08-15 09:08:17 | Saving checkpoint to ./checkpoints\step_2005...
2026-08-15 09:08:17 | Checkpoint saved successfully!

2026-08-15 09:08:17 | Deleted old checkpoint: ./checkpoints\step_1995
2026-08-15 09:08:25 | Step 2010/6000 | Loss: 2.6873 | LR: 4.896711e-04
2026-08-15 09:08:28 |   >> Validation Loss: 2.6697
2026-08-15 09:08:28 |   --> Seen Generation @ step 2010:
Input: Translate to Vietnamese: Sorry, that question's not on here.
Output: Xin lỗi, điều đó không có ở đây.
--------------------------------------------------
2026-08-15 09:08:28 | Saving checkpoint to ./checkpoints\step_2010...
2026-08-15 09:08:28 | Checkpoint saved successfully!

2026-08-15 09:08:28 | Deleted old checkpoint: ./checkpoints\step_2000
2026-08-15 09:08:35 | Step 2015/6000 | Loss: 2.6449 | LR: 4.895693e-04
2026-08-15 09:08:38 |   >> Validation Loss: 2.6674
2026-08-15 09:08:38 |   --> Seen Generation @ step 2015:
Input: Translate to Vietnamese: Sorry, that question's not on here.
Output: Xin lỗi, điều đó không ở đây.
--------------------------------------------------
2026-08-15 09:08:38 | Saving checkpoint to ./checkpoints\step_2015...
2026-08-15 09:08:38 | Checkpoint saved successfully!

2026-08-15 09:08:38 | Deleted old checkpoint: ./checkpoints\step_2005
2026-08-15 09:08:46 | Step 2020/6000 | Loss: 2.6311 | LR: 4.894670e-04
2026-08-15 09:08:49 |   >> Validation Loss: 2.6664
2026-08-15 09:08:49 |   --> Seen Generation @ step 2020:
Input: Translate to Vietnamese: Sorry, that question's not on here.
Output: Xin lỗi, điều đó không phải ở đây.
--------------------------------------------------
2026-08-15 09:08:49 | Saving checkpoint to ./checkpoints\step_2020...
2026-08-15 09:08:49 | Checkpoint saved successfully!

2026-08-15 09:08:49 | Deleted old checkpoint: ./checkpoints\step_2010
2026-08-15 09:08:56 | Step 2025/6000 | Loss: 2.7002 | LR: 4.893642e-04
2026-08-15 09:08:59 |   >> Validation Loss: 2.6623
2026-08-15 09:08:59 |   --> Seen Generation @ step 2025:
Input: Translate to Vietnamese: Sorry, that question's not on here.
Output: Xin lỗi, câu hỏi không có ở đây.
--------------------------------------------------
2026-08-15 09:08:59 | Saving checkpoint to ./checkpoints\step_2025...
2026-08-15 09:08:59 | Checkpoint saved successfully!

2026-08-15 09:08:59 | Deleted old checkpoint: ./checkpoints\step_2015
2026-08-15 09:09:06 | Step 2030/6000 | Loss: 2.7077 | LR: 4.892610e-04
2026-08-15 09:09:10 |   >> Validation Loss: 2.6649
2026-08-15 09:09:10 |   --> Seen Generation @ step 2030:
Input: Translate to Vietnamese: Sorry, that question's not on here.
Output: Xin lỗi, câu hỏi không có ở đây.
--------------------------------------------------
2026-08-15 09:09:10 | Saving checkpoint to ./checkpoints\step_2030...
2026-08-15 09:09:10 | Checkpoint saved successfully!

2026-08-15 09:09:10 | Deleted old checkpoint: ./checkpoints\step_2020
2026-08-15 09:09:17 | Step 2035/6000 | Loss: 2.6931 | LR: 4.891572e-04
2026-08-15 09:09:20 |   >> Validation Loss: 2.6597
2026-08-15 09:09:20 |   --> Seen Generation @ step 2035:
Input: Translate to Vietnamese: Sorry, that question's not on here.
Output: Xin lỗi, câu hỏi không phải là gì.
--------------------------------------------------
2026-08-15 09:09:20 | Saving checkpoint to ./checkpoints\step_2035...
2026-08-15 09:09:20 | Checkpoint saved successfully!

2026-08-15 09:09:20 | Deleted old checkpoint: ./checkpoints\step_2025
2026-08-15 09:09:27 | Step 2040/6000 | Loss: 2.6856 | LR: 4.890530e-04
2026-08-15 09:09:31 |   >> Validation Loss: 2.6561
2026-08-15 09:09:31 |   --> Seen Generation @ step 2040:
Input: Translate to Vietnamese: Sorry, that question's not on here.
Output: Xin lỗi, câu hỏi không có gì ở đây.
--------------------------------------------------
2026-08-15 09:09:31 | Saving checkpoint to ./checkpoints\step_2040...
2026-08-15 09:09:31 | Checkpoint saved successfully!

2026-08-15 09:09:31 | Deleted old checkpoint: ./checkpoints\step_2030
2026-08-15 09:09:38 | Step 2045/6000 | Loss: 2.6775 | LR: 4.889483e-04
2026-08-15 09:09:41 |   >> Validation Loss: 2.6559
2026-08-15 09:09:41 |   --> Seen Generation @ step 2045:
Input: Translate to Vietnamese: Sorry, that question's not on here.
Output: Xin lỗi, câu hỏi không có gì ở đây.
--------------------------------------------------
2026-08-15 09:09:41 | Saving checkpoint to ./checkpoints\step_2045...
2026-08-15 09:09:41 | Checkpoint saved successfully!

2026-08-15 09:09:41 | Deleted old checkpoint: ./checkpoints\step_2035
2026-08-15 09:09:48 | Step 2050/6000 | Loss: 2.6814 | LR: 4.888430e-04
2026-08-15 09:09:51 |   >> Validation Loss: 2.6575
2026-08-15 09:09:52 |   --> Seen Generation @ step 2050:
Input: Translate to Vietnamese: Sorry, that question's not on here.
Output: Xin lỗi, câu hỏi không có gì ở đây.
--------------------------------------------------
2026-08-15 09:09:52 | Saving checkpoint to ./checkpoints\step_2050...
2026-08-15 09:09:52 | Checkpoint saved successfully!

2026-08-15 09:09:52 | Deleted old checkpoint: ./checkpoints\step_2040
2026-08-15 09:09:59 | Step 2055/6000 | Loss: 2.7116 | LR: 4.887373e-04
2026-08-15 09:10:02 |   >> Validation Loss: 2.6548
2026-08-15 09:10:02 |   --> Seen Generation @ step 2055:
Input: Translate to Vietnamese: Sorry, that question's not on here.
Output: Xin lỗi, câu hỏi không có gì.
--------------------------------------------------
2026-08-15 09:10:02 | Saving checkpoint to ./checkpoints\step_2055...
2026-08-15 09:10:02 | Checkpoint saved successfully!

2026-08-15 09:10:02 | Deleted old checkpoint: ./checkpoints\step_2045
2026-08-15 09:10:09 | Step 2060/6000 | Loss: 2.6890 | LR: 4.886311e-04
2026-08-15 09:10:12 |   >> Validation Loss: 2.6525
2026-08-15 09:10:12 |   --> Seen Generation @ step 2060:
Input: Translate to Vietnamese: Sorry, that question's not on here.
Output: Xin lỗi, câu hỏi không có gì ở đây.
--------------------------------------------------
2026-08-15 09:10:12 | Saving checkpoint to ./checkpoints\step_2060...
2026-08-15 09:10:13 | Checkpoint saved successfully!

2026-08-15 09:10:13 | Deleted old checkpoint: ./checkpoints\step_2050
2026-08-15 09:10:20 | Step 2065/6000 | Loss: 2.6794 | LR: 4.885245e-04
2026-08-15 09:10:23 |   >> Validation Loss: 2.6522
2026-08-15 09:10:23 |   --> Seen Generation @ step 2065:
Input: Translate to Vietnamese: Sorry, that question's not on here.
Output: Xin lỗi, câu hỏi không có gì.
--------------------------------------------------
2026-08-15 09:10:23 | Saving checkpoint to ./checkpoints\step_2065...
2026-08-15 09:10:23 | Checkpoint saved successfully!

2026-08-15 09:10:23 | Deleted old checkpoint: ./checkpoints\step_2055
2026-08-15 09:10:30 | Step 2070/6000 | Loss: 2.7314 | LR: 4.884173e-04
2026-08-15 09:10:33 |   >> Validation Loss: 2.6512
2026-08-15 09:10:33 |   --> Seen Generation @ step 2070:
Input: Translate to Vietnamese: Sorry, that question's not on here.
Output: Xin lỗi, câu hỏi không phải là gì.
--------------------------------------------------
2026-08-15 09:10:33 | Saving checkpoint to ./checkpoints\step_2070...
2026-08-15 09:10:33 | Checkpoint saved successfully!

2026-08-15 09:10:33 | Deleted old checkpoint: ./checkpoints\step_2060
2026-08-15 09:10:41 | Step 2075/6000 | Loss: 2.6132 | LR: 4.883097e-04
2026-08-15 09:10:44 |   >> Validation Loss: 2.6504
2026-08-15 09:10:44 |   --> Seen Generation @ step 2075:
Input: Translate to Vietnamese: Sorry, that question's not on here.
Output: Xin lỗi, câu hỏi không có gì ở đây.
--------------------------------------------------
2026-08-15 09:10:44 | Saving checkpoint to ./checkpoints\step_2075...
2026-08-15 09:10:44 | Checkpoint saved successfully!

2026-08-15 09:10:44 | Deleted old checkpoint: ./checkpoints\step_2065
2026-08-15 09:10:51 | Step 2080/6000 | Loss: 2.6684 | LR: 4.882015e-04
2026-08-15 09:10:54 |   >> Validation Loss: 2.6464
2026-08-15 09:10:54 |   --> Seen Generation @ step 2080:
Input: Translate to Vietnamese: Sorry, that question's not on here.
Output: Xin lỗi, câu hỏi không có gì.
--------------------------------------------------
2026-08-15 09:10:54 | Saving checkpoint to ./checkpoints\step_2080...
2026-08-15 09:10:54 | Checkpoint saved successfully!

2026-08-15 09:10:54 | Deleted old checkpoint: ./checkpoints\step_2070
2026-08-15 09:11:02 | Step 2085/6000 | Loss: 2.5913 | LR: 4.880929e-04
2026-08-15 09:11:05 |   >> Validation Loss: 2.6497
2026-08-15 09:11:05 |   --> Seen Generation @ step 2085:
Input: Translate to Vietnamese: Sorry, that question's not on here.
Output: Xin lỗi, câu hỏi không có gì.
--------------------------------------------------
2026-08-15 09:11:05 | Saving checkpoint to ./checkpoints\step_2085...
2026-08-15 09:11:05 | Checkpoint saved successfully!

2026-08-15 09:11:05 | Deleted old checkpoint: ./checkpoints\step_2075
2026-08-15 09:11:12 | Step 2090/6000 | Loss: 2.5911 | LR: 4.879838e-04
2026-08-15 09:11:15 |   >> Validation Loss: 2.6460
2026-08-15 09:11:15 |   --> Seen Generation @ step 2090:
Input: Translate to Vietnamese: Sorry, that question's not on here.
Output: Xin lỗi, câu hỏi không phải ở đây.
--------------------------------------------------
2026-08-15 09:11:15 | Saving checkpoint to ./checkpoints\step_2090...
2026-08-15 09:11:15 | Checkpoint saved successfully!

2026-08-15 09:11:15 | Deleted old checkpoint: ./checkpoints\step_2080
2026-08-15 09:11:23 | Step 2095/6000 | Loss: 2.7389 | LR: 4.878742e-04
2026-08-15 09:11:26 |   >> Validation Loss: 2.6479
2026-08-15 09:11:26 |   --> Seen Generation @ step 2095:
Input: Translate to Vietnamese: Sorry, that question's not on here.
Output: Xin lỗi, câu hỏi không phải.
--------------------------------------------------
2026-08-15 09:11:26 | Saving checkpoint to ./checkpoints\step_2095...
2026-08-15 09:11:26 | Checkpoint saved successfully!

2026-08-15 09:11:26 | Deleted old checkpoint: ./checkpoints\step_2085
2026-08-15 09:11:33 | Step 2100/6000 | Loss: 2.6637 | LR: 4.877641e-04
2026-08-15 09:11:36 |   >> Validation Loss: 2.6441
2026-08-15 09:11:36 |   --> Seen Generation @ step 2100:
Input: Translate to Vietnamese: Sorry, that question's not on here.
Output: Xin lỗi, câu hỏi không phải ở đây.
--------------------------------------------------
2026-08-15 09:11:36 | Saving checkpoint to ./checkpoints\step_2100...
2026-08-15 09:11:36 | Checkpoint saved successfully!

2026-08-15 09:11:36 | Deleted old checkpoint: ./checkpoints\step_2090
2026-08-15 09:11:43 | Step 2105/6000 | Loss: 2.6025 | LR: 4.876536e-04
2026-08-15 09:11:47 |   >> Validation Loss: 2.6403
2026-08-15 09:11:47 |   --> Seen Generation @ step 2105:
Input: Translate to Vietnamese: Sorry, that question's not on here.
Output: Xin lỗi, câu hỏi không phải ở đây.
--------------------------------------------------
2026-08-15 09:11:47 | Saving checkpoint to ./checkpoints\step_2105...
2026-08-15 09:11:47 | Checkpoint saved successfully!

2026-08-15 09:11:47 | Deleted old checkpoint: ./checkpoints\step_2095
2026-08-15 09:11:54 | Step 2110/6000 | Loss: 2.6346 | LR: 4.875425e-04
2026-08-15 09:11:57 |   >> Validation Loss: 2.6403
2026-08-15 09:11:57 |   --> Seen Generation @ step 2110:
Input: Translate to Vietnamese: Sorry, that question's not on here.
Output: Xin lỗi, câu hỏi không có ở đây.
--------------------------------------------------
2026-08-15 09:11:57 | Saving checkpoint to ./checkpoints\step_2110...
2026-08-15 09:11:58 | Checkpoint saved successfully!

2026-08-15 09:11:58 | Deleted old checkpoint: ./checkpoints\step_2100
2026-08-15 09:12:05 | Step 2115/6000 | Loss: 2.6921 | LR: 4.874310e-04
2026-08-15 09:12:08 |   >> Validation Loss: 2.6482
2026-08-15 09:12:08 |   --> Seen Generation @ step 2115:
Input: Translate to Vietnamese: Sorry, that question's not on here.
Output: Xin lỗi, câu hỏi không có gì trên đây.
--------------------------------------------------
2026-08-15 09:12:08 | Saving checkpoint to ./checkpoints\step_2115...
2026-08-15 09:12:08 | Checkpoint saved successfully!

2026-08-15 09:12:08 | Deleted old checkpoint: ./checkpoints\step_2105
2026-08-15 09:12:15 | Step 2120/6000 | Loss: 2.6997 | LR: 4.873190e-04
2026-08-15 09:12:18 |   >> Validation Loss: 2.6396
2026-08-15 09:12:18 |   --> Seen Generation @ step 2120:
Input: Translate to Vietnamese: Sorry, that question's not on here.
Output: Xin lỗi, câu hỏi không phải là gì.
--------------------------------------------------
2026-08-15 09:12:18 | Saving checkpoint to ./checkpoints\step_2120...
2026-08-15 09:12:18 | Checkpoint saved successfully!

2026-08-15 09:12:18 | Deleted old checkpoint: ./checkpoints\step_2110
2026-08-15 09:12:26 | Step 2125/6000 | Loss: 2.7119 | LR: 4.872065e-04
2026-08-15 09:12:29 |   >> Validation Loss: 2.6407
2026-08-15 09:12:29 |   --> Seen Generation @ step 2125:
Input: Translate to Vietnamese: Sorry, that question's not on here.
Output: Xin lỗi, câu hỏi không phải là không.
--------------------------------------------------
2026-08-15 09:12:29 | Saving checkpoint to ./checkpoints\step_2125...
2026-08-15 09:12:29 | Checkpoint saved successfully!

2026-08-15 09:12:29 | Deleted old checkpoint: ./checkpoints\step_2115
2026-08-15 09:12:36 | Step 2130/6000 | Loss: 2.6020 | LR: 4.870935e-04
2026-08-15 09:12:39 |   >> Validation Loss: 2.6366
2026-08-15 09:12:39 |   --> Seen Generation @ step 2130:
Input: Translate to Vietnamese: Sorry, that question's not on here.
Output: Xin lỗi, câu hỏi không có gì ở đây.
--------------------------------------------------
2026-08-15 09:12:39 | Saving checkpoint to ./checkpoints\step_2130...
2026-08-15 09:12:39 | Checkpoint saved successfully!

2026-08-15 09:12:39 | Deleted old checkpoint: ./checkpoints\step_2120
2026-08-15 09:12:46 | Step 2135/6000 | Loss: 2.7156 | LR: 4.869800e-04
2026-08-15 09:12:50 |   >> Validation Loss: 2.6327
2026-08-15 09:12:50 |   --> Seen Generation @ step 2135:
Input: Translate to Vietnamese: Sorry, that question's not on here.
Output: Xin lỗi, câu hỏi không có gì ở đây.
--------------------------------------------------
2026-08-15 09:12:50 | Saving checkpoint to ./checkpoints\step_2135...
2026-08-15 09:12:50 | Checkpoint saved successfully!

2026-08-15 09:12:50 | Deleted old checkpoint: ./checkpoints\step_2125
2026-08-15 09:12:57 | Step 2140/6000 | Loss: 2.6473 | LR: 4.868661e-04
2026-08-15 09:13:00 |   >> Validation Loss: 2.6313
2026-08-15 09:13:00 |   --> Seen Generation @ step 2140:
Input: Translate to Vietnamese: Sorry, that question's not on here.
Output: Xin lỗi, câu hỏi không có nghĩa gì ở đây.
--------------------------------------------------
2026-08-15 09:13:00 | Saving checkpoint to ./checkpoints\step_2140...
2026-08-15 09:13:00 | Checkpoint saved successfully!

2026-08-15 09:13:00 | Deleted old checkpoint: ./checkpoints\step_2130
2026-08-15 09:13:08 | Step 2145/6000 | Loss: 2.6766 | LR: 4.867517e-04
2026-08-15 09:13:11 |   >> Validation Loss: 2.6298
2026-08-15 09:13:11 |   --> Seen Generation @ step 2145:
Input: Translate to Vietnamese: Sorry, that question's not on here.
Output: Xin lỗi, câu hỏi không có nghĩa là không.
--------------------------------------------------
2026-08-15 09:13:11 | Saving checkpoint to ./checkpoints\step_2145...
2026-08-15 09:13:11 | Checkpoint saved successfully!

2026-08-15 09:13:11 | Deleted old checkpoint: ./checkpoints\step_2135
2026-08-15 09:13:18 | Step 2150/6000 | Loss: 2.6376 | LR: 4.866367e-04
2026-08-15 09:13:21 |   >> Validation Loss: 2.6280
2026-08-15 09:13:21 |   --> Seen Generation @ step 2150:
Input: Translate to Vietnamese: Sorry, that question's not on here.
Output: Xin lỗi, câu hỏi không có gì ở đây.
--------------------------------------------------
2026-08-15 09:13:21 | Saving checkpoint to ./checkpoints\step_2150...
2026-08-15 09:13:22 | Checkpoint saved successfully!

2026-08-15 09:13:22 | Deleted old checkpoint: ./checkpoints\step_2140
2026-08-15 09:13:29 | Step 2155/6000 | Loss: 2.6367 | LR: 4.865213e-04
2026-08-15 09:13:32 |   >> Validation Loss: 2.6294
2026-08-15 09:13:32 |   --> Seen Generation @ step 2155:
Input: Translate to Vietnamese: Sorry, that question's not on here.
Output: Xin lỗi, câu hỏi không có gì ở đây.
--------------------------------------------------
2026-08-15 09:13:32 | Saving checkpoint to ./checkpoints\step_2155...
2026-08-15 09:13:32 | Checkpoint saved successfully!

2026-08-15 09:13:32 | Deleted old checkpoint: ./checkpoints\step_2145
2026-08-15 09:13:39 | Step 2160/6000 | Loss: 2.5771 | LR: 4.864055e-04
2026-08-15 09:13:42 |   >> Validation Loss: 2.6316
2026-08-15 09:13:42 |   --> Seen Generation @ step 2160:
Input: Translate to Vietnamese: Sorry, that question's not on here.
Output: Xin lỗi, câu hỏi không có gì ở đây.
--------------------------------------------------
2026-08-15 09:13:42 | Saving checkpoint to ./checkpoints\step_2160...
2026-08-15 09:13:42 | Checkpoint saved successfully!

2026-08-15 09:13:42 | Deleted old checkpoint: ./checkpoints\step_2150
2026-08-15 09:13:49 | Step 2165/6000 | Loss: 2.6135 | LR: 4.862891e-04
2026-08-15 09:13:52 |   >> Validation Loss: 2.6286
2026-08-15 09:13:52 |   --> Seen Generation @ step 2165:
Input: Translate to Vietnamese: Sorry, that question's not on here.
Output: Xin lỗi, câu hỏi không phải là gì.
--------------------------------------------------
2026-08-15 09:13:52 | Saving checkpoint to ./checkpoints\step_2165...
2026-08-15 09:13:53 | Checkpoint saved successfully!

2026-08-15 09:13:53 | Deleted old checkpoint: ./checkpoints\step_2155
2026-08-15 09:14:00 | Step 2170/6000 | Loss: 2.6622 | LR: 4.861723e-04
2026-08-15 09:14:03 |   >> Validation Loss: 2.6251
2026-08-15 09:14:03 |   --> Seen Generation @ step 2170:
Input: Translate to Vietnamese: Sorry, that question's not on here.
Output: Xin lỗi, câu hỏi này không phải là gì cả.
--------------------------------------------------
2026-08-15 09:14:03 | Saving checkpoint to ./checkpoints\step_2170...
2026-08-15 09:14:03 | Checkpoint saved successfully!

2026-08-15 09:14:03 | Deleted old checkpoint: ./checkpoints\step_2160
2026-08-15 09:14:10 | Step 2175/6000 | Loss: 2.7168 | LR: 4.860549e-04
2026-08-15 09:14:13 |   >> Validation Loss: 2.6227
2026-08-15 09:14:13 |   --> Seen Generation @ step 2175:
Input: Translate to Vietnamese: Sorry, that question's not on here.
Output: Xin lỗi, câu hỏi không có gì ở đây.
--------------------------------------------------
2026-08-15 09:14:13 | Saving checkpoint to ./checkpoints\step_2175...
2026-08-15 09:14:13 | Checkpoint saved successfully!

2026-08-15 09:14:13 | Deleted old checkpoint: ./checkpoints\step_2165
2026-08-15 09:14:20 | Step 2180/6000 | Loss: 2.7164 | LR: 4.859371e-04
2026-08-15 09:14:23 |   >> Validation Loss: 2.6222
2026-08-15 09:14:23 |   --> Seen Generation @ step 2180:
Input: Translate to Vietnamese: Sorry, that question's not on here.
Output: Xin lỗi, câu hỏi này không có gì trên đây.
--------------------------------------------------
2026-08-15 09:14:23 | Saving checkpoint to ./checkpoints\step_2180...
2026-08-15 09:14:24 | Checkpoint saved successfully!

2026-08-15 09:14:24 | Deleted old checkpoint: ./checkpoints\step_2170
2026-08-15 09:14:31 | Step 2185/6000 | Loss: 2.6306 | LR: 4.858188e-04
2026-08-15 09:14:34 |   >> Validation Loss: 2.6206
2026-08-15 09:14:34 |   --> Seen Generation @ step 2185:
Input: Translate to Vietnamese: Sorry, that question's not on here.
Output: Xin lỗi, câu hỏi không phải là về đây.
--------------------------------------------------
2026-08-15 09:14:34 | Saving checkpoint to ./checkpoints\step_2185...
2026-08-15 09:14:34 | Checkpoint saved successfully!

2026-08-15 09:14:34 | Deleted old checkpoint: ./checkpoints\step_2175
2026-08-15 09:14:41 | Step 2190/6000 | Loss: 2.6605 | LR: 4.857001e-04
2026-08-15 09:14:44 |   >> Validation Loss: 2.6231
2026-08-15 09:14:44 |   --> Seen Generation @ step 2190:
Input: Translate to Vietnamese: Sorry, that question's not on here.
Output: Xin lỗi, câu hỏi không có ở đây.
--------------------------------------------------
2026-08-15 09:14:44 | Saving checkpoint to ./checkpoints\step_2190...
2026-08-15 09:14:44 | Checkpoint saved successfully!

2026-08-15 09:14:44 | Deleted old checkpoint: ./checkpoints\step_2180
2026-08-15 09:14:51 | Step 2195/6000 | Loss: 2.7114 | LR: 4.855808e-04
2026-08-15 09:14:54 |   >> Validation Loss: 2.6235
2026-08-15 09:14:54 |   --> Seen Generation @ step 2195:
Input: Translate to Vietnamese: Sorry, that question's not on here.
Output: Xin lỗi, câu hỏi không có ở đây.
--------------------------------------------------
2026-08-15 09:14:54 | Saving checkpoint to ./checkpoints\step_2195...
2026-08-15 09:14:54 | Checkpoint saved successfully!

2026-08-15 09:14:54 | Deleted old checkpoint: ./checkpoints\step_2185
2026-08-15 09:15:02 | Step 2200/6000 | Loss: 2.6592 | LR: 4.854611e-04
2026-08-15 09:15:05 |   >> Validation Loss: 2.6200
2026-08-15 09:15:05 |   --> Seen Generation @ step 2200:
Input: Translate to Vietnamese: Sorry, that question's not on here.
Output: Xin lỗi, câu hỏi không ở đây.
--------------------------------------------------
2026-08-15 09:15:05 | Saving checkpoint to ./checkpoints\step_2200...
2026-08-15 09:15:05 | Checkpoint saved successfully!

2026-08-15 09:15:05 | Deleted old checkpoint: ./checkpoints\step_2190
2026-08-15 09:15:12 | Step 2205/6000 | Loss: 2.6708 | LR: 4.853409e-04
2026-08-15 09:15:15 |   >> Validation Loss: 2.6193
2026-08-15 09:15:15 |   --> Seen Generation @ step 2205:
Input: Translate to Vietnamese: Sorry, that question's not on here.
Output: Xin lỗi, câu hỏi không có ở đây.
--------------------------------------------------
2026-08-15 09:15:15 | Saving checkpoint to ./checkpoints\step_2205...
2026-08-15 09:15:15 | Checkpoint saved successfully!

2026-08-15 09:15:15 | Deleted old checkpoint: ./checkpoints\step_2195
2026-08-15 09:15:22 | Step 2210/6000 | Loss: 2.6507 | LR: 4.852202e-04
2026-08-15 09:15:25 |   >> Validation Loss: 2.6164
2026-08-15 09:15:26 |   --> Seen Generation @ step 2210:
Input: Translate to Vietnamese: Sorry, that question's not on here.
Output: Xin lỗi, câu hỏi không ở đây.
--------------------------------------------------
2026-08-15 09:15:26 | Saving checkpoint to ./checkpoints\step_2210...
2026-08-15 09:15:26 | Checkpoint saved successfully!

2026-08-15 09:15:26 | Deleted old checkpoint: ./checkpoints\step_2200
2026-08-15 09:15:33 | Step 2215/6000 | Loss: 2.6699 | LR: 4.850990e-04
2026-08-15 09:15:36 |   >> Validation Loss: 2.6177
2026-08-15 09:15:36 |   --> Seen Generation @ step 2215:
Input: Translate to Vietnamese: Sorry, that question's not on here.
Output: Xin lỗi, câu hỏi này không có ở đây.
--------------------------------------------------
2026-08-15 09:15:36 | Saving checkpoint to ./checkpoints\step_2215...
2026-08-15 09:15:36 | Checkpoint saved successfully!

2026-08-15 09:15:36 | Deleted old checkpoint: ./checkpoints\step_2205
2026-08-15 09:15:43 | Step 2220/6000 | Loss: 2.6190 | LR: 4.849774e-04
2026-08-15 09:15:46 |   >> Validation Loss: 2.6170
2026-08-15 09:15:46 |   --> Seen Generation @ step 2220:
Input: Translate to Vietnamese: Sorry, that question's not on here.
Output: Xin lỗi, câu hỏi không có ở đây.
--------------------------------------------------
2026-08-15 09:15:46 | Saving checkpoint to ./checkpoints\step_2220...
2026-08-15 09:15:46 | Checkpoint saved successfully!

2026-08-15 09:15:46 | Deleted old checkpoint: ./checkpoints\step_2210
2026-08-15 09:15:53 | Step 2225/6000 | Loss: 2.5336 | LR: 4.848552e-04
2026-08-15 09:15:57 |   >> Validation Loss: 2.6124
2026-08-15 09:15:57 |   --> Seen Generation @ step 2225:
Input: Translate to Vietnamese: Sorry, that question's not on here.
Output: Xin lỗi, câu hỏi không có ở đây.
--------------------------------------------------
2026-08-15 09:15:57 | Saving checkpoint to ./checkpoints\step_2225...
2026-08-15 09:15:57 | Checkpoint saved successfully!

2026-08-15 09:15:57 | Deleted old checkpoint: ./checkpoints\step_2215
2026-08-15 09:16:04 | Step 2230/6000 | Loss: 2.5865 | LR: 4.847326e-04
2026-08-15 09:16:07 |   >> Validation Loss: 2.6157
2026-08-15 09:16:07 |   --> Seen Generation @ step 2230:
Input: Translate to Vietnamese: Sorry, that question's not on here.
Output: Xin lỗi, câu hỏi không có ở đây.
--------------------------------------------------
2026-08-15 09:16:07 | Saving checkpoint to ./checkpoints\step_2230...
2026-08-15 09:16:07 | Checkpoint saved successfully!

2026-08-15 09:16:07 | Deleted old checkpoint: ./checkpoints\step_2220
2026-08-15 09:16:14 | Step 2235/6000 | Loss: 2.6416 | LR: 4.846096e-04
2026-08-15 09:16:17 |   >> Validation Loss: 2.6184
2026-08-15 09:16:17 |   --> Seen Generation @ step 2235:
Input: Translate to Vietnamese: Sorry, that question's not on here.
Output: Xin lỗi, câu hỏi không có gì ở đây.
--------------------------------------------------
2026-08-15 09:16:17 | Saving checkpoint to ./checkpoints\step_2235...
2026-08-15 09:16:18 | Checkpoint saved successfully!

2026-08-15 09:16:18 | Deleted old checkpoint: ./checkpoints\step_2225
2026-08-15 09:16:25 | Step 2240/6000 | Loss: 2.6553 | LR: 4.844860e-04
2026-08-15 09:16:28 |   >> Validation Loss: 2.6128
2026-08-15 09:16:28 |   --> Seen Generation @ step 2240:
Input: Translate to Vietnamese: Sorry, that question's not on here.
Output: Xin lỗi, câu hỏi này không phải là một câu hỏi.
--------------------------------------------------
2026-08-15 09:16:28 | Saving checkpoint to ./checkpoints\step_2240...
2026-08-15 09:16:28 | Checkpoint saved successfully!

2026-08-15 09:16:28 | Deleted old checkpoint: ./checkpoints\step_2230
2026-08-15 09:16:35 | Step 2245/6000 | Loss: 2.6073 | LR: 4.843620e-04
2026-08-15 09:16:38 |   >> Validation Loss: 2.6086
2026-08-15 09:16:38 |   --> Seen Generation @ step 2245:
Input: Translate to Vietnamese: Sorry, that question's not on here.
Output: Xin lỗi, câu hỏi không có ở đây.
--------------------------------------------------
2026-08-15 09:16:38 | Saving checkpoint to ./checkpoints\step_2245...
2026-08-15 09:16:38 | Checkpoint saved successfully!

2026-08-15 09:16:38 | Deleted old checkpoint: ./checkpoints\step_2235
2026-08-15 09:16:45 | Step 2250/6000 | Loss: 2.5933 | LR: 4.842374e-04
2026-08-15 09:16:49 |   >> Validation Loss: 2.6059
2026-08-15 09:16:49 |   --> Seen Generation @ step 2250:
Input: Translate to Vietnamese: Sorry, that question's not on here.
Output: Xin lỗi, câu hỏi này không có ở đây.
--------------------------------------------------
2026-08-15 09:16:49 | Saving checkpoint to ./checkpoints\step_2250...
2026-08-15 09:16:49 | Checkpoint saved successfully!

2026-08-15 09:16:49 | Deleted old checkpoint: ./checkpoints\step_2240
2026-08-15 09:16:56 | Step 2255/6000 | Loss: 2.6706 | LR: 4.841124e-04
2026-08-15 09:16:59 |   >> Validation Loss: 2.6085
2026-08-15 09:16:59 |   --> Seen Generation @ step 2255:
Input: Translate to Vietnamese: Sorry, that question's not on here.
Output: Xin lỗi, câu hỏi đó không phải là về đây.
--------------------------------------------------
2026-08-15 09:16:59 | Saving checkpoint to ./checkpoints\step_2255...
2026-08-15 09:16:59 | Checkpoint saved successfully!

2026-08-15 09:16:59 | Deleted old checkpoint: ./checkpoints\step_2245
2026-08-15 09:17:06 | Step 2260/6000 | Loss: 2.6270 | LR: 4.839870e-04
2026-08-15 09:17:10 |   >> Validation Loss: 2.6065
2026-08-15 09:17:10 |   --> Seen Generation @ step 2260:
Input: Translate to Vietnamese: Sorry, that question's not on here.
Output: Xin lỗi, câu hỏi không.
--------------------------------------------------
2026-08-15 09:17:10 | Saving checkpoint to ./checkpoints\step_2260...
2026-08-15 09:17:10 | Checkpoint saved successfully!

2026-08-15 09:17:10 | Deleted old checkpoint: ./checkpoints\step_2250
2026-08-15 09:17:17 | Step 2265/6000 | Loss: 2.6443 | LR: 4.838610e-04
2026-08-15 09:17:20 |   >> Validation Loss: 2.6031
2026-08-15 09:17:20 |   --> Seen Generation @ step 2265:
Input: Translate to Vietnamese: Sorry, that question's not on here.
Output: Xin lỗi, câu hỏi này không có ở đây.
--------------------------------------------------
2026-08-15 09:17:20 | Saving checkpoint to ./checkpoints\step_2265...
2026-08-15 09:17:20 | Checkpoint saved successfully!

2026-08-15 09:17:20 | Deleted old checkpoint: ./checkpoints\step_2255
2026-08-15 09:17:27 | Step 2270/6000 | Loss: 2.6289 | LR: 4.837346e-04
2026-08-15 09:17:30 |   >> Validation Loss: 2.6028
2026-08-15 09:17:30 |   --> Seen Generation @ step 2270:
Input: Translate to Vietnamese: Sorry, that question's not on here.
Output: Xin lỗi, câu hỏi không có ở đây.
--------------------------------------------------
2026-08-15 09:17:30 | Saving checkpoint to ./checkpoints\step_2270...
2026-08-15 09:17:30 | Checkpoint saved successfully!

2026-08-15 09:17:30 | Deleted old checkpoint: ./checkpoints\step_2260
2026-08-15 09:17:37 | Step 2275/6000 | Loss: 2.6112 | LR: 4.836077e-04
2026-08-15 09:17:41 |   >> Validation Loss: 2.6027
2026-08-15 09:17:41 |   --> Seen Generation @ step 2275:
Input: Translate to Vietnamese: Sorry, that question's not on here.
Output: Xin lỗi, câu hỏi không có ở đây.
--------------------------------------------------
2026-08-15 09:17:41 | Saving checkpoint to ./checkpoints\step_2275...
2026-08-15 09:17:41 | Checkpoint saved successfully!

2026-08-15 09:17:41 | Deleted old checkpoint: ./checkpoints\step_2265
2026-08-15 09:17:48 | Step 2280/6000 | Loss: 2.6332 | LR: 4.834803e-04
2026-08-15 09:17:51 |   >> Validation Loss: 2.6019
2026-08-15 09:17:51 |   --> Seen Generation @ step 2280:
Input: Translate to Vietnamese: Sorry, that question's not on here.
Output: Xin lỗi, câu hỏi này không có ở đây.
--------------------------------------------------
2026-08-15 09:17:51 | Saving checkpoint to ./checkpoints\step_2280...
2026-08-15 09:17:51 | Checkpoint saved successfully!

2026-08-15 09:17:51 | Deleted old checkpoint: ./checkpoints\step_2270
2026-08-15 09:17:58 | Step 2285/6000 | Loss: 2.6255 | LR: 4.833524e-04
2026-08-15 09:18:01 |   >> Validation Loss: 2.6007
2026-08-15 09:18:01 |   --> Seen Generation @ step 2285:
Input: Translate to Vietnamese: Sorry, that question's not on here.
Output: Xin lỗi, câu hỏi không có ở đây.
--------------------------------------------------
2026-08-15 09:18:01 | Saving checkpoint to ./checkpoints\step_2285...
2026-08-15 09:18:01 | Checkpoint saved successfully!

2026-08-15 09:18:01 | Deleted old checkpoint: ./checkpoints\step_2275
2026-08-15 09:18:08 | Step 2290/6000 | Loss: 2.5938 | LR: 4.832241e-04
2026-08-15 09:18:12 |   >> Validation Loss: 2.5997
2026-08-15 09:18:12 |   --> Seen Generation @ step 2290:
Input: Translate to Vietnamese: Sorry, that question's not on here.
Output: Xin lỗi, câu hỏi đó không có ở đây.
--------------------------------------------------
2026-08-15 09:18:12 | Saving checkpoint to ./checkpoints\step_2290...
2026-08-15 09:18:12 | Checkpoint saved successfully!

2026-08-15 09:18:12 | Deleted old checkpoint: ./checkpoints\step_2280
2026-08-15 09:18:19 | Step 2295/6000 | Loss: 2.6445 | LR: 4.830953e-04
2026-08-15 09:18:22 |   >> Validation Loss: 2.5966
2026-08-15 09:18:22 |   --> Seen Generation @ step 2295:
Input: Translate to Vietnamese: Sorry, that question's not on here.
Output: Xin lỗi, câu hỏi này không phải là về đây.
--------------------------------------------------
2026-08-15 09:18:22 | Saving checkpoint to ./checkpoints\step_2295...
2026-08-15 09:18:22 | Checkpoint saved successfully!

2026-08-15 09:18:22 | Deleted old checkpoint: ./checkpoints\step_2285
2026-08-15 09:18:29 | Step 2300/6000 | Loss: 2.6232 | LR: 4.829660e-04
2026-08-15 09:18:32 |   >> Validation Loss: 2.5950
2026-08-15 09:18:32 |   --> Seen Generation @ step 2300:
Input: Translate to Vietnamese: Sorry, that question's not on here.
Output: Xin lỗi, câu hỏi này không phải là về đây.
--------------------------------------------------
2026-08-15 09:18:32 | Saving checkpoint to ./checkpoints\step_2300...
2026-08-15 09:18:32 | Checkpoint saved successfully!

2026-08-15 09:18:32 | Deleted old checkpoint: ./checkpoints\step_2290
2026-08-15 09:18:39 | Step 2305/6000 | Loss: 2.6577 | LR: 4.828362e-04
2026-08-15 09:18:43 |   >> Validation Loss: 2.5931
2026-08-15 09:18:43 |   --> Seen Generation @ step 2305:
Input: Translate to Vietnamese: Sorry, that question's not on here.
Output: Xin lỗi, câu hỏi không có ở đây.
--------------------------------------------------
2026-08-15 09:18:43 | Saving checkpoint to ./checkpoints\step_2305...
2026-08-15 09:18:43 | Checkpoint saved successfully!

2026-08-15 09:18:43 | Deleted old checkpoint: ./checkpoints\step_2295
2026-08-15 09:18:50 | Step 2310/6000 | Loss: 2.6260 | LR: 4.827060e-04
2026-08-15 09:18:53 |   >> Validation Loss: 2.5929
2026-08-15 09:18:53 |   --> Seen Generation @ step 2310:
Input: Translate to Vietnamese: Sorry, that question's not on here.
Output: Xin lỗi, câu hỏi không có ở đây.
--------------------------------------------------
2026-08-15 09:18:53 | Saving checkpoint to ./checkpoints\step_2310...
2026-08-15 09:18:53 | Checkpoint saved successfully!

2026-08-15 09:18:53 | Deleted old checkpoint: ./checkpoints\step_2300
2026-08-15 09:19:00 | Step 2315/6000 | Loss: 2.5782 | LR: 4.825753e-04
2026-08-15 09:19:03 |   >> Validation Loss: 2.5931
2026-08-15 09:19:03 |   --> Seen Generation @ step 2315:
Input: Translate to Vietnamese: Sorry, that question's not on here.
Output: Xin lỗi, câu hỏi đó không phải ở đây.
--------------------------------------------------
2026-08-15 09:19:03 | Saving checkpoint to ./checkpoints\step_2315...
2026-08-15 09:19:03 | Checkpoint saved successfully!

2026-08-15 09:19:03 | Deleted old checkpoint: ./checkpoints\step_2305
2026-08-15 09:19:10 | Step 2320/6000 | Loss: 2.6223 | LR: 4.824441e-04
2026-08-15 09:19:14 |   >> Validation Loss: 2.5906
2026-08-15 09:19:14 |   --> Seen Generation @ step 2320:
Input: Translate to Vietnamese: Sorry, that question's not on here.
Output: Xin lỗi, câu hỏi không có trên đây.
--------------------------------------------------
2026-08-15 09:19:14 | Saving checkpoint to ./checkpoints\step_2320...
2026-08-15 09:19:14 | Checkpoint saved successfully!

2026-08-15 09:19:14 | Deleted old checkpoint: ./checkpoints\step_2310
2026-08-15 09:19:21 | Step 2325/6000 | Loss: 2.5339 | LR: 4.823125e-04
2026-08-15 09:19:24 |   >> Validation Loss: 2.5885
2026-08-15 09:19:24 |   --> Seen Generation @ step 2325:
Input: Translate to Vietnamese: Sorry, that question's not on here.
Output: Xin lỗi, câu hỏi không có ở đây.
--------------------------------------------------
2026-08-15 09:19:24 | Saving checkpoint to ./checkpoints\step_2325...
2026-08-15 09:19:24 | Checkpoint saved successfully!

2026-08-15 09:19:24 | Deleted old checkpoint: ./checkpoints\step_2315
2026-08-15 09:19:31 | Step 2330/6000 | Loss: 2.7082 | LR: 4.821803e-04
2026-08-15 09:19:34 |   >> Validation Loss: 2.5904
2026-08-15 09:19:34 |   --> Seen Generation @ step 2330:
Input: Translate to Vietnamese: Sorry, that question's not on here.
Output: Xin lỗi, câu hỏi không có ở đây.
--------------------------------------------------
2026-08-15 09:19:34 | Saving checkpoint to ./checkpoints\step_2330...
2026-08-15 09:19:34 | Checkpoint saved successfully!

2026-08-15 09:19:34 | Deleted old checkpoint: ./checkpoints\step_2320
2026-08-15 09:19:41 | Step 2335/6000 | Loss: 2.5417 | LR: 4.820477e-04
2026-08-15 09:19:45 |   >> Validation Loss: 2.5902
2026-08-15 09:19:45 |   --> Seen Generation @ step 2335:
Input: Translate to Vietnamese: Sorry, that question's not on here.
Output: Xin lỗi, câu hỏi không có ở đây.
--------------------------------------------------
2026-08-15 09:19:45 | Saving checkpoint to ./checkpoints\step_2335...
2026-08-15 09:19:45 | Checkpoint saved successfully!

2026-08-15 09:19:45 | Deleted old checkpoint: ./checkpoints\step_2325
2026-08-15 09:19:52 | Step 2340/6000 | Loss: 2.5924 | LR: 4.819147e-04
2026-08-15 09:19:55 |   >> Validation Loss: 2.5900
2026-08-15 09:19:55 |   --> Seen Generation @ step 2340:
Input: Translate to Vietnamese: Sorry, that question's not on here.
Output: Xin lỗi, câu hỏi không có ở đây.
--------------------------------------------------
2026-08-15 09:19:55 | Saving checkpoint to ./checkpoints\step_2340...
2026-08-15 09:19:55 | Checkpoint saved successfully!

2026-08-15 09:19:55 | Deleted old checkpoint: ./checkpoints\step_2330
2026-08-15 09:20:02 | Step 2345/6000 | Loss: 2.5796 | LR: 4.817811e-04
2026-08-15 09:20:05 |   >> Validation Loss: 2.5908
2026-08-15 09:20:05 |   --> Seen Generation @ step 2345:
Input: Translate to Vietnamese: Sorry, that question's not on here.
Output: Xin lỗi, câu hỏi không có ở đây.
--------------------------------------------------
2026-08-15 09:20:06 | Saving checkpoint to ./checkpoints\step_2345...
2026-08-15 09:20:06 | Checkpoint saved successfully!

2026-08-15 09:20:06 | Deleted old checkpoint: ./checkpoints\step_2335
2026-08-15 09:20:13 | Step 2350/6000 | Loss: 2.6169 | LR: 4.816471e-04
2026-08-15 09:20:16 |   >> Validation Loss: 2.5865
2026-08-15 09:20:16 |   --> Seen Generation @ step 2350:
Input: Translate to Vietnamese: Sorry, that question's not on here.
Output: Xin lỗi, câu hỏi không có ở đây.
--------------------------------------------------
2026-08-15 09:20:16 | Saving checkpoint to ./checkpoints\step_2350...
2026-08-15 09:20:16 | Checkpoint saved successfully!

2026-08-15 09:20:16 | Deleted old checkpoint: ./checkpoints\step_2340
2026-08-15 09:20:23 | Step 2355/6000 | Loss: 2.5942 | LR: 4.815126e-04
2026-08-15 09:20:26 |   >> Validation Loss: 2.5855
2026-08-15 09:20:26 |   --> Seen Generation @ step 2355:
Input: Translate to Vietnamese: Sorry, that question's not on here.
Output: Xin lỗi, câu hỏi đó không phải ở đây.
--------------------------------------------------
2026-08-15 09:20:26 | Saving checkpoint to ./checkpoints\step_2355...
2026-08-15 09:20:26 | Checkpoint saved successfully!

2026-08-15 09:20:26 | Deleted old checkpoint: ./checkpoints\step_2345
2026-08-15 09:20:33 | Step 2360/6000 | Loss: 2.6582 | LR: 4.813776e-04
2026-08-15 09:20:36 |   >> Validation Loss: 2.5849
2026-08-15 09:20:37 |   --> Seen Generation @ step 2360:
Input: Translate to Vietnamese: Sorry, that question's not on here.
Output: Xin lỗi, câu hỏi không có ở đây.
--------------------------------------------------
2026-08-15 09:20:37 | Saving checkpoint to ./checkpoints\step_2360...
2026-08-15 09:20:37 | Checkpoint saved successfully!

2026-08-15 09:20:37 | Deleted old checkpoint: ./checkpoints\step_2350
2026-08-15 09:20:44 | Step 2365/6000 | Loss: 2.5556 | LR: 4.812422e-04
2026-08-15 09:20:47 |   >> Validation Loss: 2.5843
2026-08-15 09:20:47 |   --> Seen Generation @ step 2365:
Input: Translate to Vietnamese: Sorry, that question's not on here.
Output: Xin lỗi, câu hỏi đó không phải ở đây.
--------------------------------------------------
2026-08-15 09:20:47 | Saving checkpoint to ./checkpoints\step_2365...
2026-08-15 09:20:47 | Checkpoint saved successfully!

2026-08-15 09:20:47 | Deleted old checkpoint: ./checkpoints\step_2355
2026-08-15 09:20:54 | Step 2370/6000 | Loss: 2.5878 | LR: 4.811063e-04
2026-08-15 09:20:57 |   >> Validation Loss: 2.5798
2026-08-15 09:20:57 |   --> Seen Generation @ step 2370:
Input: Translate to Vietnamese: Sorry, that question's not on here.
Output: Xin lỗi, câu hỏi không phải ở đây.
--------------------------------------------------
2026-08-15 09:20:57 | Saving checkpoint to ./checkpoints\step_2370...
2026-08-15 09:20:57 | Checkpoint saved successfully!

2026-08-15 09:20:57 | Deleted old checkpoint: ./checkpoints\step_2360
2026-08-15 09:21:04 | Step 2375/6000 | Loss: 2.6523 | LR: 4.809699e-04
2026-08-15 09:21:07 |   >> Validation Loss: 2.5819
2026-08-15 09:21:08 |   --> Seen Generation @ step 2375:
Input: Translate to Vietnamese: Sorry, that question's not on here.
Output: Xin lỗi, câu hỏi không phải ở đây.
--------------------------------------------------
2026-08-15 09:21:08 | Saving checkpoint to ./checkpoints\step_2375...
2026-08-15 09:21:08 | Checkpoint saved successfully!

2026-08-15 09:21:08 | Deleted old checkpoint: ./checkpoints\step_2365
2026-08-15 09:21:15 | Step 2380/6000 | Loss: 2.5510 | LR: 4.808330e-04
2026-08-15 09:21:18 |   >> Validation Loss: 2.5791
2026-08-15 09:21:18 |   --> Seen Generation @ step 2380:
Input: Translate to Vietnamese: Sorry, that question's not on here.
Output: Xin lỗi, câu hỏi không phải ở đây.
--------------------------------------------------
2026-08-15 09:21:18 | Saving checkpoint to ./checkpoints\step_2380...
2026-08-15 09:21:18 | Checkpoint saved successfully!

2026-08-15 09:21:18 | Deleted old checkpoint: ./checkpoints\step_2370
2026-08-15 09:21:25 | Step 2385/6000 | Loss: 2.6045 | LR: 4.806957e-04
2026-08-15 09:21:28 |   >> Validation Loss: 2.5796
2026-08-15 09:21:28 |   --> Seen Generation @ step 2385:
Input: Translate to Vietnamese: Sorry, that question's not on here.
Output: Xin lỗi, câu hỏi này không có ở đây.
--------------------------------------------------
2026-08-15 09:21:28 | Saving checkpoint to ./checkpoints\step_2385...
2026-08-15 09:21:28 | Checkpoint saved successfully!

2026-08-15 09:21:28 | Deleted old checkpoint: ./checkpoints\step_2375
2026-08-15 09:21:35 | Step 2390/6000 | Loss: 2.6025 | LR: 4.805579e-04
2026-08-15 09:21:38 |   >> Validation Loss: 2.5775
2026-08-15 09:21:39 |   --> Seen Generation @ step 2390:
Input: Translate to Vietnamese: Sorry, that question's not on here.
Output: Xin lỗi, câu hỏi đó không phải ở đây.
--------------------------------------------------
2026-08-15 09:21:39 | Saving checkpoint to ./checkpoints\step_2390...
2026-08-15 09:21:39 | Checkpoint saved successfully!

2026-08-15 09:21:39 | Deleted old checkpoint: ./checkpoints\step_2380
2026-08-15 09:21:46 | Step 2395/6000 | Loss: 2.6268 | LR: 4.804196e-04
2026-08-15 09:21:49 |   >> Validation Loss: 2.5788
2026-08-15 09:21:49 |   --> Seen Generation @ step 2395:
Input: Translate to Vietnamese: Sorry, that question's not on here.
Output: Xin lỗi, câu hỏi không phải ở đây.
--------------------------------------------------
2026-08-15 09:21:49 | Saving checkpoint to ./checkpoints\step_2395...
2026-08-15 09:21:49 | Checkpoint saved successfully!

2026-08-15 09:21:49 | Deleted old checkpoint: ./checkpoints\step_2385
2026-08-15 09:21:56 | Step 2400/6000 | Loss: 2.6094 | LR: 4.802809e-04
2026-08-15 09:21:59 |   >> Validation Loss: 2.5764
2026-08-15 09:21:59 |   --> Seen Generation @ step 2400:
Input: Translate to Vietnamese: Sorry, that question's not on here.
Output: Xin lỗi, câu hỏi không có ở đây.
--------------------------------------------------
2026-08-15 09:21:59 | Saving checkpoint to ./checkpoints\step_2400...
2026-08-15 09:21:59 | Checkpoint saved successfully!

2026-08-15 09:21:59 | Deleted old checkpoint: ./checkpoints\step_2390
2026-08-15 09:22:06 | Step 2405/6000 | Loss: 2.5968 | LR: 4.801417e-04
2026-08-15 09:22:10 |   >> Validation Loss: 2.5770
2026-08-15 09:22:10 |   --> Seen Generation @ step 2405:
Input: Translate to Vietnamese: Sorry, that question's not on here.
Output: Xin lỗi, câu hỏi không phải ở đây.
--------------------------------------------------
2026-08-15 09:22:10 | Saving checkpoint to ./checkpoints\step_2405...
2026-08-15 09:22:10 | Checkpoint saved successfully!

2026-08-15 09:22:10 | Deleted old checkpoint: ./checkpoints\step_2395
2026-08-15 09:22:17 | Step 2410/6000 | Loss: 2.6683 | LR: 4.800020e-04
2026-08-15 09:22:20 |   >> Validation Loss: 2.5779
2026-08-15 09:22:20 |   --> Seen Generation @ step 2410:
Input: Translate to Vietnamese: Sorry, that question's not on here.
Output: Xin lỗi, câu hỏi không có ở đây.
--------------------------------------------------
2026-08-15 09:22:20 | Saving checkpoint to ./checkpoints\step_2410...
2026-08-15 09:22:20 | Checkpoint saved successfully!

2026-08-15 09:22:20 | Deleted old checkpoint: ./checkpoints\step_2400
2026-08-15 09:22:27 | Step 2415/6000 | Loss: 2.6399 | LR: 4.798619e-04
2026-08-15 09:22:30 |   >> Validation Loss: 2.5792
2026-08-15 09:22:30 |   --> Seen Generation @ step 2415:
Input: Translate to Vietnamese: Sorry, that question's not on here.
Output: Xin lỗi, câu hỏi không có gì.
--------------------------------------------------
2026-08-15 09:22:30 | Saving checkpoint to ./checkpoints\step_2415...
2026-08-15 09:22:31 | Checkpoint saved successfully!

2026-08-15 09:22:31 | Deleted old checkpoint: ./checkpoints\step_2405
2026-08-15 09:22:38 | Step 2420/6000 | Loss: 2.5538 | LR: 4.797213e-04
2026-08-15 09:22:41 |   >> Validation Loss: 2.5771
2026-08-15 09:22:41 |   --> Seen Generation @ step 2420:
Input: Translate to Vietnamese: Sorry, that question's not on here.
Output: Xin lỗi, câu hỏi không phải là ở đây.
--------------------------------------------------
2026-08-15 09:22:41 | Saving checkpoint to ./checkpoints\step_2420...
2026-08-15 09:22:41 | Checkpoint saved successfully!

2026-08-15 09:22:41 | Deleted old checkpoint: ./checkpoints\step_2410
2026-08-15 09:22:48 | Step 2425/6000 | Loss: 2.7014 | LR: 4.795802e-04
2026-08-15 09:22:51 |   >> Validation Loss: 2.5744
2026-08-15 09:22:51 |   --> Seen Generation @ step 2425:
Input: Translate to Vietnamese: Sorry, that question's not on here.
Output: Xin lỗi, câu hỏi không phải là không.
--------------------------------------------------
2026-08-15 09:22:51 | Saving checkpoint to ./checkpoints\step_2425...
2026-08-15 09:22:51 | Checkpoint saved successfully!

2026-08-15 09:22:51 | Deleted old checkpoint: ./checkpoints\step_2415
2026-08-15 09:22:58 | Step 2430/6000 | Loss: 2.5529 | LR: 4.794387e-04
2026-08-15 09:23:01 |   >> Validation Loss: 2.5747
2026-08-15 09:23:01 |   --> Seen Generation @ step 2430:
Input: Translate to Vietnamese: Sorry, that question's not on here.
Output: Xin lỗi, câu hỏi đó không phải là về đây.
--------------------------------------------------
2026-08-15 09:23:01 | Saving checkpoint to ./checkpoints\step_2430...
2026-08-15 09:23:01 | Checkpoint saved successfully!

2026-08-15 09:23:01 | Deleted old checkpoint: ./checkpoints\step_2420
2026-08-15 09:23:09 | Step 2435/6000 | Loss: 2.6156 | LR: 4.792966e-04
2026-08-15 09:23:12 |   >> Validation Loss: 2.5704
2026-08-15 09:23:12 |   --> Seen Generation @ step 2435:
Input: Translate to Vietnamese: Sorry, that question's not on here.
Output: Xin lỗi, câu hỏi đó không phải là về đây.
--------------------------------------------------
2026-08-15 09:23:12 | Saving checkpoint to ./checkpoints\step_2435...
2026-08-15 09:23:12 | Checkpoint saved successfully!

2026-08-15 09:23:12 | Deleted old checkpoint: ./checkpoints\step_2425
2026-08-15 09:23:19 | Step 2440/6000 | Loss: 2.5792 | LR: 4.791542e-04
2026-08-15 09:23:22 |   >> Validation Loss: 2.5718
2026-08-15 09:23:22 |   --> Seen Generation @ step 2440:
Input: Translate to Vietnamese: Sorry, that question's not on here.
Output: Xin lỗi, câu hỏi đó không phải là trên đây.
--------------------------------------------------
2026-08-15 09:23:22 | Saving checkpoint to ./checkpoints\step_2440...
2026-08-15 09:23:22 | Checkpoint saved successfully!

2026-08-15 09:23:22 | Deleted old checkpoint: ./checkpoints\step_2430
2026-08-15 09:23:29 | Step 2445/6000 | Loss: 2.4728 | LR: 4.790112e-04
2026-08-15 09:23:32 |   >> Validation Loss: 2.5692
2026-08-15 09:23:32 |   --> Seen Generation @ step 2445:
Input: Translate to Vietnamese: Sorry, that question's not on here.
Output: Xin lỗi, câu hỏi không phải là không.
--------------------------------------------------
2026-08-15 09:23:32 | Saving checkpoint to ./checkpoints\step_2445...
2026-08-15 09:23:33 | Checkpoint saved successfully!

2026-08-15 09:23:33 | Deleted old checkpoint: ./checkpoints\step_2435
2026-08-15 09:23:40 | Step 2450/6000 | Loss: 2.6708 | LR: 4.788678e-04
2026-08-15 09:23:43 |   >> Validation Loss: 2.5654
2026-08-15 09:23:43 |   --> Seen Generation @ step 2450:
Input: Translate to Vietnamese: Sorry, that question's not on here.
Output: Xin lỗi, câu hỏi không có ở đây.
--------------------------------------------------
2026-08-15 09:23:43 | Saving checkpoint to ./checkpoints\step_2450...
2026-08-15 09:23:43 | Checkpoint saved successfully!

2026-08-15 09:23:43 | Deleted old checkpoint: ./checkpoints\step_2440
2026-08-15 09:23:50 | Step 2455/6000 | Loss: 2.5835 | LR: 4.787239e-04
2026-08-15 09:23:53 |   >> Validation Loss: 2.5658
2026-08-15 09:23:53 |   --> Seen Generation @ step 2455:
Input: Translate to Vietnamese: Sorry, that question's not on here.
Output: Xin lỗi, câu hỏi không có ở đây.
--------------------------------------------------
2026-08-15 09:23:53 | Saving checkpoint to ./checkpoints\step_2455...
2026-08-15 09:23:53 | Checkpoint saved successfully!

2026-08-15 09:23:53 | Deleted old checkpoint: ./checkpoints\step_2445
2026-08-15 09:24:00 | Step 2460/6000 | Loss: 2.6334 | LR: 4.785796e-04
2026-08-15 09:24:03 |   >> Validation Loss: 2.5667
2026-08-15 09:24:03 |   --> Seen Generation @ step 2460:
Input: Translate to Vietnamese: Sorry, that question's not on here.
Output: Xin lỗi, câu hỏi không có ở đây.
--------------------------------------------------
2026-08-15 09:24:03 | Saving checkpoint to ./checkpoints\step_2460...
2026-08-15 09:24:03 | Checkpoint saved successfully!

2026-08-15 09:24:03 | Deleted old checkpoint: ./checkpoints\step_2450
2026-08-15 09:24:10 | Step 2465/6000 | Loss: 2.6143 | LR: 4.784347e-04
2026-08-15 09:24:14 |   >> Validation Loss: 2.5658
2026-08-15 09:24:14 |   --> Seen Generation @ step 2465:
Input: Translate to Vietnamese: Sorry, that question's not on here.
Output: Xin lỗi, câu hỏi không có ở đây.
--------------------------------------------------
2026-08-15 09:24:14 | Saving checkpoint to ./checkpoints\step_2465...
2026-08-15 09:24:14 | Checkpoint saved successfully!

2026-08-15 09:24:14 | Deleted old checkpoint: ./checkpoints\step_2455
2026-08-15 09:24:21 | Step 2470/6000 | Loss: 2.5863 | LR: 4.782895e-04
2026-08-15 09:24:24 |   >> Validation Loss: 2.5654
2026-08-15 09:24:24 |   --> Seen Generation @ step 2470:
Input: Translate to Vietnamese: Sorry, that question's not on here.
Output: Xin lỗi, câu hỏi không có ở đây.
--------------------------------------------------
2026-08-15 09:24:24 | Saving checkpoint to ./checkpoints\step_2470...
2026-08-15 09:24:24 | Checkpoint saved successfully!

2026-08-15 09:24:24 | Deleted old checkpoint: ./checkpoints\step_2460
2026-08-15 09:24:31 | Step 2475/6000 | Loss: 2.6117 | LR: 4.781437e-04
2026-08-15 09:24:34 |   >> Validation Loss: 2.5660
2026-08-15 09:24:34 |   --> Seen Generation @ step 2475:
Input: Translate to Vietnamese: Sorry, that question's not on here.
Output: Xin lỗi, câu hỏi không có ở đây.
--------------------------------------------------
2026-08-15 09:24:34 | Saving checkpoint to ./checkpoints\step_2475...
2026-08-15 09:24:34 | Checkpoint saved successfully!

2026-08-15 09:24:34 | Deleted old checkpoint: ./checkpoints\step_2465
2026-08-15 09:24:41 | Step 2480/6000 | Loss: 2.6330 | LR: 4.779975e-04
2026-08-15 09:24:45 |   >> Validation Loss: 2.5639
2026-08-15 09:24:45 |   --> Seen Generation @ step 2480:
Input: Translate to Vietnamese: Sorry, that question's not on here.
Output: Xin lỗi, câu hỏi không phải ở đây.
--------------------------------------------------
2026-08-15 09:24:45 | Saving checkpoint to ./checkpoints\step_2480...
2026-08-15 09:24:45 | Checkpoint saved successfully!

2026-08-15 09:24:45 | Deleted old checkpoint: ./checkpoints\step_2470
2026-08-15 09:24:52 | Step 2485/6000 | Loss: 2.6197 | LR: 4.778508e-04
2026-08-15 09:24:55 |   >> Validation Loss: 2.5648
2026-08-15 09:24:55 |   --> Seen Generation @ step 2485:
Input: Translate to Vietnamese: Sorry, that question's not on here.
Output: Xin lỗi, câu hỏi không phải ở đây.
--------------------------------------------------
2026-08-15 09:24:55 | Saving checkpoint to ./checkpoints\step_2485...
2026-08-15 09:24:55 | Checkpoint saved successfully!

2026-08-15 09:24:55 | Deleted old checkpoint: ./checkpoints\step_2475
2026-08-15 09:25:02 | Step 2490/6000 | Loss: 2.5715 | LR: 4.777037e-04
2026-08-15 09:25:05 |   >> Validation Loss: 2.5641
2026-08-15 09:25:05 |   --> Seen Generation @ step 2490:
Input: Translate to Vietnamese: Sorry, that question's not on here.
Output: Xin lỗi, câu hỏi đó không phải ở đây.
--------------------------------------------------
2026-08-15 09:25:05 | Saving checkpoint to ./checkpoints\step_2490...
2026-08-15 09:25:05 | Checkpoint saved successfully!

2026-08-15 09:25:05 | Deleted old checkpoint: ./checkpoints\step_2480
2026-08-15 09:25:12 | Step 2495/6000 | Loss: 2.5826 | LR: 4.775561e-04
2026-08-15 09:25:16 |   >> Validation Loss: 2.5632
2026-08-15 09:25:16 |   --> Seen Generation @ step 2495:
Input: Translate to Vietnamese: Sorry, that question's not on here.
Output: Xin lỗi, câu hỏi không có ở đây.
--------------------------------------------------
2026-08-15 09:25:16 | Saving checkpoint to ./checkpoints\step_2495...
2026-08-15 09:25:16 | Checkpoint saved successfully!

2026-08-15 09:25:16 | Deleted old checkpoint: ./checkpoints\step_2485
2026-08-15 09:25:23 | Step 2500/6000 | Loss: 2.5977 | LR: 4.774080e-04
2026-08-15 09:25:26 |   >> Validation Loss: 2.5603
2026-08-15 09:25:26 |   --> Seen Generation @ step 2500:
Input: Translate to Vietnamese: Sorry, that question's not on here.
Output: Xin lỗi, câu hỏi đó không phải trên đây.
--------------------------------------------------
2026-08-15 09:25:26 | Saving checkpoint to ./checkpoints\step_2500...
2026-08-15 09:25:26 | Checkpoint saved successfully!

2026-08-15 09:25:26 | Deleted old checkpoint: ./checkpoints\step_2490
2026-08-15 09:25:33 | Step 2505/6000 | Loss: 2.6444 | LR: 4.772595e-04
2026-08-15 09:25:36 |   >> Validation Loss: 2.5611
2026-08-15 09:25:36 |   --> Seen Generation @ step 2505:
Input: Translate to Vietnamese: Sorry, that question's not on here.
Output: Xin lỗi, câu hỏi không phải trên đây.
--------------------------------------------------
2026-08-15 09:25:36 | Saving checkpoint to ./checkpoints\step_2505...
2026-08-15 09:25:36 | Checkpoint saved successfully!

2026-08-15 09:25:36 | Deleted old checkpoint: ./checkpoints\step_2495
2026-08-15 09:25:43 | Step 2510/6000 | Loss: 2.6249 | LR: 4.771105e-04
2026-08-15 09:25:47 |   >> Validation Loss: 2.5570
2026-08-15 09:25:47 |   --> Seen Generation @ step 2510:
Input: Translate to Vietnamese: Sorry, that question's not on here.
Output: Xin lỗi, câu hỏi không phải ở đây.
--------------------------------------------------
2026-08-15 09:25:47 | Saving checkpoint to ./checkpoints\step_2510...
2026-08-15 09:25:47 | Checkpoint saved successfully!

2026-08-15 09:25:47 | Deleted old checkpoint: ./checkpoints\step_2500
2026-08-15 09:25:54 | Step 2515/6000 | Loss: 2.6138 | LR: 4.769610e-04
2026-08-15 09:25:57 |   >> Validation Loss: 2.5598
2026-08-15 09:25:57 |   --> Seen Generation @ step 2515:
Input: Translate to Vietnamese: Sorry, that question's not on here.
Output: Xin lỗi, câu hỏi đó không phải ở đây.
--------------------------------------------------
2026-08-15 09:25:57 | Saving checkpoint to ./checkpoints\step_2515...
2026-08-15 09:25:57 | Checkpoint saved successfully!

2026-08-15 09:25:57 | Deleted old checkpoint: ./checkpoints\step_2505
2026-08-15 09:26:04 | Step 2520/6000 | Loss: 2.5924 | LR: 4.768111e-04
2026-08-15 09:26:07 |   >> Validation Loss: 2.5565
2026-08-15 09:26:07 |   --> Seen Generation @ step 2520:
Input: Translate to Vietnamese: Sorry, that question's not on here.
Output: Xin lỗi, câu hỏi đó không phải ở đây.
--------------------------------------------------
2026-08-15 09:26:07 | Saving checkpoint to ./checkpoints\step_2520...
2026-08-15 09:26:07 | Checkpoint saved successfully!

2026-08-15 09:26:07 | Deleted old checkpoint: ./checkpoints\step_2510
2026-08-15 09:26:14 | Step 2525/6000 | Loss: 2.5853 | LR: 4.766607e-04
2026-08-15 09:26:18 |   >> Validation Loss: 2.5544
2026-08-15 09:26:18 |   --> Seen Generation @ step 2525:
Input: Translate to Vietnamese: Sorry, that question's not on here.
Output: Xin lỗi, câu hỏi không phải ở đây.
--------------------------------------------------
2026-08-15 09:26:18 | Saving checkpoint to ./checkpoints\step_2525...
2026-08-15 09:26:18 | Checkpoint saved successfully!

2026-08-15 09:26:18 | Deleted old checkpoint: ./checkpoints\step_2515
2026-08-15 09:26:25 | Step 2530/6000 | Loss: 2.5775 | LR: 4.765098e-04
2026-08-15 09:26:28 |   >> Validation Loss: 2.5554
2026-08-15 09:26:28 |   --> Seen Generation @ step 2530:
Input: Translate to Vietnamese: Sorry, that question's not on here.
Output: Xin lỗi, câu hỏi đó không phải ở đây.
--------------------------------------------------
2026-08-15 09:26:28 | Saving checkpoint to ./checkpoints\step_2530...
2026-08-15 09:26:28 | Checkpoint saved successfully!

2026-08-15 09:26:28 | Deleted old checkpoint: ./checkpoints\step_2520
2026-08-15 09:26:35 | Step 2535/6000 | Loss: 2.4324 | LR: 4.763585e-04
2026-08-15 09:26:38 |   >> Validation Loss: 2.5540
2026-08-15 09:26:38 |   --> Seen Generation @ step 2535:
Input: Translate to Vietnamese: Sorry, that question's not on here.
Output: Xin lỗi, câu hỏi đó không phải là gì.
--------------------------------------------------
2026-08-15 09:26:38 | Saving checkpoint to ./checkpoints\step_2535...
2026-08-15 09:26:38 | Checkpoint saved successfully!

2026-08-15 09:26:38 | Deleted old checkpoint: ./checkpoints\step_2525
2026-08-15 09:26:45 | Step 2540/6000 | Loss: 2.5140 | LR: 4.762068e-04
2026-08-15 09:26:49 |   >> Validation Loss: 2.5550
2026-08-15 09:26:49 |   --> Seen Generation @ step 2540:
Input: Translate to Vietnamese: Sorry, that question's not on here.
Output: Xin lỗi, câu hỏi không phải ở đây.
--------------------------------------------------
2026-08-15 09:26:49 | Saving checkpoint to ./checkpoints\step_2540...
2026-08-15 09:26:49 | Checkpoint saved successfully!

2026-08-15 09:26:49 | Deleted old checkpoint: ./checkpoints\step_2530
2026-08-15 09:26:56 | Step 2545/6000 | Loss: 2.5516 | LR: 4.760545e-04
2026-08-15 09:26:59 |   >> Validation Loss: 2.5528
2026-08-15 09:26:59 |   --> Seen Generation @ step 2545:
Input: Translate to Vietnamese: Sorry, that question's not on here.
Output: Xin lỗi, câu hỏi không phải ở đây.
--------------------------------------------------
2026-08-15 09:26:59 | Saving checkpoint to ./checkpoints\step_2545...
2026-08-15 09:26:59 | Checkpoint saved successfully!

2026-08-15 09:26:59 | Deleted old checkpoint: ./checkpoints\step_2535
2026-08-15 09:27:06 | Step 2550/6000 | Loss: 2.6063 | LR: 4.759018e-04
2026-08-15 09:27:09 |   >> Validation Loss: 2.5519
2026-08-15 09:27:09 |   --> Seen Generation @ step 2550:
Input: Translate to Vietnamese: Sorry, that question's not on here.
Output: Xin lỗi, câu hỏi không phải ở đây.
--------------------------------------------------
2026-08-15 09:27:09 | Saving checkpoint to ./checkpoints\step_2550...
2026-08-15 09:27:09 | Checkpoint saved successfully!

2026-08-15 09:27:09 | Deleted old checkpoint: ./checkpoints\step_2540
2026-08-15 09:27:16 | Step 2555/6000 | Loss: 2.5072 | LR: 4.757487e-04
2026-08-15 09:27:20 |   >> Validation Loss: 2.5492
2026-08-15 09:27:20 |   --> Seen Generation @ step 2555:
Input: Translate to Vietnamese: Sorry, that question's not on here.
Output: Xin lỗi, câu hỏi không phải ở đây.
--------------------------------------------------
2026-08-15 09:27:20 | Saving checkpoint to ./checkpoints\step_2555...
2026-08-15 09:27:20 | Checkpoint saved successfully!

2026-08-15 09:27:20 | Deleted old checkpoint: ./checkpoints\step_2545
2026-08-15 09:27:27 | Step 2560/6000 | Loss: 2.5469 | LR: 4.755951e-04
2026-08-15 09:27:30 |   >> Validation Loss: 2.5480
2026-08-15 09:27:30 |   --> Seen Generation @ step 2560:
Input: Translate to Vietnamese: Sorry, that question's not on here.
Output: Xin lỗi, câu hỏi không phải là gì.
--------------------------------------------------
2026-08-15 09:27:30 | Saving checkpoint to ./checkpoints\step_2560...
2026-08-15 09:27:30 | Checkpoint saved successfully!

2026-08-15 09:27:30 | Deleted old checkpoint: ./checkpoints\step_2550
2026-08-15 09:27:37 | Step 2565/6000 | Loss: 2.6361 | LR: 4.754410e-04
2026-08-15 09:27:40 |   >> Validation Loss: 2.5497
2026-08-15 09:27:40 |   --> Seen Generation @ step 2565:
Input: Translate to Vietnamese: Sorry, that question's not on here.
Output: Xin lỗi, câu hỏi không phải về đây.
--------------------------------------------------
2026-08-15 09:27:40 | Saving checkpoint to ./checkpoints\step_2565...
2026-08-15 09:27:40 | Checkpoint saved successfully!

2026-08-15 09:27:40 | Deleted old checkpoint: ./checkpoints\step_2555
2026-08-15 09:27:48 | Step 2570/6000 | Loss: 2.5363 | LR: 4.752865e-04
2026-08-15 09:27:51 |   >> Validation Loss: 2.5475
2026-08-15 09:27:51 |   --> Seen Generation @ step 2570:
Input: Translate to Vietnamese: Sorry, that question's not on here.
Output: Xin lỗi, câu hỏi không phải là ở đây.
--------------------------------------------------
2026-08-15 09:27:51 | Saving checkpoint to ./checkpoints\step_2570...
2026-08-15 09:27:51 | Checkpoint saved successfully!

2026-08-15 09:27:51 | Deleted old checkpoint: ./checkpoints\step_2560
2026-08-15 09:27:58 | Step 2575/6000 | Loss: 2.5301 | LR: 4.751315e-04
2026-08-15 09:28:01 |   >> Validation Loss: 2.5462
2026-08-15 09:28:01 |   --> Seen Generation @ step 2575:
Input: Translate to Vietnamese: Sorry, that question's not on here.
Output: Xin lỗi, câu hỏi không phải là ở đây.
--------------------------------------------------
2026-08-15 09:28:01 | Saving checkpoint to ./checkpoints\step_2575...
2026-08-15 09:28:01 | Checkpoint saved successfully!

2026-08-15 09:28:01 | Deleted old checkpoint: ./checkpoints\step_2565
2026-08-15 09:28:08 | Step 2580/6000 | Loss: 2.5244 | LR: 4.749760e-04
2026-08-15 09:28:11 |   >> Validation Loss: 2.5458
2026-08-15 09:28:12 |   --> Seen Generation @ step 2580:
Input: Translate to Vietnamese: Sorry, that question's not on here.
Output: Xin lỗi, câu hỏi không phải là ở đây.
--------------------------------------------------
2026-08-15 09:28:12 | Saving checkpoint to ./checkpoints\step_2580...
2026-08-15 09:28:12 | Checkpoint saved successfully!

2026-08-15 09:28:12 | Deleted old checkpoint: ./checkpoints\step_2570
2026-08-15 09:28:19 | Step 2585/6000 | Loss: 2.5783 | LR: 4.748201e-04
2026-08-15 09:28:22 |   >> Validation Loss: 2.5436
2026-08-15 09:28:22 |   --> Seen Generation @ step 2585:
Input: Translate to Vietnamese: Sorry, that question's not on here.
Output: Xin lỗi, câu hỏi không phải ở đây.
--------------------------------------------------
2026-08-15 09:28:22 | Saving checkpoint to ./checkpoints\step_2585...
2026-08-15 09:28:22 | Checkpoint saved successfully!

2026-08-15 09:28:22 | Deleted old checkpoint: ./checkpoints\step_2575
2026-08-15 09:28:29 | Step 2590/6000 | Loss: 2.5907 | LR: 4.746637e-04
2026-08-15 09:28:32 |   >> Validation Loss: 2.5437
2026-08-15 09:28:32 |   --> Seen Generation @ step 2590:
Input: Translate to Vietnamese: Sorry, that question's not on here.
Output: Xin lỗi, câu hỏi không có ở đây.
--------------------------------------------------
2026-08-15 09:28:32 | Saving checkpoint to ./checkpoints\step_2590...
2026-08-15 09:28:32 | Checkpoint saved successfully!

2026-08-15 09:28:32 | Deleted old checkpoint: ./checkpoints\step_2580
2026-08-15 09:28:39 | Step 2595/6000 | Loss: 2.4260 | LR: 4.745069e-04
2026-08-15 09:28:42 |   >> Validation Loss: 2.5430
2026-08-15 09:28:43 |   --> Seen Generation @ step 2595:
Input: Translate to Vietnamese: Sorry, that question's not on here.
Output: Xin lỗi, câu hỏi không có ở đây.
--------------------------------------------------
2026-08-15 09:28:43 | Saving checkpoint to ./checkpoints\step_2595...
2026-08-15 09:28:43 | Checkpoint saved successfully!

2026-08-15 09:28:43 | Deleted old checkpoint: ./checkpoints\step_2585
2026-08-15 09:28:50 | Step 2600/6000 | Loss: 2.6120 | LR: 4.743496e-04
2026-08-15 09:28:53 |   >> Validation Loss: 2.5387
2026-08-15 09:28:53 |   --> Seen Generation @ step 2600:
Input: Translate to Vietnamese: Sorry, that question's not on here.
Output: Xin lỗi, câu hỏi không phải là ở đây.
--------------------------------------------------
2026-08-15 09:28:53 | Saving checkpoint to ./checkpoints\step_2600...
2026-08-15 09:28:53 | Checkpoint saved successfully!

2026-08-15 09:28:53 | Deleted old checkpoint: ./checkpoints\step_2590
2026-08-15 09:29:00 | Step 2605/6000 | Loss: 2.5686 | LR: 4.741919e-04
2026-08-15 09:29:03 |   >> Validation Loss: 2.5464
2026-08-15 09:29:03 |   --> Seen Generation @ step 2605:
Input: Translate to Vietnamese: Sorry, that question's not on here.
Output: Xin lỗi, câu hỏi đó không phải là ở đây.
--------------------------------------------------
2026-08-15 09:29:03 | Saving checkpoint to ./checkpoints\step_2605...
2026-08-15 09:29:03 | Checkpoint saved successfully!

2026-08-15 09:29:03 | Deleted old checkpoint: ./checkpoints\step_2595
2026-08-15 09:29:10 | Step 2610/6000 | Loss: 2.5395 | LR: 4.740337e-04
2026-08-15 09:29:14 |   >> Validation Loss: 2.5408
2026-08-15 09:29:14 |   --> Seen Generation @ step 2610:
Input: Translate to Vietnamese: Sorry, that question's not on here.
Output: Xin lỗi, câu hỏi đó không phải ở đây.
--------------------------------------------------
2026-08-15 09:29:14 | Saving checkpoint to ./checkpoints\step_2610...
2026-08-15 09:29:14 | Checkpoint saved successfully!

2026-08-15 09:29:14 | Deleted old checkpoint: ./checkpoints\step_2600
2026-08-15 09:29:21 | Step 2615/6000 | Loss: 2.5071 | LR: 4.738750e-04
2026-08-15 09:29:24 |   >> Validation Loss: 2.5409
2026-08-15 09:29:24 |   --> Seen Generation @ step 2615:
Input: Translate to Vietnamese: Sorry, that question's not on here.
Output: Xin lỗi, câu hỏi không có ở đây.
--------------------------------------------------
2026-08-15 09:29:24 | Saving checkpoint to ./checkpoints\step_2615...
2026-08-15 09:29:24 | Checkpoint saved successfully!

2026-08-15 09:29:24 | Deleted old checkpoint: ./checkpoints\step_2605
2026-08-15 09:29:31 | Step 2620/6000 | Loss: 2.6364 | LR: 4.737159e-04
2026-08-15 09:29:34 |   >> Validation Loss: 2.5409
2026-08-15 09:29:34 |   --> Seen Generation @ step 2620:
Input: Translate to Vietnamese: Sorry, that question's not on here.
Output: Xin lỗi, câu hỏi không có ở đây.
--------------------------------------------------
2026-08-15 09:29:34 | Saving checkpoint to ./checkpoints\step_2620...
2026-08-15 09:29:34 | Checkpoint saved successfully!

2026-08-15 09:29:34 | Deleted old checkpoint: ./checkpoints\step_2610
2026-08-15 09:29:41 | Step 2625/6000 | Loss: 2.5437 | LR: 4.735563e-04
2026-08-15 09:29:44 |   >> Validation Loss: 2.5374
2026-08-15 09:29:44 |   --> Seen Generation @ step 2625:
Input: Translate to Vietnamese: Sorry, that question's not on here.
Output: Xin lỗi, câu hỏi không có trên đây.
--------------------------------------------------
2026-08-15 09:29:44 | Saving checkpoint to ./checkpoints\step_2625...
2026-08-15 09:29:45 | Checkpoint saved successfully!

2026-08-15 09:29:45 | Deleted old checkpoint: ./checkpoints\step_2615
2026-08-15 09:29:52 | Step 2630/6000 | Loss: 2.5704 | LR: 4.733963e-04
2026-08-15 09:29:55 |   >> Validation Loss: 2.5374
2026-08-15 09:29:55 |   --> Seen Generation @ step 2630:
Input: Translate to Vietnamese: Sorry, that question's not on here.
Output: Xin lỗi, câu hỏi không có trên đây.
--------------------------------------------------
2026-08-15 09:29:55 | Saving checkpoint to ./checkpoints\step_2630...
2026-08-15 09:29:55 | Checkpoint saved successfully!

2026-08-15 09:29:55 | Deleted old checkpoint: ./checkpoints\step_2620
2026-08-15 09:30:02 | Step 2635/6000 | Loss: 2.6278 | LR: 4.732358e-04
2026-08-15 09:30:05 |   >> Validation Loss: 2.5362
2026-08-15 09:30:05 |   --> Seen Generation @ step 2635:
Input: Translate to Vietnamese: Sorry, that question's not on here.
Output: Xin lỗi, câu hỏi không có trên đây.
--------------------------------------------------
2026-08-15 09:30:05 | Saving checkpoint to ./checkpoints\step_2635...
2026-08-15 09:30:05 | Checkpoint saved successfully!

2026-08-15 09:30:05 | Deleted old checkpoint: ./checkpoints\step_2625
2026-08-15 09:30:12 | Step 2640/6000 | Loss: 2.6516 | LR: 4.730749e-04
2026-08-15 09:30:15 |   >> Validation Loss: 2.5365
2026-08-15 09:30:16 |   --> Seen Generation @ step 2640:
Input: Translate to Vietnamese: Sorry, that question's not on here.
Output: Xin lỗi, câu hỏi không có ở đây.
--------------------------------------------------
2026-08-15 09:30:16 | Saving checkpoint to ./checkpoints\step_2640...
2026-08-15 09:30:16 | Checkpoint saved successfully!

2026-08-15 09:30:16 | Deleted old checkpoint: ./checkpoints\step_2630
2026-08-15 09:30:23 | Step 2645/6000 | Loss: 2.5911 | LR: 4.729135e-04
2026-08-15 09:30:26 |   >> Validation Loss: 2.5353
2026-08-15 09:30:26 |   --> Seen Generation @ step 2645:
Input: Translate to Vietnamese: Sorry, that question's not on here.
Output: Xin lỗi, câu hỏi không có gì ở đây.
--------------------------------------------------
2026-08-15 09:30:26 | Saving checkpoint to ./checkpoints\step_2645...
2026-08-15 09:30:26 | Checkpoint saved successfully!

2026-08-15 09:30:26 | Deleted old checkpoint: ./checkpoints\step_2635
2026-08-15 09:30:33 | Step 2650/6000 | Loss: 2.5327 | LR: 4.727516e-04
2026-08-15 09:30:36 |   >> Validation Loss: 2.5317
2026-08-15 09:30:36 |   --> Seen Generation @ step 2650:
Input: Translate to Vietnamese: Sorry, that question's not on here.
Output: Xin lỗi, câu hỏi không có ở đây.
--------------------------------------------------
2026-08-15 09:30:36 | Saving checkpoint to ./checkpoints\step_2650...
2026-08-15 09:30:36 | Checkpoint saved successfully!

2026-08-15 09:30:36 | Deleted old checkpoint: ./checkpoints\step_2640
2026-08-15 09:30:43 | Step 2655/6000 | Loss: 2.5117 | LR: 4.725893e-04
2026-08-15 09:30:46 |   >> Validation Loss: 2.5302
2026-08-15 09:30:47 |   --> Seen Generation @ step 2655:
Input: Translate to Vietnamese: Sorry, that question's not on here.
Output: Xin lỗi, câu hỏi không phải ở đây.
--------------------------------------------------
2026-08-15 09:30:47 | Saving checkpoint to ./checkpoints\step_2655...
2026-08-15 09:30:47 | Checkpoint saved successfully!

2026-08-15 09:30:47 | Deleted old checkpoint: ./checkpoints\step_2645
2026-08-15 09:30:54 | Step 2660/6000 | Loss: 2.5262 | LR: 4.724266e-04
2026-08-15 09:30:57 |   >> Validation Loss: 2.5294
2026-08-15 09:30:57 |   --> Seen Generation @ step 2660:
Input: Translate to Vietnamese: Sorry, that question's not on here.
Output: Xin lỗi, câu hỏi không có ở đây.
--------------------------------------------------
2026-08-15 09:30:57 | Saving checkpoint to ./checkpoints\step_2660...
2026-08-15 09:30:57 | Checkpoint saved successfully!

2026-08-15 09:30:57 | Deleted old checkpoint: ./checkpoints\step_2650
2026-08-15 09:31:04 | Step 2665/6000 | Loss: 2.5870 | LR: 4.722634e-04
2026-08-15 09:31:07 |   >> Validation Loss: 2.5328
2026-08-15 09:31:07 |   --> Seen Generation @ step 2665:
Input: Translate to Vietnamese: Sorry, that question's not on here.
Output: Xin lỗi, câu hỏi này không phải trên đây.
--------------------------------------------------
2026-08-15 09:31:07 | Saving checkpoint to ./checkpoints\step_2665...
2026-08-15 09:31:07 | Checkpoint saved successfully!

2026-08-15 09:31:07 | Deleted old checkpoint: ./checkpoints\step_2655
2026-08-15 09:31:14 | Step 2670/6000 | Loss: 2.6277 | LR: 4.720997e-04
2026-08-15 09:31:17 |   >> Validation Loss: 2.5282
2026-08-15 09:31:18 |   --> Seen Generation @ step 2670:
Input: Translate to Vietnamese: Sorry, that question's not on here.
Output: Xin lỗi, câu hỏi không có ở đây.
--------------------------------------------------
2026-08-15 09:31:18 | Saving checkpoint to ./checkpoints\step_2670...
2026-08-15 09:31:18 | Checkpoint saved successfully!

2026-08-15 09:31:18 | Deleted old checkpoint: ./checkpoints\step_2660
2026-08-15 09:31:25 | Step 2675/6000 | Loss: 2.5754 | LR: 4.719356e-04
2026-08-15 09:31:28 |   >> Validation Loss: 2.5280
2026-08-15 09:31:28 |   --> Seen Generation @ step 2675:
Input: Translate to Vietnamese: Sorry, that question's not on here.
Output: Xin lỗi, câu hỏi không có ở đây.
--------------------------------------------------
2026-08-15 09:31:28 | Saving checkpoint to ./checkpoints\step_2675...
2026-08-15 09:31:28 | Checkpoint saved successfully!

2026-08-15 09:31:28 | Deleted old checkpoint: ./checkpoints\step_2665
2026-08-15 09:31:35 | Step 2680/6000 | Loss: 2.5907 | LR: 4.717710e-04
2026-08-15 09:31:38 |   >> Validation Loss: 2.5298
2026-08-15 09:31:38 |   --> Seen Generation @ step 2680:
Input: Translate to Vietnamese: Sorry, that question's not on here.
Output: Xin lỗi, câu hỏi không có ở đây.
--------------------------------------------------
2026-08-15 09:31:38 | Saving checkpoint to ./checkpoints\step_2680...
2026-08-15 09:31:38 | Checkpoint saved successfully!

2026-08-15 09:31:38 | Deleted old checkpoint: ./checkpoints\step_2670
2026-08-15 09:31:45 | Step 2685/6000 | Loss: 2.5222 | LR: 4.716060e-04
2026-08-15 09:31:48 |   >> Validation Loss: 2.5271
2026-08-15 09:31:48 |   --> Seen Generation @ step 2685:
Input: Translate to Vietnamese: Sorry, that question's not on here.
Output: Xin lỗi, câu hỏi không có gì ở đây.
--------------------------------------------------
2026-08-15 09:31:48 | Saving checkpoint to ./checkpoints\step_2685...
2026-08-15 09:31:49 | Checkpoint saved successfully!

2026-08-15 09:31:49 | Deleted old checkpoint: ./checkpoints\step_2675
2026-08-15 09:31:56 | Step 2690/6000 | Loss: 2.6034 | LR: 4.714405e-04
2026-08-15 09:31:59 |   >> Validation Loss: 2.5272
2026-08-15 09:31:59 |   --> Seen Generation @ step 2690:
Input: Translate to Vietnamese: Sorry, that question's not on here.
Output: Xin lỗi, câu hỏi không phải là ở đây.
--------------------------------------------------
2026-08-15 09:31:59 | Saving checkpoint to ./checkpoints\step_2690...
2026-08-15 09:31:59 | Checkpoint saved successfully!

2026-08-15 09:31:59 | Deleted old checkpoint: ./checkpoints\step_2680
2026-08-15 09:32:06 | Step 2695/6000 | Loss: 2.5531 | LR: 4.712746e-04
2026-08-15 09:32:09 |   >> Validation Loss: 2.5272
2026-08-15 09:32:09 |   --> Seen Generation @ step 2695:
Input: Translate to Vietnamese: Sorry, that question's not on here.
Output: Xin lỗi, câu hỏi không phải ở đây.
--------------------------------------------------
2026-08-15 09:32:09 | Saving checkpoint to ./checkpoints\step_2695...
2026-08-15 09:32:09 | Checkpoint saved successfully!

2026-08-15 09:32:09 | Deleted old checkpoint: ./checkpoints\step_2685
2026-08-15 09:32:16 | Step 2700/6000 | Loss: 2.4913 | LR: 4.711082e-04
2026-08-15 09:32:20 |   >> Validation Loss: 2.5250
2026-08-15 09:32:20 |   --> Seen Generation @ step 2700:
Input: Translate to Vietnamese: Sorry, that question's not on here.
Output: Xin lỗi, câu hỏi không có gì ở đây.
--------------------------------------------------
2026-08-15 09:32:20 | Saving checkpoint to ./checkpoints\step_2700...
2026-08-15 09:32:20 | Checkpoint saved successfully!

2026-08-15 09:32:20 | Deleted old checkpoint: ./checkpoints\step_2690
2026-08-15 09:32:27 | Step 2705/6000 | Loss: 2.5696 | LR: 4.709414e-04
2026-08-15 09:32:30 |   >> Validation Loss: 2.5246
2026-08-15 09:32:30 |   --> Seen Generation @ step 2705:
Input: Translate to Vietnamese: Sorry, that question's not on here.
Output: Xin lỗi, câu hỏi không phải ở đây.
--------------------------------------------------
2026-08-15 09:32:30 | Saving checkpoint to ./checkpoints\step_2705...
2026-08-15 09:32:30 | Checkpoint saved successfully!

2026-08-15 09:32:30 | Deleted old checkpoint: ./checkpoints\step_2695
2026-08-15 09:32:37 | Step 2710/6000 | Loss: 2.5695 | LR: 4.707741e-04
2026-08-15 09:32:40 |   >> Validation Loss: 2.5257
2026-08-15 09:32:40 |   --> Seen Generation @ step 2710:
Input: Translate to Vietnamese: Sorry, that question's not on here.
Output: Xin lỗi, câu hỏi không phải ở đây.
--------------------------------------------------
2026-08-15 09:32:40 | Saving checkpoint to ./checkpoints\step_2710...
2026-08-15 09:32:40 | Checkpoint saved successfully!

2026-08-15 09:32:40 | Deleted old checkpoint: ./checkpoints\step_2700
2026-08-15 09:32:47 | Step 2715/6000 | Loss: 2.5322 | LR: 4.706064e-04
2026-08-15 09:32:51 |   >> Validation Loss: 2.5248
2026-08-15 09:32:51 |   --> Seen Generation @ step 2715:
Input: Translate to Vietnamese: Sorry, that question's not on here.
Output: Xin lỗi, câu hỏi không phải ở đây.
--------------------------------------------------
2026-08-15 09:32:51 | Saving checkpoint to ./checkpoints\step_2715...
2026-08-15 09:32:51 | Checkpoint saved successfully!

2026-08-15 09:32:51 | Deleted old checkpoint: ./checkpoints\step_2705
2026-08-15 09:32:58 | Step 2720/6000 | Loss: 2.5909 | LR: 4.704382e-04
2026-08-15 09:33:01 |   >> Validation Loss: 2.5277
2026-08-15 09:33:01 |   --> Seen Generation @ step 2720:
Input: Translate to Vietnamese: Sorry, that question's not on here.
Output: Xin lỗi, câu hỏi không có gì ở đây.
--------------------------------------------------
2026-08-15 09:33:01 | Saving checkpoint to ./checkpoints\step_2720...
2026-08-15 09:33:01 | Checkpoint saved successfully!

2026-08-15 09:33:01 | Deleted old checkpoint: ./checkpoints\step_2710
2026-08-15 09:33:08 | Step 2725/6000 | Loss: 2.5194 | LR: 4.702696e-04
2026-08-15 09:33:12 |   >> Validation Loss: 2.5294
2026-08-15 09:33:12 |   --> Seen Generation @ step 2725:
Input: Translate to Vietnamese: Sorry, that question's not on here.
Output: Xin lỗi, câu hỏi đó không phải là vấn đề ở đây.
--------------------------------------------------
2026-08-15 09:33:12 | Saving checkpoint to ./checkpoints\step_2725...
2026-08-15 09:33:12 | Checkpoint saved successfully!

2026-08-15 09:33:12 | Deleted old checkpoint: ./checkpoints\step_2715
2026-08-15 09:33:19 | Step 2730/6000 | Loss: 2.6427 | LR: 4.701005e-04
2026-08-15 09:33:22 |   >> Validation Loss: 2.5230
2026-08-15 09:33:22 |   --> Seen Generation @ step 2730:
Input: Translate to Vietnamese: Sorry, that question's not on here.
Output: Xin lỗi, câu hỏi không phải ở đây.
--------------------------------------------------
2026-08-15 09:33:22 | Saving checkpoint to ./checkpoints\step_2730...
2026-08-15 09:33:22 | Checkpoint saved successfully!

2026-08-15 09:33:22 | Deleted old checkpoint: ./checkpoints\step_2720
2026-08-15 09:33:29 | Step 2735/6000 | Loss: 2.5619 | LR: 4.699310e-04
2026-08-15 09:33:32 |   >> Validation Loss: 2.5228
2026-08-15 09:33:32 |   --> Seen Generation @ step 2735:
Input: Translate to Vietnamese: Sorry, that question's not on here.
Output: Xin lỗi, câu hỏi không phải ở đây.
--------------------------------------------------
2026-08-15 09:33:32 | Saving checkpoint to ./checkpoints\step_2735...
2026-08-15 09:33:32 | Checkpoint saved successfully!

2026-08-15 09:33:32 | Deleted old checkpoint: ./checkpoints\step_2725
2026-08-15 09:33:39 | Step 2740/6000 | Loss: 2.5436 | LR: 4.697610e-04
2026-08-15 09:33:43 |   >> Validation Loss: 2.5179
2026-08-15 09:33:43 |   --> Seen Generation @ step 2740:
Input: Translate to Vietnamese: Sorry, that question's not on here.
Output: Xin lỗi, câu hỏi không có ở đây.
--------------------------------------------------
2026-08-15 09:33:43 | Saving checkpoint to ./checkpoints\step_2740...
2026-08-15 09:33:43 | Checkpoint saved successfully!

2026-08-15 09:33:43 | Deleted old checkpoint: ./checkpoints\step_2730
2026-08-15 09:33:50 | Step 2745/6000 | Loss: 2.5953 | LR: 4.695906e-04
2026-08-15 09:33:53 |   >> Validation Loss: 2.5169
2026-08-15 09:33:53 |   --> Seen Generation @ step 2745:
Input: Translate to Vietnamese: Sorry, that question's not on here.
Output: Xin lỗi, câu hỏi đó không phải ở đây.
--------------------------------------------------
2026-08-15 09:33:53 | Saving checkpoint to ./checkpoints\step_2745...
2026-08-15 09:33:53 | Checkpoint saved successfully!

2026-08-15 09:33:53 | Deleted old checkpoint: ./checkpoints\step_2735
2026-08-15 09:34:00 | Step 2750/6000 | Loss: 2.5295 | LR: 4.694197e-04
2026-08-15 09:34:03 |   >> Validation Loss: 2.5192
2026-08-15 09:34:03 |   --> Seen Generation @ step 2750:
Input: Translate to Vietnamese: Sorry, that question's not on here.
Output: Xin lỗi, câu hỏi đó không phải ở đây.
--------------------------------------------------
2026-08-15 09:34:03 | Saving checkpoint to ./checkpoints\step_2750...
2026-08-15 09:34:03 | Checkpoint saved successfully!

2026-08-15 09:34:04 | Deleted old checkpoint: ./checkpoints\step_2740
2026-08-15 09:34:11 | Step 2755/6000 | Loss: 2.5522 | LR: 4.692484e-04
2026-08-15 09:34:14 |   >> Validation Loss: 2.5173
2026-08-15 09:34:14 |   --> Seen Generation @ step 2755:
Input: Translate to Vietnamese: Sorry, that question's not on here.
Output: Xin lỗi, câu hỏi đó không phải ở đây.
--------------------------------------------------
2026-08-15 09:34:14 | Saving checkpoint to ./checkpoints\step_2755...
2026-08-15 09:34:14 | Checkpoint saved successfully!

2026-08-15 09:34:14 | Deleted old checkpoint: ./checkpoints\step_2745
2026-08-15 09:34:21 | Step 2760/6000 | Loss: 2.6165 | LR: 4.690767e-04
2026-08-15 09:34:24 |   >> Validation Loss: 2.5184
2026-08-15 09:34:24 |   --> Seen Generation @ step 2760:
Input: Translate to Vietnamese: Sorry, that question's not on here.
Output: Xin lỗi, câu hỏi không phải ở đây.
--------------------------------------------------
2026-08-15 09:34:24 | Saving checkpoint to ./checkpoints\step_2760...
2026-08-15 09:34:24 | Checkpoint saved successfully!

2026-08-15 09:34:24 | Deleted old checkpoint: ./checkpoints\step_2750
2026-08-15 09:34:31 | Step 2765/6000 | Loss: 2.6004 | LR: 4.689045e-04
2026-08-15 09:34:34 |   >> Validation Loss: 2.5141
2026-08-15 09:34:34 |   --> Seen Generation @ step 2765:
Input: Translate to Vietnamese: Sorry, that question's not on here.
Output: Xin lỗi, câu hỏi đó không phải ở đây.
--------------------------------------------------
2026-08-15 09:34:34 | Saving checkpoint to ./checkpoints\step_2765...
2026-08-15 09:34:35 | Checkpoint saved successfully!

2026-08-15 09:34:35 | Deleted old checkpoint: ./checkpoints\step_2755
2026-08-15 09:34:42 | Step 2770/6000 | Loss: 2.4731 | LR: 4.687318e-04
2026-08-15 09:34:45 |   >> Validation Loss: 2.5124
2026-08-15 09:34:45 |   --> Seen Generation @ step 2770:
Input: Translate to Vietnamese: Sorry, that question's not on here.
Output: Xin lỗi, câu hỏi không có ở đây.
--------------------------------------------------
2026-08-15 09:34:45 | Saving checkpoint to ./checkpoints\step_2770...
2026-08-15 09:34:45 | Checkpoint saved successfully!

2026-08-15 09:34:45 | Deleted old checkpoint: ./checkpoints\step_2760
2026-08-15 09:34:52 | Step 2775/6000 | Loss: 2.5049 | LR: 4.685587e-04
2026-08-15 09:34:55 |   >> Validation Loss: 2.5205
2026-08-15 09:34:55 |   --> Seen Generation @ step 2775:
Input: Translate to Vietnamese: Sorry, that question's not on here.
Output: Xin lỗi, câu hỏi đó không phải ở đây.
--------------------------------------------------
2026-08-15 09:34:55 | Saving checkpoint to ./checkpoints\step_2775...
2026-08-15 09:34:55 | Checkpoint saved successfully!

2026-08-15 09:34:55 | Deleted old checkpoint: ./checkpoints\step_2765
2026-08-15 09:35:02 | Step 2780/6000 | Loss: 2.5578 | LR: 4.683852e-04
2026-08-15 09:35:05 |   >> Validation Loss: 2.5132
2026-08-15 09:35:05 |   --> Seen Generation @ step 2780:
Input: Translate to Vietnamese: Sorry, that question's not on here.
Output: Xin lỗi, câu hỏi đó không phải ở đây.
--------------------------------------------------
2026-08-15 09:35:05 | Saving checkpoint to ./checkpoints\step_2780...
2026-08-15 09:35:06 | Checkpoint saved successfully!

2026-08-15 09:35:06 | Deleted old checkpoint: ./checkpoints\step_2770
2026-08-15 09:35:13 | Step 2785/6000 | Loss: 2.4769 | LR: 4.682112e-04
2026-08-15 09:35:16 |   >> Validation Loss: 2.5147
2026-08-15 09:35:16 |   --> Seen Generation @ step 2785:
Input: Translate to Vietnamese: Sorry, that question's not on here.
Output: Xin lỗi, câu hỏi đó không phải ở đây.
--------------------------------------------------
2026-08-15 09:35:16 | Saving checkpoint to ./checkpoints\step_2785...
2026-08-15 09:35:16 | Checkpoint saved successfully!

2026-08-15 09:35:16 | Deleted old checkpoint: ./checkpoints\step_2775
2026-08-15 09:35:23 | Step 2790/6000 | Loss: 2.6063 | LR: 4.680367e-04
2026-08-15 09:35:26 |   >> Validation Loss: 2.5138
2026-08-15 09:35:26 |   --> Seen Generation @ step 2790:
Input: Translate to Vietnamese: Sorry, that question's not on here.
Output: Xin lỗi, câu hỏi đó không phải ở đây.
--------------------------------------------------
2026-08-15 09:35:26 | Saving checkpoint to ./checkpoints\step_2790...
2026-08-15 09:35:26 | Checkpoint saved successfully!

2026-08-15 09:35:26 | Deleted old checkpoint: ./checkpoints\step_2780
2026-08-15 09:35:33 | Step 2795/6000 | Loss: 2.5365 | LR: 4.678618e-04
2026-08-15 09:35:37 |   >> Validation Loss: 2.5120
2026-08-15 09:35:37 |   --> Seen Generation @ step 2795:
Input: Translate to Vietnamese: Sorry, that question's not on here.
Output: Xin lỗi, câu hỏi đó không phải ở đây.
--------------------------------------------------
2026-08-15 09:35:37 | Saving checkpoint to ./checkpoints\step_2795...
2026-08-15 09:35:37 | Checkpoint saved successfully!

2026-08-15 09:35:37 | Deleted old checkpoint: ./checkpoints\step_2785
2026-08-15 09:35:44 | Step 2800/6000 | Loss: 2.5987 | LR: 4.676865e-04
2026-08-15 09:35:47 |   >> Validation Loss: 2.5129
2026-08-15 09:35:48 |   --> Seen Generation @ step 2800:
Input: Translate to Vietnamese: Sorry, that question's not on here.
Output: Xin lỗi, câu hỏi đó không phải ở đây.
--------------------------------------------------
2026-08-15 09:35:48 | Saving checkpoint to ./checkpoints\step_2800...
2026-08-15 09:35:48 | Checkpoint saved successfully!

2026-08-15 09:35:48 | Deleted old checkpoint: ./checkpoints\step_2790
2026-08-15 09:35:55 | Step 2805/6000 | Loss: 2.5436 | LR: 4.675107e-04
2026-08-15 09:35:58 |   >> Validation Loss: 2.5118
2026-08-15 09:35:58 |   --> Seen Generation @ step 2805:
Input: Translate to Vietnamese: Sorry, that question's not on here.
Output: Xin lỗi, câu hỏi đó không phải ở đây.
--------------------------------------------------
2026-08-15 09:35:58 | Saving checkpoint to ./checkpoints\step_2805...
2026-08-15 09:35:58 | Checkpoint saved successfully!

2026-08-15 09:35:58 | Deleted old checkpoint: ./checkpoints\step_2795
2026-08-15 09:36:06 | Step 2810/6000 | Loss: 2.5997 | LR: 4.673345e-04
2026-08-15 09:36:09 |   >> Validation Loss: 2.5092
2026-08-15 09:36:09 |   --> Seen Generation @ step 2810:
Input: Translate to Vietnamese: Sorry, that question's not on here.
Output: Xin lỗi, câu hỏi đó không ở đây.
--------------------------------------------------
2026-08-15 09:36:09 | Saving checkpoint to ./checkpoints\step_2810...
2026-08-15 09:36:09 | Checkpoint saved successfully!

2026-08-15 09:36:09 | Deleted old checkpoint: ./checkpoints\step_2800
2026-08-15 09:36:17 | Step 2815/6000 | Loss: 2.5039 | LR: 4.671579e-04
2026-08-15 09:36:20 |   >> Validation Loss: 2.5062
2026-08-15 09:36:20 |   --> Seen Generation @ step 2815:
Input: Translate to Vietnamese: Sorry, that question's not on here.
Output: Xin lỗi, câu hỏi này không có ở đây.
--------------------------------------------------
2026-08-15 09:36:20 | Saving checkpoint to ./checkpoints\step_2815...
2026-08-15 09:36:20 | Checkpoint saved successfully!

2026-08-15 09:36:20 | Deleted old checkpoint: ./checkpoints\step_2805
2026-08-15 09:36:27 | Step 2820/6000 | Loss: 2.5369 | LR: 4.669808e-04
2026-08-15 09:36:30 |   >> Validation Loss: 2.5045
2026-08-15 09:36:30 |   --> Seen Generation @ step 2820:
Input: Translate to Vietnamese: Sorry, that question's not on here.
Output: Xin lỗi, câu hỏi đó không có ở đây.
--------------------------------------------------
2026-08-15 09:36:30 | Saving checkpoint to ./checkpoints\step_2820...
2026-08-15 09:36:30 | Checkpoint saved successfully!

2026-08-15 09:36:30 | Deleted old checkpoint: ./checkpoints\step_2810
2026-08-15 09:36:38 | Step 2825/6000 | Loss: 2.5776 | LR: 4.668032e-04
2026-08-15 09:36:41 |   >> Validation Loss: 2.5077
2026-08-15 09:36:41 |   --> Seen Generation @ step 2825:
Input: Translate to Vietnamese: Sorry, that question's not on here.
Output: Xin lỗi, câu hỏi không ở đây.
--------------------------------------------------
2026-08-15 09:36:41 | Saving checkpoint to ./checkpoints\step_2825...
2026-08-15 09:36:41 | Checkpoint saved successfully!

2026-08-15 09:36:41 | Deleted old checkpoint: ./checkpoints\step_2815
2026-08-15 09:36:48 | Step 2830/6000 | Loss: 2.4941 | LR: 4.666253e-04
2026-08-15 09:36:51 |   >> Validation Loss: 2.5072
2026-08-15 09:36:51 |   --> Seen Generation @ step 2830:
Input: Translate to Vietnamese: Sorry, that question's not on here.
Output: Xin lỗi, câu hỏi đó không ở đây.
--------------------------------------------------
2026-08-15 09:36:51 | Saving checkpoint to ./checkpoints\step_2830...
2026-08-15 09:36:51 | Checkpoint saved successfully!

2026-08-15 09:36:51 | Deleted old checkpoint: ./checkpoints\step_2820
2026-08-15 09:36:59 | Step 2835/6000 | Loss: 2.4952 | LR: 4.664468e-04
2026-08-15 09:37:02 |   >> Validation Loss: 2.5065
2026-08-15 09:37:02 |   --> Seen Generation @ step 2835:
Input: Translate to Vietnamese: Sorry, that question's not on here.
Output: Xin lỗi, câu hỏi đó không phải ở đây.
--------------------------------------------------
2026-08-15 09:37:02 | Saving checkpoint to ./checkpoints\step_2835...
2026-08-15 09:37:02 | Checkpoint saved successfully!

2026-08-15 09:37:02 | Deleted old checkpoint: ./checkpoints\step_2825
2026-08-15 09:37:09 | Step 2840/6000 | Loss: 2.4939 | LR: 4.662680e-04
2026-08-15 09:37:12 |   >> Validation Loss: 2.5047
2026-08-15 09:37:12 |   --> Seen Generation @ step 2840:
Input: Translate to Vietnamese: Sorry, that question's not on here.
Output: Xin lỗi, câu hỏi đó không có ở đây.
--------------------------------------------------
2026-08-15 09:37:12 | Saving checkpoint to ./checkpoints\step_2840...
2026-08-15 09:37:12 | Checkpoint saved successfully!

2026-08-15 09:37:12 | Deleted old checkpoint: ./checkpoints\step_2830
2026-08-15 09:37:20 | Step 2845/6000 | Loss: 2.5563 | LR: 4.660887e-04
2026-08-15 09:37:23 |   >> Validation Loss: 2.5053
2026-08-15 09:37:23 |   --> Seen Generation @ step 2845:
Input: Translate to Vietnamese: Sorry, that question's not on here.
Output: Xin lỗi, câu hỏi đó không có ở đây.
--------------------------------------------------
2026-08-15 09:37:23 | Saving checkpoint to ./checkpoints\step_2845...
2026-08-15 09:37:23 | Checkpoint saved successfully!

2026-08-15 09:37:23 | Deleted old checkpoint: ./checkpoints\step_2835
2026-08-15 09:37:30 | Step 2850/6000 | Loss: 2.6008 | LR: 4.659089e-04
2026-08-15 09:37:33 |   >> Validation Loss: 2.5046
2026-08-15 09:37:33 |   --> Seen Generation @ step 2850:
Input: Translate to Vietnamese: Sorry, that question's not on here.
Output: Xin lỗi, câu hỏi đó không phải ở đây.
--------------------------------------------------
2026-08-15 09:37:33 | Saving checkpoint to ./checkpoints\step_2850...
2026-08-15 09:37:33 | Checkpoint saved successfully!

2026-08-15 09:37:33 | Deleted old checkpoint: ./checkpoints\step_2840
2026-08-15 09:37:40 | Step 2855/6000 | Loss: 2.5357 | LR: 4.657287e-04
2026-08-15 09:37:44 |   >> Validation Loss: 2.5033
2026-08-15 09:37:44 |   --> Seen Generation @ step 2855:
Input: Translate to Vietnamese: Sorry, that question's not on here.
Output: Xin lỗi, câu hỏi đó không có trên đây.
--------------------------------------------------
2026-08-15 09:37:44 | Saving checkpoint to ./checkpoints\step_2855...
2026-08-15 09:37:44 | Checkpoint saved successfully!

2026-08-15 09:37:44 | Deleted old checkpoint: ./checkpoints\step_2845
2026-08-15 09:37:51 | Step 2860/6000 | Loss: 2.5281 | LR: 4.655481e-04
2026-08-15 09:37:54 |   >> Validation Loss: 2.5034
2026-08-15 09:37:54 |   --> Seen Generation @ step 2860:
Input: Translate to Vietnamese: Sorry, that question's not on here.
Output: Xin lỗi, câu hỏi đó không phải ở đây.
--------------------------------------------------
2026-08-15 09:37:54 | Saving checkpoint to ./checkpoints\step_2860...
2026-08-15 09:37:54 | Checkpoint saved successfully!

2026-08-15 09:37:54 | Deleted old checkpoint: ./checkpoints\step_2850
2026-08-15 09:38:01 | Step 2865/6000 | Loss: 2.5181 | LR: 4.653670e-04
2026-08-15 09:38:05 |   >> Validation Loss: 2.5027
2026-08-15 09:38:05 |   --> Seen Generation @ step 2865:
Input: Translate to Vietnamese: Sorry, that question's not on here.
Output: Xin lỗi, câu hỏi không có ở đây.
--------------------------------------------------
2026-08-15 09:38:05 | Saving checkpoint to ./checkpoints\step_2865...
2026-08-15 09:38:05 | Checkpoint saved successfully!

2026-08-15 09:38:05 | Deleted old checkpoint: ./checkpoints\step_2855
2026-08-15 09:38:12 | Step 2870/6000 | Loss: 2.4258 | LR: 4.651855e-04
2026-08-15 09:38:15 |   >> Validation Loss: 2.5039
2026-08-15 09:38:15 |   --> Seen Generation @ step 2870:
Input: Translate to Vietnamese: Sorry, that question's not on here.
Output: Xin lỗi, câu hỏi không có ở đây.
--------------------------------------------------
2026-08-15 09:38:15 | Saving checkpoint to ./checkpoints\step_2870...
2026-08-15 09:38:15 | Checkpoint saved successfully!

2026-08-15 09:38:15 | Deleted old checkpoint: ./checkpoints\step_2860
2026-08-15 09:38:22 | Step 2875/6000 | Loss: 2.5423 | LR: 4.650036e-04
2026-08-15 09:38:26 |   >> Validation Loss: 2.5034
2026-08-15 09:38:26 |   --> Seen Generation @ step 2875:
Input: Translate to Vietnamese: Sorry, that question's not on here.
Output: Xin lỗi, câu hỏi đó không phải ở đây.
--------------------------------------------------
2026-08-15 09:38:26 | Saving checkpoint to ./checkpoints\step_2875...
2026-08-15 09:38:26 | Checkpoint saved successfully!

2026-08-15 09:38:26 | Deleted old checkpoint: ./checkpoints\step_2865
2026-08-15 09:38:33 | Step 2880/6000 | Loss: 2.4977 | LR: 4.648212e-04
2026-08-15 09:38:36 |   >> Validation Loss: 2.5000
2026-08-15 09:38:36 |   --> Seen Generation @ step 2880:
Input: Translate to Vietnamese: Sorry, that question's not on here.
Output: Xin lỗi, câu hỏi không ở đây.
--------------------------------------------------
2026-08-15 09:38:36 | Saving checkpoint to ./checkpoints\step_2880...
2026-08-15 09:38:36 | Checkpoint saved successfully!

2026-08-15 09:38:36 | Deleted old checkpoint: ./checkpoints\step_2870
2026-08-15 09:38:43 | Step 2885/6000 | Loss: 2.6183 | LR: 4.646384e-04
2026-08-15 09:38:47 |   >> Validation Loss: 2.4992
2026-08-15 09:38:47 |   --> Seen Generation @ step 2885:
Input: Translate to Vietnamese: Sorry, that question's not on here.
Output: Xin lỗi, câu hỏi không ở đây.
--------------------------------------------------
2026-08-15 09:38:47 | Saving checkpoint to ./checkpoints\step_2885...
2026-08-15 09:38:47 | Checkpoint saved successfully!

2026-08-15 09:38:47 | Deleted old checkpoint: ./checkpoints\step_2875
2026-08-15 09:38:54 | Step 2890/6000 | Loss: 2.4905 | LR: 4.644551e-04
2026-08-15 09:38:57 |   >> Validation Loss: 2.5003
2026-08-15 09:38:57 |   --> Seen Generation @ step 2890:
Input: Translate to Vietnamese: Sorry, that question's not on here.
Output: Xin lỗi, câu hỏi đó không phải ở đây.
--------------------------------------------------
2026-08-15 09:38:57 | Saving checkpoint to ./checkpoints\step_2890...
2026-08-15 09:38:57 | Checkpoint saved successfully!

2026-08-15 09:38:57 | Deleted old checkpoint: ./checkpoints\step_2880
2026-08-15 09:39:04 | Step 2895/6000 | Loss: 2.4705 | LR: 4.642714e-04
2026-08-15 09:39:07 |   >> Validation Loss: 2.4991
2026-08-15 09:39:07 |   --> Seen Generation @ step 2895:
Input: Translate to Vietnamese: Sorry, that question's not on here.
Output: Xin lỗi, câu hỏi đó không phải ở đây.
--------------------------------------------------
2026-08-15 09:39:07 | Saving checkpoint to ./checkpoints\step_2895...
2026-08-15 09:39:08 | Checkpoint saved successfully!

2026-08-15 09:39:08 | Deleted old checkpoint: ./checkpoints\step_2885
2026-08-15 09:39:15 | Step 2900/6000 | Loss: 2.5303 | LR: 4.640873e-04
2026-08-15 09:39:18 |   >> Validation Loss: 2.4990
2026-08-15 09:39:18 |   --> Seen Generation @ step 2900:
Input: Translate to Vietnamese: Sorry, that question's not on here.
Output: Xin lỗi, câu hỏi đó không phải ở đây.
--------------------------------------------------
2026-08-15 09:39:18 | Saving checkpoint to ./checkpoints\step_2900...
2026-08-15 09:39:18 | Checkpoint saved successfully!

2026-08-15 09:39:18 | Deleted old checkpoint: ./checkpoints\step_2890
2026-08-15 09:39:25 | Step 2905/6000 | Loss: 2.4534 | LR: 4.639027e-04
2026-08-15 09:39:28 |   >> Validation Loss: 2.5003
2026-08-15 09:39:28 |   --> Seen Generation @ step 2905:
Input: Translate to Vietnamese: Sorry, that question's not on here.
Output: Xin lỗi, câu hỏi đó không phải ở đây.
--------------------------------------------------
2026-08-15 09:39:28 | Saving checkpoint to ./checkpoints\step_2905...
2026-08-15 09:39:28 | Checkpoint saved successfully!

2026-08-15 09:39:28 | Deleted old checkpoint: ./checkpoints\step_2895
2026-08-15 09:39:36 | Step 2910/6000 | Loss: 2.4524 | LR: 4.637177e-04
2026-08-15 09:39:39 |   >> Validation Loss: 2.5000
2026-08-15 09:39:39 |   --> Seen Generation @ step 2910:
Input: Translate to Vietnamese: Sorry, that question's not on here.
Output: Xin lỗi, câu hỏi đó không phải ở đây.
--------------------------------------------------
2026-08-15 09:39:39 | Saving checkpoint to ./checkpoints\step_2910...
2026-08-15 09:39:39 | Checkpoint saved successfully!

2026-08-15 09:39:39 | Deleted old checkpoint: ./checkpoints\step_2900
2026-08-15 09:39:46 | Step 2915/6000 | Loss: 2.4809 | LR: 4.635322e-04
2026-08-15 09:39:49 |   >> Validation Loss: 2.4984
2026-08-15 09:39:49 |   --> Seen Generation @ step 2915:
Input: Translate to Vietnamese: Sorry, that question's not on here.
Output: Xin lỗi, câu hỏi đó không phải ở đây.
--------------------------------------------------
2026-08-15 09:39:49 | Saving checkpoint to ./checkpoints\step_2915...
2026-08-15 09:39:49 | Checkpoint saved successfully!

2026-08-15 09:39:49 | Deleted old checkpoint: ./checkpoints\step_2905
2026-08-15 09:39:56 | Step 2920/6000 | Loss: 2.5105 | LR: 4.633464e-04
2026-08-15 09:40:00 |   >> Validation Loss: 2.4983
2026-08-15 09:40:00 |   --> Seen Generation @ step 2920:
Input: Translate to Vietnamese: Sorry, that question's not on here.
Output: Xin lỗi, câu hỏi đó không phải ở đây.
--------------------------------------------------
2026-08-15 09:40:00 | Saving checkpoint to ./checkpoints\step_2920...
2026-08-15 09:40:00 | Checkpoint saved successfully!

2026-08-15 09:40:00 | Deleted old checkpoint: ./checkpoints\step_2910
2026-08-15 09:40:07 | Step 2925/6000 | Loss: 2.5719 | LR: 4.631600e-04
2026-08-15 09:40:10 |   >> Validation Loss: 2.4983
2026-08-15 09:40:10 |   --> Seen Generation @ step 2925:
Input: Translate to Vietnamese: Sorry, that question's not on here.
Output: Xin lỗi, câu hỏi đó không phải ở đây.
--------------------------------------------------
2026-08-15 09:40:10 | Saving checkpoint to ./checkpoints\step_2925...
2026-08-15 09:40:10 | Checkpoint saved successfully!

2026-08-15 09:40:10 | Deleted old checkpoint: ./checkpoints\step_2915
2026-08-15 09:40:17 | Step 2930/6000 | Loss: 2.5519 | LR: 4.629733e-04
2026-08-15 09:40:21 |   >> Validation Loss: 2.4968
2026-08-15 09:40:21 |   --> Seen Generation @ step 2930:
Input: Translate to Vietnamese: Sorry, that question's not on here.
Output: Xin lỗi, câu hỏi đó không phải ở đây.
--------------------------------------------------
2026-08-15 09:40:21 | Saving checkpoint to ./checkpoints\step_2930...
2026-08-15 09:40:21 | Checkpoint saved successfully!

2026-08-15 09:40:21 | Deleted old checkpoint: ./checkpoints\step_2920
2026-08-15 09:40:28 | Step 2935/6000 | Loss: 2.5235 | LR: 4.627861e-04
2026-08-15 09:40:31 |   >> Validation Loss: 2.4944
2026-08-15 09:40:31 |   --> Seen Generation @ step 2935:
Input: Translate to Vietnamese: Sorry, that question's not on here.
Output: Xin lỗi, câu hỏi đó không phải ở đây.
--------------------------------------------------
2026-08-15 09:40:31 | Saving checkpoint to ./checkpoints\step_2935...
2026-08-15 09:40:31 | Checkpoint saved successfully!

2026-08-15 09:40:31 | Deleted old checkpoint: ./checkpoints\step_2925
2026-08-15 09:40:38 | Step 2940/6000 | Loss: 2.6137 | LR: 4.625985e-04
2026-08-15 09:40:41 |   >> Validation Loss: 2.4942
2026-08-15 09:40:42 |   --> Seen Generation @ step 2940:
Input: Translate to Vietnamese: Sorry, that question's not on here.
Output: Xin lỗi, câu hỏi đó không phải ở đây.
--------------------------------------------------
2026-08-15 09:40:42 | Saving checkpoint to ./checkpoints\step_2940...
2026-08-15 09:40:42 | Checkpoint saved successfully!

2026-08-15 09:40:42 | Deleted old checkpoint: ./checkpoints\step_2930
2026-08-15 09:40:49 | Step 2945/6000 | Loss: 2.4753 | LR: 4.624104e-04
2026-08-15 09:40:52 |   >> Validation Loss: 2.4912
2026-08-15 09:40:52 |   --> Seen Generation @ step 2945:
Input: Translate to Vietnamese: Sorry, that question's not on here.
Output: Xin lỗi, câu hỏi đó không phải ở đây.
--------------------------------------------------
2026-08-15 09:40:52 | Saving checkpoint to ./checkpoints\step_2945...
2026-08-15 09:40:52 | Checkpoint saved successfully!

2026-08-15 09:40:52 | Deleted old checkpoint: ./checkpoints\step_2935
2026-08-15 09:40:59 | Step 2950/6000 | Loss: 2.5219 | LR: 4.622220e-04
2026-08-15 09:41:02 |   >> Validation Loss: 2.4909
2026-08-15 09:41:03 |   --> Seen Generation @ step 2950:
Input: Translate to Vietnamese: Sorry, that question's not on here.
Output: Xin lỗi, câu hỏi không ở đây.
--------------------------------------------------
2026-08-15 09:41:03 | Saving checkpoint to ./checkpoints\step_2950...
2026-08-15 09:41:03 | Checkpoint saved successfully!

2026-08-15 09:41:03 | Deleted old checkpoint: ./checkpoints\step_2940
2026-08-15 09:41:10 | Step 2955/6000 | Loss: 2.5380 | LR: 4.620330e-04
2026-08-15 09:41:13 |   >> Validation Loss: 2.4886
2026-08-15 09:41:13 |   --> Seen Generation @ step 2955:
Input: Translate to Vietnamese: Sorry, that question's not on here.
Output: Xin lỗi, câu hỏi không ở đây.
--------------------------------------------------
2026-08-15 09:41:13 | Saving checkpoint to ./checkpoints\step_2955...
2026-08-15 09:41:13 | Checkpoint saved successfully!

2026-08-15 09:41:13 | Deleted old checkpoint: ./checkpoints\step_2945
2026-08-15 09:41:20 | Step 2960/6000 | Loss: 2.4848 | LR: 4.618437e-04
2026-08-15 09:41:23 |   >> Validation Loss: 2.4910
2026-08-15 09:41:23 |   --> Seen Generation @ step 2960:
Input: Translate to Vietnamese: Sorry, that question's not on here.
Output: Xin lỗi, câu hỏi không có ở đây.
--------------------------------------------------
2026-08-15 09:41:23 | Saving checkpoint to ./checkpoints\step_2960...
2026-08-15 09:41:24 | Checkpoint saved successfully!

2026-08-15 09:41:24 | Deleted old checkpoint: ./checkpoints\step_2950
2026-08-15 09:41:31 | Step 2965/6000 | Loss: 2.5990 | LR: 4.616539e-04
2026-08-15 09:41:34 |   >> Validation Loss: 2.4899
2026-08-15 09:41:34 |   --> Seen Generation @ step 2965:
Input: Translate to Vietnamese: Sorry, that question's not on here.
Output: Xin lỗi, câu hỏi không phải ở đây.
--------------------------------------------------
2026-08-15 09:41:34 | Saving checkpoint to ./checkpoints\step_2965...
2026-08-15 09:41:34 | Checkpoint saved successfully!

2026-08-15 09:41:34 | Deleted old checkpoint: ./checkpoints\step_2955
2026-08-15 09:41:41 | Step 2970/6000 | Loss: 2.5113 | LR: 4.614637e-04
2026-08-15 09:41:44 |   >> Validation Loss: 2.4885
2026-08-15 09:41:44 |   --> Seen Generation @ step 2970:
Input: Translate to Vietnamese: Sorry, that question's not on here.
Output: Xin lỗi, câu hỏi không có ở đây.
--------------------------------------------------
2026-08-15 09:41:44 | Saving checkpoint to ./checkpoints\step_2970...
2026-08-15 09:41:44 | Checkpoint saved successfully!

2026-08-15 09:41:44 | Deleted old checkpoint: ./checkpoints\step_2960
2026-08-15 09:41:52 | Step 2975/6000 | Loss: 2.5228 | LR: 4.612731e-04
2026-08-15 09:41:55 |   >> Validation Loss: 2.4883
2026-08-15 09:41:55 |   --> Seen Generation @ step 2975:
Input: Translate to Vietnamese: Sorry, that question's not on here.
Output: Xin lỗi, câu hỏi đó không phải ở đây.
--------------------------------------------------
2026-08-15 09:41:55 | Saving checkpoint to ./checkpoints\step_2975...
2026-08-15 09:41:55 | Checkpoint saved successfully!

2026-08-15 09:41:55 | Deleted old checkpoint: ./checkpoints\step_2965
2026-08-15 09:42:02 | Step 2980/6000 | Loss: 2.4816 | LR: 4.610820e-04
2026-08-15 09:42:05 |   >> Validation Loss: 2.4886
2026-08-15 09:42:05 |   --> Seen Generation @ step 2980:
Input: Translate to Vietnamese: Sorry, that question's not on here.
Output: Xin lỗi, câu hỏi đó không phải ở đây.
--------------------------------------------------
2026-08-15 09:42:05 | Saving checkpoint to ./checkpoints\step_2980...
2026-08-15 09:42:05 | Checkpoint saved successfully!

2026-08-15 09:42:05 | Deleted old checkpoint: ./checkpoints\step_2970
2026-08-15 09:42:13 | Step 2985/6000 | Loss: 2.5863 | LR: 4.608905e-04
2026-08-15 09:42:16 |   >> Validation Loss: 2.4872
2026-08-15 09:42:16 |   --> Seen Generation @ step 2985:
Input: Translate to Vietnamese: Sorry, that question's not on here.
Output: Xin lỗi, câu hỏi đó không phải ở đây.
--------------------------------------------------
2026-08-15 09:42:16 | Saving checkpoint to ./checkpoints\step_2985...
2026-08-15 09:42:16 | Checkpoint saved successfully!

2026-08-15 09:42:16 | Deleted old checkpoint: ./checkpoints\step_2975
2026-08-15 09:42:23 | Step 2990/6000 | Loss: 2.5059 | LR: 4.606985e-04
2026-08-15 09:42:26 |   >> Validation Loss: 2.4881
2026-08-15 09:42:26 |   --> Seen Generation @ step 2990:
Input: Translate to Vietnamese: Sorry, that question's not on here.
Output: Xin lỗi, câu hỏi đó không phải ở đây.
--------------------------------------------------
2026-08-15 09:42:26 | Saving checkpoint to ./checkpoints\step_2990...
2026-08-15 09:42:26 | Checkpoint saved successfully!

2026-08-15 09:42:26 | Deleted old checkpoint: ./checkpoints\step_2980
2026-08-15 09:42:33 | Step 2995/6000 | Loss: 2.4883 | LR: 4.605062e-04
2026-08-15 09:42:37 |   >> Validation Loss: 2.4859
2026-08-15 09:42:37 |   --> Seen Generation @ step 2995:
Input: Translate to Vietnamese: Sorry, that question's not on here.
Output: Xin lỗi, câu hỏi đó không phải ở đây.
--------------------------------------------------
2026-08-15 09:42:37 | Saving checkpoint to ./checkpoints\step_2995...
2026-08-15 09:42:37 | Checkpoint saved successfully!

2026-08-15 09:42:37 | Deleted old checkpoint: ./checkpoints\step_2985
2026-08-15 09:42:44 | Step 3000/6000 | Loss: 2.5299 | LR: 4.603134e-04
2026-08-15 09:42:47 |   >> Validation Loss: 2.4846
2026-08-15 09:42:47 |   --> Seen Generation @ step 3000:
Input: Translate to Vietnamese: Sorry, that question's not on here.
Output: Xin lỗi, câu hỏi đó không phải ở đây.
--------------------------------------------------
2026-08-15 09:42:47 | Saving checkpoint to ./checkpoints\step_3000...
2026-08-15 09:42:47 | Checkpoint saved successfully!

2026-08-15 09:42:47 | Deleted old checkpoint: ./checkpoints\step_2990
2026-08-15 09:42:54 | Step 3005/6000 | Loss: 2.4663 | LR: 4.601202e-04
2026-08-15 09:42:58 |   >> Validation Loss: 2.4853
2026-08-15 09:42:58 |   --> Seen Generation @ step 3005:
Input: Translate to Vietnamese: Sorry, that question's not on here.
Output: Xin lỗi, câu hỏi đó không phải là ở đây.
--------------------------------------------------
2026-08-15 09:42:58 | Saving checkpoint to ./checkpoints\step_3005...
2026-08-15 09:42:58 | Checkpoint saved successfully!

2026-08-15 09:42:58 | Deleted old checkpoint: ./checkpoints\step_2995
2026-08-15 09:43:05 | Step 3010/6000 | Loss: 2.5104 | LR: 4.599265e-04
2026-08-15 09:43:08 |   >> Validation Loss: 2.4855
2026-08-15 09:43:08 |   --> Seen Generation @ step 3010:
Input: Translate to Vietnamese: Sorry, that question's not on here.
Output: Xin lỗi, câu hỏi đó không phải ở đây.
--------------------------------------------------
2026-08-15 09:43:08 | Saving checkpoint to ./checkpoints\step_3010...
2026-08-15 09:43:08 | Checkpoint saved successfully!

2026-08-15 09:43:08 | Deleted old checkpoint: ./checkpoints\step_3000
2026-08-15 09:43:16 | Step 3015/6000 | Loss: 2.6015 | LR: 4.597324e-04
2026-08-15 09:43:19 |   >> Validation Loss: 2.4839
2026-08-15 09:43:19 |   --> Seen Generation @ step 3015:
Input: Translate to Vietnamese: Sorry, that question's not on here.
Output: Xin lỗi, câu hỏi không có ở đây.
--------------------------------------------------
2026-08-15 09:43:19 | Saving checkpoint to ./checkpoints\step_3015...
2026-08-15 09:43:19 | Checkpoint saved successfully!

2026-08-15 09:43:19 | Deleted old checkpoint: ./checkpoints\step_3005
2026-08-15 09:43:26 | Step 3020/6000 | Loss: 2.4542 | LR: 4.595379e-04
2026-08-15 09:43:29 |   >> Validation Loss: 2.4826
2026-08-15 09:43:29 |   --> Seen Generation @ step 3020:
Input: Translate to Vietnamese: Sorry, that question's not on here.
Output: Xin lỗi, câu hỏi không ở đây.
--------------------------------------------------
2026-08-15 09:43:29 | Saving checkpoint to ./checkpoints\step_3020...
2026-08-15 09:43:29 | Checkpoint saved successfully!

2026-08-15 09:43:29 | Deleted old checkpoint: ./checkpoints\step_3010
2026-08-15 09:43:36 | Step 3025/6000 | Loss: 2.5493 | LR: 4.593430e-04
2026-08-15 09:43:39 |   >> Validation Loss: 2.4813
2026-08-15 09:43:39 |   --> Seen Generation @ step 3025:
Input: Translate to Vietnamese: Sorry, that question's not on here.
Output: Xin lỗi, câu hỏi không phải ở đây.
--------------------------------------------------
2026-08-15 09:43:39 | Saving checkpoint to ./checkpoints\step_3025...
2026-08-15 09:43:39 | Checkpoint saved successfully!

2026-08-15 09:43:40 | Deleted old checkpoint: ./checkpoints\step_3015
2026-08-15 09:43:47 | Step 3030/6000 | Loss: 2.5215 | LR: 4.591476e-04
2026-08-15 09:43:50 |   >> Validation Loss: 2.4829
2026-08-15 09:43:50 |   --> Seen Generation @ step 3030:
Input: Translate to Vietnamese: Sorry, that question's not on here.
Output: Xin lỗi, câu hỏi đó không phải ở đây.
--------------------------------------------------
2026-08-15 09:43:50 | Saving checkpoint to ./checkpoints\step_3030...
2026-08-15 09:43:50 | Checkpoint saved successfully!

2026-08-15 09:43:50 | Deleted old checkpoint: ./checkpoints\step_3020
2026-08-15 09:43:57 | Step 3035/6000 | Loss: 2.5233 | LR: 4.589518e-04
2026-08-15 09:44:00 |   >> Validation Loss: 2.4771
2026-08-15 09:44:00 |   --> Seen Generation @ step 3035:
Input: Translate to Vietnamese: Sorry, that question's not on here.
Output: Xin lỗi, câu hỏi đó không có ở đây.
--------------------------------------------------
2026-08-15 09:44:00 | Saving checkpoint to ./checkpoints\step_3035...
2026-08-15 09:44:00 | Checkpoint saved successfully!

2026-08-15 09:44:00 | Deleted old checkpoint: ./checkpoints\step_3025
2026-08-15 09:44:07 | Step 3040/6000 | Loss: 2.4375 | LR: 4.587556e-04
2026-08-15 09:44:10 |   >> Validation Loss: 2.4780
2026-08-15 09:44:10 |   --> Seen Generation @ step 3040:
Input: Translate to Vietnamese: Sorry, that question's not on here.
Output: Xin lỗi, câu hỏi đó không có trên đây.
--------------------------------------------------
2026-08-15 09:44:10 | Saving checkpoint to ./checkpoints\step_3040...
2026-08-15 09:44:11 | Checkpoint saved successfully!

2026-08-15 09:44:11 | Deleted old checkpoint: ./checkpoints\step_3030
2026-08-15 09:44:18 | Step 3045/6000 | Loss: 2.5219 | LR: 4.585590e-04
2026-08-15 09:44:21 |   >> Validation Loss: 2.4772
2026-08-15 09:44:21 |   --> Seen Generation @ step 3045:
Input: Translate to Vietnamese: Sorry, that question's not on here.
Output: Xin lỗi, câu hỏi đó không phải ở đây.
--------------------------------------------------
2026-08-15 09:44:21 | Saving checkpoint to ./checkpoints\step_3045...
2026-08-15 09:44:21 | Checkpoint saved successfully!

2026-08-15 09:44:21 | Deleted old checkpoint: ./checkpoints\step_3035
2026-08-15 09:44:28 | Step 3050/6000 | Loss: 2.5674 | LR: 4.583619e-04
2026-08-15 09:44:31 |   >> Validation Loss: 2.4769
2026-08-15 09:44:31 |   --> Seen Generation @ step 3050:
Input: Translate to Vietnamese: Sorry, that question's not on here.
Output: Xin lỗi, câu hỏi đó không phải ở đây.
--------------------------------------------------
2026-08-15 09:44:31 | Saving checkpoint to ./checkpoints\step_3050...
2026-08-15 09:44:31 | Checkpoint saved successfully!

2026-08-15 09:44:31 | Deleted old checkpoint: ./checkpoints\step_3040
2026-08-15 09:44:38 | Step 3055/6000 | Loss: 2.4433 | LR: 4.581644e-04
2026-08-15 09:44:41 |   >> Validation Loss: 2.4760
2026-08-15 09:44:42 |   --> Seen Generation @ step 3055:
Input: Translate to Vietnamese: Sorry, that question's not on here.
Output: Xin lỗi, câu hỏi đó không phải ở đây.
--------------------------------------------------
2026-08-15 09:44:42 | Saving checkpoint to ./checkpoints\step_3055...
2026-08-15 09:44:42 | Checkpoint saved successfully!

2026-08-15 09:44:42 | Deleted old checkpoint: ./checkpoints\step_3045
2026-08-15 09:44:49 | Step 3060/6000 | Loss: 2.5284 | LR: 4.579665e-04
2026-08-15 09:44:52 |   >> Validation Loss: 2.4797
2026-08-15 09:44:52 |   --> Seen Generation @ step 3060:
Input: Translate to Vietnamese: Sorry, that question's not on here.
Output: Xin lỗi, câu hỏi đó không phải ở đây.
--------------------------------------------------
2026-08-15 09:44:52 | Saving checkpoint to ./checkpoints\step_3060...
2026-08-15 09:44:52 | Checkpoint saved successfully!

2026-08-15 09:44:52 | Deleted old checkpoint: ./checkpoints\step_3050
2026-08-15 09:44:59 | Step 3065/6000 | Loss: 2.4384 | LR: 4.577682e-04
2026-08-15 09:45:02 |   >> Validation Loss: 2.4762
2026-08-15 09:45:02 |   --> Seen Generation @ step 3065:
Input: Translate to Vietnamese: Sorry, that question's not on here.
Output: Xin lỗi, câu hỏi đó không phải ở đây.
--------------------------------------------------
2026-08-15 09:45:02 | Saving checkpoint to ./checkpoints\step_3065...
2026-08-15 09:45:02 | Checkpoint saved successfully!

2026-08-15 09:45:02 | Deleted old checkpoint: ./checkpoints\step_3055
2026-08-15 09:45:09 | Step 3070/6000 | Loss: 2.5829 | LR: 4.575694e-04
2026-08-15 09:45:13 |   >> Validation Loss: 2.4758
2026-08-15 09:45:13 |   --> Seen Generation @ step 3070:
Input: Translate to Vietnamese: Sorry, that question's not on here.
Output: Xin lỗi, câu hỏi đó không phải ở đây.
--------------------------------------------------
2026-08-15 09:45:13 | Saving checkpoint to ./checkpoints\step_3070...
2026-08-15 09:45:13 | Checkpoint saved successfully!

2026-08-15 09:45:13 | Deleted old checkpoint: ./checkpoints\step_3060
2026-08-15 09:45:20 | Step 3075/6000 | Loss: 2.4785 | LR: 4.573702e-04
2026-08-15 09:45:23 |   >> Validation Loss: 2.4743
2026-08-15 09:45:23 |   --> Seen Generation @ step 3075:
Input: Translate to Vietnamese: Sorry, that question's not on here.
Output: Xin lỗi, câu hỏi đó không phải ở đây.
--------------------------------------------------
2026-08-15 09:45:23 | Saving checkpoint to ./checkpoints\step_3075...
2026-08-15 09:45:23 | Checkpoint saved successfully!

2026-08-15 09:45:23 | Deleted old checkpoint: ./checkpoints\step_3065
2026-08-15 09:45:30 | Step 3080/6000 | Loss: 2.5122 | LR: 4.571706e-04
2026-08-15 09:45:33 |   >> Validation Loss: 2.4766
2026-08-15 09:45:33 |   --> Seen Generation @ step 3080:
Input: Translate to Vietnamese: Sorry, that question's not on here.
Output: Xin lỗi, câu hỏi đó không phải ở đây.
--------------------------------------------------
2026-08-15 09:45:33 | Saving checkpoint to ./checkpoints\step_3080...
2026-08-15 09:45:33 | Checkpoint saved successfully!

2026-08-15 09:45:33 | Deleted old checkpoint: ./checkpoints\step_3070
2026-08-15 09:45:40 | Step 3085/6000 | Loss: 2.4842 | LR: 4.569706e-04
2026-08-15 09:45:44 |   >> Validation Loss: 2.4738
2026-08-15 09:45:44 |   --> Seen Generation @ step 3085:
Input: Translate to Vietnamese: Sorry, that question's not on here.
Output: Xin lỗi, câu hỏi đó không phải ở đây.
--------------------------------------------------
2026-08-15 09:45:44 | Saving checkpoint to ./checkpoints\step_3085...
2026-08-15 09:45:44 | Checkpoint saved successfully!

2026-08-15 09:45:44 | Deleted old checkpoint: ./checkpoints\step_3075
2026-08-15 09:45:51 | Step 3090/6000 | Loss: 2.4895 | LR: 4.567701e-04
2026-08-15 09:45:54 |   >> Validation Loss: 2.4735
2026-08-15 09:45:54 |   --> Seen Generation @ step 3090:
Input: Translate to Vietnamese: Sorry, that question's not on here.
Output: Xin lỗi, câu hỏi đó không phải ở đây.
--------------------------------------------------
2026-08-15 09:45:54 | Saving checkpoint to ./checkpoints\step_3090...
2026-08-15 09:45:54 | Checkpoint saved successfully!

2026-08-15 09:45:54 | Deleted old checkpoint: ./checkpoints\step_3080
2026-08-15 09:46:01 | Step 3095/6000 | Loss: 2.4638 | LR: 4.565693e-04
2026-08-15 09:46:04 |   >> Validation Loss: 2.4717
2026-08-15 09:46:04 |   --> Seen Generation @ step 3095:
Input: Translate to Vietnamese: Sorry, that question's not on here.
Output: Xin lỗi, câu hỏi đó không phải ở đây.
--------------------------------------------------
2026-08-15 09:46:04 | Saving checkpoint to ./checkpoints\step_3095...
2026-08-15 09:46:04 | Checkpoint saved successfully!

2026-08-15 09:46:04 | Deleted old checkpoint: ./checkpoints\step_3085
2026-08-15 09:46:11 | Step 3100/6000 | Loss: 2.4189 | LR: 4.563680e-04
2026-08-15 09:46:15 |   >> Validation Loss: 2.4730
2026-08-15 09:46:15 |   --> Seen Generation @ step 3100:
Input: Translate to Vietnamese: Sorry, that question's not on here.
Output: Xin lỗi, câu hỏi đó không phải ở đây.
--------------------------------------------------
2026-08-15 09:46:15 | Saving checkpoint to ./checkpoints\step_3100...
2026-08-15 09:46:15 | Checkpoint saved successfully!

2026-08-15 09:46:15 | Deleted old checkpoint: ./checkpoints\step_3090
2026-08-15 09:46:22 | Step 3105/6000 | Loss: 2.4453 | LR: 4.561663e-04
2026-08-15 09:46:25 |   >> Validation Loss: 2.4717
2026-08-15 09:46:25 |   --> Seen Generation @ step 3105:
Input: Translate to Vietnamese: Sorry, that question's not on here.
Output: Xin lỗi, câu hỏi đó không phải ở đây.
--------------------------------------------------
2026-08-15 09:46:25 | Saving checkpoint to ./checkpoints\step_3105...
2026-08-15 09:46:25 | Checkpoint saved successfully!

2026-08-15 09:46:25 | Deleted old checkpoint: ./checkpoints\step_3095
2026-08-15 09:46:32 | Step 3110/6000 | Loss: 2.4742 | LR: 4.559641e-04
2026-08-15 09:46:35 |   >> Validation Loss: 2.4707
2026-08-15 09:46:35 |   --> Seen Generation @ step 3110:
Input: Translate to Vietnamese: Sorry, that question's not on here.
Output: Xin lỗi, câu hỏi đó không phải ở đây.
--------------------------------------------------
2026-08-15 09:46:35 | Saving checkpoint to ./checkpoints\step_3110...
2026-08-15 09:46:35 | Checkpoint saved successfully!

2026-08-15 09:46:35 | Deleted old checkpoint: ./checkpoints\step_3100
2026-08-15 09:46:42 | Step 3115/6000 | Loss: 2.5038 | LR: 4.557616e-04
2026-08-15 09:46:46 |   >> Validation Loss: 2.4709
2026-08-15 09:46:46 |   --> Seen Generation @ step 3115:
Input: Translate to Vietnamese: Sorry, that question's not on here.
Output: Xin lỗi, câu hỏi đó không phải ở đây.
--------------------------------------------------
2026-08-15 09:46:46 | Saving checkpoint to ./checkpoints\step_3115...
2026-08-15 09:46:46 | Checkpoint saved successfully!

2026-08-15 09:46:46 | Deleted old checkpoint: ./checkpoints\step_3105
2026-08-15 09:46:53 | Step 3120/6000 | Loss: 2.4796 | LR: 4.555586e-04
2026-08-15 09:46:56 |   >> Validation Loss: 2.4777
2026-08-15 09:46:56 |   --> Seen Generation @ step 3120:
Input: Translate to Vietnamese: Sorry, that question's not on here.
Output: Xin lỗi, câu hỏi đó không phải ở đây.
--------------------------------------------------
2026-08-15 09:46:56 | Saving checkpoint to ./checkpoints\step_3120...
2026-08-15 09:46:56 | Checkpoint saved successfully!

2026-08-15 09:46:56 | Deleted old checkpoint: ./checkpoints\step_3110
2026-08-15 09:47:03 | Step 3125/6000 | Loss: 2.4853 | LR: 4.553552e-04
2026-08-15 09:47:06 |   >> Validation Loss: 2.4694
2026-08-15 09:47:06 |   --> Seen Generation @ step 3125:
Input: Translate to Vietnamese: Sorry, that question's not on here.
Output: Xin lỗi, câu hỏi đó không phải ở đây.
--------------------------------------------------
2026-08-15 09:47:06 | Saving checkpoint to ./checkpoints\step_3125...
2026-08-15 09:47:07 | Checkpoint saved successfully!

2026-08-15 09:47:07 | Deleted old checkpoint: ./checkpoints\step_3115
2026-08-15 09:47:14 | Step 3130/6000 | Loss: 2.5191 | LR: 4.551514e-04
2026-08-15 09:47:17 |   >> Validation Loss: 2.4704
2026-08-15 09:47:17 |   --> Seen Generation @ step 3130:
Input: Translate to Vietnamese: Sorry, that question's not on here.
Output: Xin lỗi, câu hỏi đó không phải ở đây.
--------------------------------------------------
2026-08-15 09:47:17 | Saving checkpoint to ./checkpoints\step_3130...
2026-08-15 09:47:17 | Checkpoint saved successfully!

2026-08-15 09:47:17 | Deleted old checkpoint: ./checkpoints\step_3120
2026-08-15 09:47:24 | Step 3135/6000 | Loss: 2.5675 | LR: 4.549471e-04
2026-08-15 09:47:27 |   >> Validation Loss: 2.4682
2026-08-15 09:47:27 |   --> Seen Generation @ step 3135:
Input: Translate to Vietnamese: Sorry, that question's not on here.
Output: Xin lỗi, câu hỏi đó không phải là về đây.
--------------------------------------------------
2026-08-15 09:47:27 | Saving checkpoint to ./checkpoints\step_3135...
2026-08-15 09:47:27 | Checkpoint saved successfully!

2026-08-15 09:47:27 | Deleted old checkpoint: ./checkpoints\step_3125
2026-08-15 09:47:34 | Step 3140/6000 | Loss: 2.4501 | LR: 4.547425e-04
2026-08-15 09:47:37 |   >> Validation Loss: 2.4699
2026-08-15 09:47:37 |   --> Seen Generation @ step 3140:
Input: Translate to Vietnamese: Sorry, that question's not on here.
Output: Xin lỗi, câu hỏi đó không phải là gì.
--------------------------------------------------
2026-08-15 09:47:37 | Saving checkpoint to ./checkpoints\step_3140...
2026-08-15 09:47:38 | Checkpoint saved successfully!

2026-08-15 09:47:38 | Deleted old checkpoint: ./checkpoints\step_3130
2026-08-15 09:47:45 | Step 3145/6000 | Loss: 2.4403 | LR: 4.545374e-04
2026-08-15 09:47:48 |   >> Validation Loss: 2.4671
2026-08-15 09:47:48 |   --> Seen Generation @ step 3145:
Input: Translate to Vietnamese: Sorry, that question's not on here.
Output: Xin lỗi, câu hỏi đó không phải ở đây.
--------------------------------------------------
2026-08-15 09:47:48 | Saving checkpoint to ./checkpoints\step_3145...
2026-08-15 09:47:48 | Checkpoint saved successfully!

2026-08-15 09:47:48 | Deleted old checkpoint: ./checkpoints\step_3135
2026-08-15 09:47:55 | Step 3150/6000 | Loss: 2.5507 | LR: 4.543319e-04
2026-08-15 09:47:58 |   >> Validation Loss: 2.4657
2026-08-15 09:47:58 |   --> Seen Generation @ step 3150:
Input: Translate to Vietnamese: Sorry, that question's not on here.
Output: Xin lỗi, câu hỏi đó không phải ở đây.
--------------------------------------------------
2026-08-15 09:47:58 | Saving checkpoint to ./checkpoints\step_3150...
2026-08-15 09:47:58 | Checkpoint saved successfully!

2026-08-15 09:47:58 | Deleted old checkpoint: ./checkpoints\step_3140
2026-08-15 09:48:05 | Step 3155/6000 | Loss: 2.4946 | LR: 4.541260e-04
2026-08-15 09:48:08 |   >> Validation Loss: 2.4643
2026-08-15 09:48:09 |   --> Seen Generation @ step 3155:
Input: Translate to Vietnamese: Sorry, that question's not on here.
Output: Xin lỗi, câu hỏi không phải ở đây.
--------------------------------------------------
2026-08-15 09:48:09 | Saving checkpoint to ./checkpoints\step_3155...
2026-08-15 09:48:09 | Checkpoint saved successfully!

2026-08-15 09:48:09 | Deleted old checkpoint: ./checkpoints\step_3145
2026-08-15 09:48:16 | Step 3160/6000 | Loss: 2.5406 | LR: 4.539197e-04
2026-08-15 09:48:19 |   >> Validation Loss: 2.4655
2026-08-15 09:48:19 |   --> Seen Generation @ step 3160:
Input: Translate to Vietnamese: Sorry, that question's not on here.
Output: Xin lỗi, câu hỏi không phải ở đây.
--------------------------------------------------
2026-08-15 09:48:19 | Saving checkpoint to ./checkpoints\step_3160...
2026-08-15 09:48:19 | Checkpoint saved successfully!

2026-08-15 09:48:19 | Deleted old checkpoint: ./checkpoints\step_3150
2026-08-15 09:48:26 | Step 3165/6000 | Loss: 2.5183 | LR: 4.537130e-04
2026-08-15 09:48:29 |   >> Validation Loss: 2.4650
2026-08-15 09:48:29 |   --> Seen Generation @ step 3165:
Input: Translate to Vietnamese: Sorry, that question's not on here.
Output: Xin lỗi, câu hỏi không phải ở đây.
--------------------------------------------------
2026-08-15 09:48:29 | Saving checkpoint to ./checkpoints\step_3165...
2026-08-15 09:48:29 | Checkpoint saved successfully!

2026-08-15 09:48:29 | Deleted old checkpoint: ./checkpoints\step_3155
2026-08-15 09:48:36 | Step 3170/6000 | Loss: 2.4463 | LR: 4.535058e-04
2026-08-15 09:48:39 |   >> Validation Loss: 2.4619
2026-08-15 09:48:40 |   --> Seen Generation @ step 3170:
Input: Translate to Vietnamese: Sorry, that question's not on here.
Output: Xin lỗi, câu hỏi đó không phải ở đây.
--------------------------------------------------
2026-08-15 09:48:40 | Saving checkpoint to ./checkpoints\step_3170...
2026-08-15 09:48:40 | Checkpoint saved successfully!

2026-08-15 09:48:40 | Deleted old checkpoint: ./checkpoints\step_3160
2026-08-15 09:48:47 | Step 3175/6000 | Loss: 2.4607 | LR: 4.532983e-04
2026-08-15 09:48:50 |   >> Validation Loss: 2.4646
2026-08-15 09:48:50 |   --> Seen Generation @ step 3175:
Input: Translate to Vietnamese: Sorry, that question's not on here.
Output: Xin lỗi, câu hỏi đó không phải ở đây.
--------------------------------------------------
2026-08-15 09:48:50 | Saving checkpoint to ./checkpoints\step_3175...
2026-08-15 09:48:50 | Checkpoint saved successfully!

2026-08-15 09:48:50 | Deleted old checkpoint: ./checkpoints\step_3165
2026-08-15 09:48:57 | Step 3180/6000 | Loss: 2.4258 | LR: 4.530903e-04
2026-08-15 09:49:00 |   >> Validation Loss: 2.4632
2026-08-15 09:49:00 |   --> Seen Generation @ step 3180:
Input: Translate to Vietnamese: Sorry, that question's not on here.
Output: Xin lỗi, câu hỏi đó không phải ở đây.
--------------------------------------------------
2026-08-15 09:49:00 | Saving checkpoint to ./checkpoints\step_3180...
2026-08-15 09:49:00 | Checkpoint saved successfully!

2026-08-15 09:49:00 | Deleted old checkpoint: ./checkpoints\step_3170
2026-08-15 09:49:07 | Step 3185/6000 | Loss: 2.4581 | LR: 4.528819e-04
2026-08-15 09:49:10 |   >> Validation Loss: 2.4632
2026-08-15 09:49:10 |   --> Seen Generation @ step 3185:
Input: Translate to Vietnamese: Sorry, that question's not on here.
Output: Xin lỗi, câu hỏi đó không phải ở đây.
--------------------------------------------------
2026-08-15 09:49:10 | Saving checkpoint to ./checkpoints\step_3185...
2026-08-15 09:49:11 | Checkpoint saved successfully!

2026-08-15 09:49:11 | Deleted old checkpoint: ./checkpoints\step_3175
2026-08-15 09:49:18 | Step 3190/6000 | Loss: 2.5291 | LR: 4.526731e-04
2026-08-15 09:49:21 |   >> Validation Loss: 2.4599
2026-08-15 09:49:21 |   --> Seen Generation @ step 3190:
Input: Translate to Vietnamese: Sorry, that question's not on here.
Output: Xin lỗi, câu hỏi đó không phải ở đây.
--------------------------------------------------
2026-08-15 09:49:21 | Saving checkpoint to ./checkpoints\step_3190...
2026-08-15 09:49:21 | Checkpoint saved successfully!

2026-08-15 09:49:21 | Deleted old checkpoint: ./checkpoints\step_3180
2026-08-15 09:49:28 | Step 3195/6000 | Loss: 2.5170 | LR: 4.524639e-04
2026-08-15 09:49:31 |   >> Validation Loss: 2.4599
2026-08-15 09:49:31 |   --> Seen Generation @ step 3195:
Input: Translate to Vietnamese: Sorry, that question's not on here.
Output: Xin lỗi, câu hỏi đó không phải ở đây.
--------------------------------------------------
2026-08-15 09:49:31 | Saving checkpoint to ./checkpoints\step_3195...
2026-08-15 09:49:31 | Checkpoint saved successfully!

2026-08-15 09:49:31 | Deleted old checkpoint: ./checkpoints\step_3185
2026-08-15 09:49:38 | Step 3200/6000 | Loss: 2.4332 | LR: 4.522542e-04
2026-08-15 09:49:41 |   >> Validation Loss: 2.4596
2026-08-15 09:49:42 |   --> Seen Generation @ step 3200:
Input: Translate to Vietnamese: Sorry, that question's not on here.
Output: Xin lỗi, câu hỏi đó không phải ở đây.
--------------------------------------------------
2026-08-15 09:49:42 | Saving checkpoint to ./checkpoints\step_3200...
2026-08-15 09:49:42 | Checkpoint saved successfully!

2026-08-15 09:49:42 | Deleted old checkpoint: ./checkpoints\step_3190
2026-08-15 09:49:49 | Step 3205/6000 | Loss: 2.5035 | LR: 4.520442e-04
2026-08-15 09:49:52 |   >> Validation Loss: 2.4629
2026-08-15 09:49:52 |   --> Seen Generation @ step 3205:
Input: Translate to Vietnamese: Sorry, that question's not on here.
Output: Xin lỗi, câu hỏi đó không phải ở đây.
--------------------------------------------------
2026-08-15 09:49:52 | Saving checkpoint to ./checkpoints\step_3205...
2026-08-15 09:49:52 | Checkpoint saved successfully!

2026-08-15 09:49:52 | Deleted old checkpoint: ./checkpoints\step_3195
2026-08-15 09:49:59 | Step 3210/6000 | Loss: 2.5184 | LR: 4.518337e-04
2026-08-15 09:50:02 |   >> Validation Loss: 2.4601
2026-08-15 09:50:02 |   --> Seen Generation @ step 3210:
Input: Translate to Vietnamese: Sorry, that question's not on here.
Output: Xin lỗi, câu hỏi đó không phải ở đây.
--------------------------------------------------
2026-08-15 09:50:02 | Saving checkpoint to ./checkpoints\step_3210...
2026-08-15 09:50:02 | Checkpoint saved successfully!

2026-08-15 09:50:02 | Deleted old checkpoint: ./checkpoints\step_3200
2026-08-15 09:50:09 | Step 3215/6000 | Loss: 2.4779 | LR: 4.516229e-04
2026-08-15 09:50:13 |   >> Validation Loss: 2.4598
2026-08-15 09:50:13 |   --> Seen Generation @ step 3215:
Input: Translate to Vietnamese: Sorry, that question's not on here.
Output: Xin lỗi, câu hỏi đó không phải ở đây.
--------------------------------------------------
2026-08-15 09:50:13 | Saving checkpoint to ./checkpoints\step_3215...
2026-08-15 09:50:13 | Checkpoint saved successfully!

2026-08-15 09:50:13 | Deleted old checkpoint: ./checkpoints\step_3205
2026-08-15 09:50:20 | Step 3220/6000 | Loss: 2.4510 | LR: 4.514116e-04
2026-08-15 09:50:23 |   >> Validation Loss: 2.4576
2026-08-15 09:50:23 |   --> Seen Generation @ step 3220:
Input: Translate to Vietnamese: Sorry, that question's not on here.
Output: Xin lỗi, câu hỏi đó không phải ở đây.
--------------------------------------------------
2026-08-15 09:50:23 | Saving checkpoint to ./checkpoints\step_3220...
2026-08-15 09:50:23 | Checkpoint saved successfully!

2026-08-15 09:50:23 | Deleted old checkpoint: ./checkpoints\step_3210
2026-08-15 09:50:30 | Step 3225/6000 | Loss: 2.4932 | LR: 4.511999e-04
2026-08-15 09:50:33 |   >> Validation Loss: 2.4595
2026-08-15 09:50:33 |   --> Seen Generation @ step 3225:
Input: Translate to Vietnamese: Sorry, that question's not on here.
Output: Xin lỗi, câu hỏi đó không phải ở đây.
--------------------------------------------------
2026-08-15 09:50:33 | Saving checkpoint to ./checkpoints\step_3225...
2026-08-15 09:50:34 | Checkpoint saved successfully!

2026-08-15 09:50:34 | Deleted old checkpoint: ./checkpoints\step_3215
2026-08-15 09:50:41 | Step 3230/6000 | Loss: 2.4888 | LR: 4.509878e-04
2026-08-15 09:50:44 |   >> Validation Loss: 2.4607
2026-08-15 09:50:44 |   --> Seen Generation @ step 3230:
Input: Translate to Vietnamese: Sorry, that question's not on here.
Output: Xin lỗi, câu hỏi đó không phải ở đây.
--------------------------------------------------
2026-08-15 09:50:44 | Saving checkpoint to ./checkpoints\step_3230...
2026-08-15 09:50:44 | Checkpoint saved successfully!

2026-08-15 09:50:44 | Deleted old checkpoint: ./checkpoints\step_3220
2026-08-15 09:50:51 | Step 3235/6000 | Loss: 2.5243 | LR: 4.507753e-04
2026-08-15 09:50:54 |   >> Validation Loss: 2.4614
2026-08-15 09:50:54 |   --> Seen Generation @ step 3235:
Input: Translate to Vietnamese: Sorry, that question's not on here.
Output: Xin lỗi, câu hỏi đó không phải ở đây.
--------------------------------------------------
2026-08-15 09:50:54 | Saving checkpoint to ./checkpoints\step_3235...
2026-08-15 09:50:54 | Checkpoint saved successfully!

2026-08-15 09:50:54 | Deleted old checkpoint: ./checkpoints\step_3225
2026-08-15 09:51:01 | Step 3240/6000 | Loss: 2.5025 | LR: 4.505624e-04
2026-08-15 09:51:04 |   >> Validation Loss: 2.4582
2026-08-15 09:51:04 |   --> Seen Generation @ step 3240:
Input: Translate to Vietnamese: Sorry, that question's not on here.
Output: Xin lỗi, câu hỏi không phải ở đây.
--------------------------------------------------
2026-08-15 09:51:04 | Saving checkpoint to ./checkpoints\step_3240...
2026-08-15 09:51:04 | Checkpoint saved successfully!

2026-08-15 09:51:04 | Deleted old checkpoint: ./checkpoints\step_3230
2026-08-15 09:51:12 | Step 3245/6000 | Loss: 2.4592 | LR: 4.503490e-04
2026-08-15 09:51:15 |   >> Validation Loss: 2.4583
2026-08-15 09:51:15 |   --> Seen Generation @ step 3245:
Input: Translate to Vietnamese: Sorry, that question's not on here.
Output: Xin lỗi, câu hỏi đó không phải ở đây.
--------------------------------------------------
2026-08-15 09:51:15 | Saving checkpoint to ./checkpoints\step_3245...
2026-08-15 09:51:15 | Checkpoint saved successfully!

2026-08-15 09:51:15 | Deleted old checkpoint: ./checkpoints\step_3235
2026-08-15 09:51:22 | Step 3250/6000 | Loss: 2.4311 | LR: 4.501353e-04
2026-08-15 09:51:25 |   >> Validation Loss: 2.4551
2026-08-15 09:51:25 |   --> Seen Generation @ step 3250:
Input: Translate to Vietnamese: Sorry, that question's not on here.
Output: Xin lỗi, câu hỏi đó không phải ở đây.
--------------------------------------------------
2026-08-15 09:51:25 | Saving checkpoint to ./checkpoints\step_3250...
2026-08-15 09:51:25 | Checkpoint saved successfully!

2026-08-15 09:51:25 | Deleted old checkpoint: ./checkpoints\step_3240
2026-08-15 09:51:32 | Step 3255/6000 | Loss: 2.4470 | LR: 4.499212e-04
2026-08-15 09:51:35 |   >> Validation Loss: 2.4542
2026-08-15 09:51:35 |   --> Seen Generation @ step 3255:
Input: Translate to Vietnamese: Sorry, that question's not on here.
Output: Xin lỗi, câu hỏi đó không phải ở đây.
--------------------------------------------------
2026-08-15 09:51:35 | Saving checkpoint to ./checkpoints\step_3255...
2026-08-15 09:51:36 | Checkpoint saved successfully!

2026-08-15 09:51:36 | Deleted old checkpoint: ./checkpoints\step_3245
2026-08-15 09:51:43 | Step 3260/6000 | Loss: 2.4207 | LR: 4.497066e-04
2026-08-15 09:51:46 |   >> Validation Loss: 2.4528
2026-08-15 09:51:46 |   --> Seen Generation @ step 3260:
Input: Translate to Vietnamese: Sorry, that question's not on here.
Output: Xin lỗi, câu hỏi đó không có ở đây.
--------------------------------------------------
2026-08-15 09:51:46 | Saving checkpoint to ./checkpoints\step_3260...
2026-08-15 09:51:46 | Checkpoint saved successfully!

2026-08-15 09:51:46 | Deleted old checkpoint: ./checkpoints\step_3250
2026-08-15 09:51:53 | Step 3265/6000 | Loss: 2.5405 | LR: 4.494917e-04
2026-08-15 09:51:56 |   >> Validation Loss: 2.4532
2026-08-15 09:51:56 |   --> Seen Generation @ step 3265:
Input: Translate to Vietnamese: Sorry, that question's not on here.
Output: Xin lỗi, câu hỏi đó không có ở đây.
--------------------------------------------------
2026-08-15 09:51:56 | Saving checkpoint to ./checkpoints\step_3265...
2026-08-15 09:51:56 | Checkpoint saved successfully!

2026-08-15 09:51:56 | Deleted old checkpoint: ./checkpoints\step_3255
2026-08-15 09:52:03 | Step 3270/6000 | Loss: 2.4676 | LR: 4.492763e-04
2026-08-15 09:52:07 |   >> Validation Loss: 2.4545
2026-08-15 09:52:07 |   --> Seen Generation @ step 3270:
Input: Translate to Vietnamese: Sorry, that question's not on here.
Output: Xin lỗi, câu hỏi đó không phải ở đây.
--------------------------------------------------
2026-08-15 09:52:07 | Saving checkpoint to ./checkpoints\step_3270...
2026-08-15 09:52:07 | Checkpoint saved successfully!

2026-08-15 09:52:07 | Deleted old checkpoint: ./checkpoints\step_3260
2026-08-15 09:52:14 | Step 3275/6000 | Loss: 2.5000 | LR: 4.490605e-04
2026-08-15 09:52:17 |   >> Validation Loss: 2.4524
2026-08-15 09:52:17 |   --> Seen Generation @ step 3275:
Input: Translate to Vietnamese: Sorry, that question's not on here.
Output: Xin lỗi, câu hỏi đó không phải về đây.
--------------------------------------------------
2026-08-15 09:52:17 | Saving checkpoint to ./checkpoints\step_3275...
2026-08-15 09:52:17 | Checkpoint saved successfully!

2026-08-15 09:52:17 | Deleted old checkpoint: ./checkpoints\step_3265
2026-08-15 09:52:24 | Step 3280/6000 | Loss: 2.4771 | LR: 4.488443e-04
2026-08-15 09:52:27 |   >> Validation Loss: 2.4519
2026-08-15 09:52:28 |   --> Seen Generation @ step 3280:
Input: Translate to Vietnamese: Sorry, that question's not on here.
Output: Xin lỗi, câu hỏi đó không phải về đây.
--------------------------------------------------
2026-08-15 09:52:28 | Saving checkpoint to ./checkpoints\step_3280...
2026-08-15 09:52:28 | Checkpoint saved successfully!

2026-08-15 09:52:28 | Deleted old checkpoint: ./checkpoints\step_3270
2026-08-15 09:52:35 | Step 3285/6000 | Loss: 2.4607 | LR: 4.486277e-04
2026-08-15 09:52:38 |   >> Validation Loss: 2.4525
2026-08-15 09:52:38 |   --> Seen Generation @ step 3285:
Input: Translate to Vietnamese: Sorry, that question's not on here.
Output: Xin lỗi, câu hỏi không phải về ở đây.
--------------------------------------------------
2026-08-15 09:52:38 | Saving checkpoint to ./checkpoints\step_3285...
2026-08-15 09:52:38 | Checkpoint saved successfully!

2026-08-15 09:52:38 | Deleted old checkpoint: ./checkpoints\step_3275
2026-08-15 09:52:45 | Step 3290/6000 | Loss: 2.4218 | LR: 4.484108e-04
2026-08-15 09:52:49 |   >> Validation Loss: 2.4513
2026-08-15 09:52:49 |   --> Seen Generation @ step 3290:
Input: Translate to Vietnamese: Sorry, that question's not on here.
Output: Xin lỗi, câu hỏi đó không phải ở đây.
--------------------------------------------------
2026-08-15 09:52:49 | Saving checkpoint to ./checkpoints\step_3290...
2026-08-15 09:52:49 | Checkpoint saved successfully!

2026-08-15 09:52:49 | Deleted old checkpoint: ./checkpoints\step_3280
2026-08-15 09:52:56 | Step 3295/6000 | Loss: 2.5121 | LR: 4.481934e-04
2026-08-15 09:52:59 |   >> Validation Loss: 2.4481
2026-08-15 09:52:59 |   --> Seen Generation @ step 3295:
Input: Translate to Vietnamese: Sorry, that question's not on here.
Output: Xin lỗi, câu hỏi đó không phải ở đây.
--------------------------------------------------
2026-08-15 09:52:59 | Saving checkpoint to ./checkpoints\step_3295...
2026-08-15 09:52:59 | Checkpoint saved successfully!

2026-08-15 09:52:59 | Deleted old checkpoint: ./checkpoints\step_3285
2026-08-15 09:53:06 | Step 3300/6000 | Loss: 2.4480 | LR: 4.479756e-04
2026-08-15 09:53:10 |   >> Validation Loss: 2.4489
2026-08-15 09:53:10 |   --> Seen Generation @ step 3300:
Input: Translate to Vietnamese: Sorry, that question's not on here.
Output: Xin lỗi, câu hỏi đó không phải ở đây.
--------------------------------------------------
2026-08-15 09:53:10 | Saving checkpoint to ./checkpoints\step_3300...
2026-08-15 09:53:10 | Checkpoint saved successfully!

2026-08-15 09:53:10 | Deleted old checkpoint: ./checkpoints\step_3290
2026-08-15 09:53:17 | Step 3305/6000 | Loss: 2.5213 | LR: 4.477574e-04
2026-08-15 09:53:20 |   >> Validation Loss: 2.4481
2026-08-15 09:53:20 |   --> Seen Generation @ step 3305:
Input: Translate to Vietnamese: Sorry, that question's not on here.
Output: Xin lỗi, câu hỏi không phải ở đây.
--------------------------------------------------
2026-08-15 09:53:20 | Saving checkpoint to ./checkpoints\step_3305...
2026-08-15 09:53:20 | Checkpoint saved successfully!

2026-08-15 09:53:20 | Deleted old checkpoint: ./checkpoints\step_3295
2026-08-15 09:53:28 | Step 3310/6000 | Loss: 2.4961 | LR: 4.475388e-04
2026-08-15 09:53:31 |   >> Validation Loss: 2.4481
2026-08-15 09:53:31 |   --> Seen Generation @ step 3310:
Input: Translate to Vietnamese: Sorry, that question's not on here.
Output: Xin lỗi, câu hỏi không phải ở đây.
--------------------------------------------------
2026-08-15 09:53:31 | Saving checkpoint to ./checkpoints\step_3310...
2026-08-15 09:53:31 | Checkpoint saved successfully!

2026-08-15 09:53:31 | Deleted old checkpoint: ./checkpoints\step_3300
2026-08-15 09:53:38 | Step 3315/6000 | Loss: 2.4339 | LR: 4.473197e-04
2026-08-15 09:53:41 |   >> Validation Loss: 2.4465
2026-08-15 09:53:41 |   --> Seen Generation @ step 3315:
Input: Translate to Vietnamese: Sorry, that question's not on here.
Output: Xin lỗi, câu hỏi không phải ở đây.
--------------------------------------------------
2026-08-15 09:53:41 | Saving checkpoint to ./checkpoints\step_3315...
2026-08-15 09:53:42 | Checkpoint saved successfully!

2026-08-15 09:53:42 | Deleted old checkpoint: ./checkpoints\step_3305
2026-08-15 09:53:49 | Step 3320/6000 | Loss: 2.4596 | LR: 4.471003e-04
2026-08-15 09:53:52 |   >> Validation Loss: 2.4444
2026-08-15 09:53:52 |   --> Seen Generation @ step 3320:
Input: Translate to Vietnamese: Sorry, that question's not on here.
Output: Xin lỗi, câu hỏi không có ở đây.
--------------------------------------------------
2026-08-15 09:53:52 | Saving checkpoint to ./checkpoints\step_3320...
2026-08-15 09:53:52 | Checkpoint saved successfully!

2026-08-15 09:53:52 | Deleted old checkpoint: ./checkpoints\step_3310
2026-08-15 09:53:59 | Step 3325/6000 | Loss: 2.4900 | LR: 4.468805e-04
2026-08-15 09:54:02 |   >> Validation Loss: 2.4438
2026-08-15 09:54:02 |   --> Seen Generation @ step 3325:
Input: Translate to Vietnamese: Sorry, that question's not on here.
Output: Xin lỗi, câu hỏi không phải ở đây.
--------------------------------------------------
2026-08-15 09:54:02 | Saving checkpoint to ./checkpoints\step_3325...
2026-08-15 09:54:02 | Checkpoint saved successfully!

2026-08-15 09:54:02 | Deleted old checkpoint: ./checkpoints\step_3315
2026-08-15 09:54:10 | Step 3330/6000 | Loss: 2.4763 | LR: 4.466603e-04
2026-08-15 09:54:13 |   >> Validation Loss: 2.4433
2026-08-15 09:54:13 |   --> Seen Generation @ step 3330:
Input: Translate to Vietnamese: Sorry, that question's not on here.
Output: Xin lỗi, câu hỏi không phải ở đây.
--------------------------------------------------
2026-08-15 09:54:13 | Saving checkpoint to ./checkpoints\step_3330...
2026-08-15 09:54:13 | Checkpoint saved successfully!

2026-08-15 09:54:13 | Deleted old checkpoint: ./checkpoints\step_3320
2026-08-15 09:54:20 | Step 3335/6000 | Loss: 2.4218 | LR: 4.464397e-04
2026-08-15 09:54:23 |   >> Validation Loss: 2.4442
2026-08-15 09:54:23 |   --> Seen Generation @ step 3335:
Input: Translate to Vietnamese: Sorry, that question's not on here.
Output: Xin lỗi, câu hỏi không phải ở đây.
--------------------------------------------------
2026-08-15 09:54:23 | Saving checkpoint to ./checkpoints\step_3335...
2026-08-15 09:54:23 | Checkpoint saved successfully!

2026-08-15 09:54:23 | Deleted old checkpoint: ./checkpoints\step_3325
2026-08-15 09:54:30 | Step 3340/6000 | Loss: 2.4296 | LR: 4.462187e-04
2026-08-15 09:54:34 |   >> Validation Loss: 2.4445
2026-08-15 09:54:34 |   --> Seen Generation @ step 3340:
Input: Translate to Vietnamese: Sorry, that question's not on here.
Output: Xin lỗi, câu hỏi đó không phải ở đây.
--------------------------------------------------
2026-08-15 09:54:34 | Saving checkpoint to ./checkpoints\step_3340...
2026-08-15 09:54:34 | Checkpoint saved successfully!

2026-08-15 09:54:34 | Deleted old checkpoint: ./checkpoints\step_3330
2026-08-15 09:54:41 | Step 3345/6000 | Loss: 2.4184 | LR: 4.459973e-04
2026-08-15 09:54:44 |   >> Validation Loss: 2.4426
2026-08-15 09:54:44 |   --> Seen Generation @ step 3345:
Input: Translate to Vietnamese: Sorry, that question's not on here.
Output: Xin lỗi, câu hỏi đó không phải là về đây.
--------------------------------------------------
2026-08-15 09:54:44 | Saving checkpoint to ./checkpoints\step_3345...
2026-08-15 09:54:44 | Checkpoint saved successfully!

2026-08-15 09:54:44 | Deleted old checkpoint: ./checkpoints\step_3335
2026-08-15 09:54:52 | Step 3350/6000 | Loss: 2.4799 | LR: 4.457754e-04
2026-08-15 09:54:55 |   >> Validation Loss: 2.4439
2026-08-15 09:54:55 |   --> Seen Generation @ step 3350:
Input: Translate to Vietnamese: Sorry, that question's not on here.
Output: Xin lỗi, câu hỏi này không phải ở đây.
--------------------------------------------------
2026-08-15 09:54:55 | Saving checkpoint to ./checkpoints\step_3350...
2026-08-15 09:54:55 | Checkpoint saved successfully!

2026-08-15 09:54:55 | Deleted old checkpoint: ./checkpoints\step_3340
2026-08-15 09:55:02 | Step 3355/6000 | Loss: 2.5010 | LR: 4.455532e-04
2026-08-15 09:55:05 |   >> Validation Loss: 2.4459
2026-08-15 09:55:05 |   --> Seen Generation @ step 3355:
Input: Translate to Vietnamese: Sorry, that question's not on here.
Output: Xin lỗi, câu hỏi này không phải ở đây.
--------------------------------------------------
2026-08-15 09:55:05 | Saving checkpoint to ./checkpoints\step_3355...
2026-08-15 09:55:05 | Checkpoint saved successfully!

2026-08-15 09:55:05 | Deleted old checkpoint: ./checkpoints\step_3345
2026-08-15 09:55:12 | Step 3360/6000 | Loss: 2.4798 | LR: 4.453306e-04
2026-08-15 09:55:16 |   >> Validation Loss: 2.4430
2026-08-15 09:55:16 |   --> Seen Generation @ step 3360:
Input: Translate to Vietnamese: Sorry, that question's not on here.
Output: Xin lỗi, câu hỏi không phải ở đây.
--------------------------------------------------
2026-08-15 09:55:16 | Saving checkpoint to ./checkpoints\step_3360...
2026-08-15 09:55:16 | Checkpoint saved successfully!

2026-08-15 09:55:16 | Deleted old checkpoint: ./checkpoints\step_3350
2026-08-15 09:55:23 | Step 3365/6000 | Loss: 2.4274 | LR: 4.451076e-04
2026-08-15 09:55:26 |   >> Validation Loss: 2.4462
2026-08-15 09:55:26 |   --> Seen Generation @ step 3365:
Input: Translate to Vietnamese: Sorry, that question's not on here.
Output: Xin lỗi, câu hỏi không phải ở đây.
--------------------------------------------------
2026-08-15 09:55:26 | Saving checkpoint to ./checkpoints\step_3365...
2026-08-15 09:55:26 | Checkpoint saved successfully!

2026-08-15 09:55:26 | Deleted old checkpoint: ./checkpoints\step_3355
2026-08-15 09:55:34 | Step 3370/6000 | Loss: 2.4454 | LR: 4.448842e-04
2026-08-15 09:55:37 |   >> Validation Loss: 2.4436
2026-08-15 09:55:37 |   --> Seen Generation @ step 3370:
Input: Translate to Vietnamese: Sorry, that question's not on here.
Output: Xin lỗi, câu hỏi đó không phải ở đây.
--------------------------------------------------
2026-08-15 09:55:37 | Saving checkpoint to ./checkpoints\step_3370...
2026-08-15 09:55:37 | Checkpoint saved successfully!

2026-08-15 09:55:37 | Deleted old checkpoint: ./checkpoints\step_3360
2026-08-15 09:55:44 | Step 3375/6000 | Loss: 2.4923 | LR: 4.446604e-04
2026-08-15 09:55:47 |   >> Validation Loss: 2.4441
2026-08-15 09:55:47 |   --> Seen Generation @ step 3375:
Input: Translate to Vietnamese: Sorry, that question's not on here.
Output: Xin lỗi, câu hỏi không phải ở đây.
--------------------------------------------------
2026-08-15 09:55:47 | Saving checkpoint to ./checkpoints\step_3375...
2026-08-15 09:55:47 | Checkpoint saved successfully!

2026-08-15 09:55:47 | Deleted old checkpoint: ./checkpoints\step_3365
2026-08-15 09:55:55 | Step 3380/6000 | Loss: 2.4849 | LR: 4.444362e-04
2026-08-15 09:55:58 |   >> Validation Loss: 2.4449
2026-08-15 09:55:58 |   --> Seen Generation @ step 3380:
Input: Translate to Vietnamese: Sorry, that question's not on here.
Output: Xin lỗi, câu hỏi không phải ở đây.
--------------------------------------------------
2026-08-15 09:55:58 | Saving checkpoint to ./checkpoints\step_3380...
2026-08-15 09:55:58 | Checkpoint saved successfully!

2026-08-15 09:55:58 | Deleted old checkpoint: ./checkpoints\step_3370
2026-08-15 09:56:05 | Step 3385/6000 | Loss: 2.4474 | LR: 4.442116e-04
2026-08-15 09:56:08 |   >> Validation Loss: 2.4430
2026-08-15 09:56:08 |   --> Seen Generation @ step 3385:
Input: Translate to Vietnamese: Sorry, that question's not on here.
Output: Xin lỗi, câu hỏi không phải ở đây.
--------------------------------------------------
2026-08-15 09:56:08 | Saving checkpoint to ./checkpoints\step_3385...
2026-08-15 09:56:08 | Checkpoint saved successfully!

2026-08-15 09:56:08 | Deleted old checkpoint: ./checkpoints\step_3375
2026-08-15 09:56:16 | Step 3390/6000 | Loss: 2.4542 | LR: 4.439866e-04
2026-08-15 09:56:19 |   >> Validation Loss: 2.4430
2026-08-15 09:56:19 |   --> Seen Generation @ step 3390:
Input: Translate to Vietnamese: Sorry, that question's not on here.
Output: Xin lỗi, câu hỏi đó không phải ở đây.
--------------------------------------------------
2026-08-15 09:56:19 | Saving checkpoint to ./checkpoints\step_3390...
2026-08-15 09:56:19 | Checkpoint saved successfully!

2026-08-15 09:56:19 | Deleted old checkpoint: ./checkpoints\step_3380
2026-08-15 09:56:26 | Step 3395/6000 | Loss: 2.4261 | LR: 4.437612e-04
2026-08-15 09:56:29 |   >> Validation Loss: 2.4401
2026-08-15 09:56:29 |   --> Seen Generation @ step 3395:
Input: Translate to Vietnamese: Sorry, that question's not on here.
Output: Xin lỗi, câu hỏi đó không phải ở đây.
--------------------------------------------------
2026-08-15 09:56:29 | Saving checkpoint to ./checkpoints\step_3395...
2026-08-15 09:56:29 | Checkpoint saved successfully!

2026-08-15 09:56:29 | Deleted old checkpoint: ./checkpoints\step_3385
2026-08-15 09:56:37 | Step 3400/6000 | Loss: 2.4900 | LR: 4.435354e-04
2026-08-15 09:56:40 |   >> Validation Loss: 2.4409
2026-08-15 09:56:40 |   --> Seen Generation @ step 3400:
Input: Translate to Vietnamese: Sorry, that question's not on here.
Output: Xin lỗi, câu hỏi không phải ở đây.
--------------------------------------------------
2026-08-15 09:56:40 | Saving checkpoint to ./checkpoints\step_3400...
2026-08-15 09:56:40 | Checkpoint saved successfully!

2026-08-15 09:56:40 | Deleted old checkpoint: ./checkpoints\step_3390
2026-08-15 09:56:47 | Step 3405/6000 | Loss: 2.4894 | LR: 4.433092e-04
2026-08-15 09:56:50 |   >> Validation Loss: 2.4359
2026-08-15 09:56:50 |   --> Seen Generation @ step 3405:
Input: Translate to Vietnamese: Sorry, that question's not on here.
Output: Xin lỗi, câu hỏi không phải ở đây.
--------------------------------------------------
2026-08-15 09:56:50 | Saving checkpoint to ./checkpoints\step_3405...
2026-08-15 09:56:50 | Checkpoint saved successfully!

2026-08-15 09:56:50 | Deleted old checkpoint: ./checkpoints\step_3395
2026-08-15 09:56:58 | Step 3410/6000 | Loss: 2.5067 | LR: 4.430826e-04
2026-08-15 09:57:01 |   >> Validation Loss: 2.4374
2026-08-15 09:57:01 |   --> Seen Generation @ step 3410:
Input: Translate to Vietnamese: Sorry, that question's not on here.
Output: Xin lỗi, câu hỏi đó không phải ở đây.
--------------------------------------------------
2026-08-15 09:57:01 | Saving checkpoint to ./checkpoints\step_3410...
2026-08-15 09:57:01 | Checkpoint saved successfully!

2026-08-15 09:57:01 | Deleted old checkpoint: ./checkpoints\step_3400
2026-08-15 09:57:08 | Step 3415/6000 | Loss: 2.4822 | LR: 4.428557e-04
2026-08-15 09:57:11 |   >> Validation Loss: 2.4380
2026-08-15 09:57:11 |   --> Seen Generation @ step 3415:
Input: Translate to Vietnamese: Sorry, that question's not on here.
Output: Xin lỗi, câu hỏi đó không phải ở đây.
--------------------------------------------------
2026-08-15 09:57:11 | Saving checkpoint to ./checkpoints\step_3415...
2026-08-15 09:57:11 | Checkpoint saved successfully!

2026-08-15 09:57:11 | Deleted old checkpoint: ./checkpoints\step_3405
2026-08-15 09:57:19 | Step 3420/6000 | Loss: 2.3667 | LR: 4.426283e-04
2026-08-15 09:57:22 |   >> Validation Loss: 2.4368
2026-08-15 09:57:22 |   --> Seen Generation @ step 3420:
Input: Translate to Vietnamese: Sorry, that question's not on here.
Output: Xin lỗi, câu hỏi đó không phải ở đây.
--------------------------------------------------
2026-08-15 09:57:22 | Saving checkpoint to ./checkpoints\step_3420...
2026-08-15 09:57:22 | Checkpoint saved successfully!

2026-08-15 09:57:22 | Deleted old checkpoint: ./checkpoints\step_3410
2026-08-15 09:57:29 | Step 3425/6000 | Loss: 2.4406 | LR: 4.424006e-04
2026-08-15 09:57:32 |   >> Validation Loss: 2.4344
2026-08-15 09:57:32 |   --> Seen Generation @ step 3425:
Input: Translate to Vietnamese: Sorry, that question's not on here.
Output: Xin lỗi, câu hỏi đó không phải ở đây.
--------------------------------------------------
2026-08-15 09:57:32 | Saving checkpoint to ./checkpoints\step_3425...
2026-08-15 09:57:32 | Checkpoint saved successfully!

2026-08-15 09:57:32 | Deleted old checkpoint: ./checkpoints\step_3415
2026-08-15 09:57:40 | Step 3430/6000 | Loss: 2.4377 | LR: 4.421724e-04
2026-08-15 09:57:43 |   >> Validation Loss: 2.4332
2026-08-15 09:57:43 |   --> Seen Generation @ step 3430:
Input: Translate to Vietnamese: Sorry, that question's not on here.
Output: Xin lỗi, câu hỏi đó không phải ở đây.
--------------------------------------------------
2026-08-15 09:57:43 | Saving checkpoint to ./checkpoints\step_3430...
2026-08-15 09:57:43 | Checkpoint saved successfully!

2026-08-15 09:57:43 | Deleted old checkpoint: ./checkpoints\step_3420
2026-08-15 09:57:50 | Step 3435/6000 | Loss: 2.5087 | LR: 4.419439e-04
2026-08-15 09:57:53 |   >> Validation Loss: 2.4325
2026-08-15 09:57:53 |   --> Seen Generation @ step 3435:
Input: Translate to Vietnamese: Sorry, that question's not on here.
Output: Xin lỗi, câu hỏi đó không phải ở đây.
--------------------------------------------------
2026-08-15 09:57:53 | Saving checkpoint to ./checkpoints\step_3435...
2026-08-15 09:57:53 | Checkpoint saved successfully!

2026-08-15 09:57:53 | Deleted old checkpoint: ./checkpoints\step_3425
2026-08-15 09:58:01 | Step 3440/6000 | Loss: 2.4394 | LR: 4.417149e-04
2026-08-15 09:58:04 |   >> Validation Loss: 2.4309
2026-08-15 09:58:04 |   --> Seen Generation @ step 3440:
Input: Translate to Vietnamese: Sorry, that question's not on here.
Output: Xin lỗi, câu hỏi không phải ở đây.
--------------------------------------------------
2026-08-15 09:58:04 | Saving checkpoint to ./checkpoints\step_3440...
2026-08-15 09:58:04 | Checkpoint saved successfully!

2026-08-15 09:58:04 | Deleted old checkpoint: ./checkpoints\step_3430
2026-08-15 09:58:11 | Step 3445/6000 | Loss: 2.5157 | LR: 4.414856e-04
2026-08-15 09:58:14 |   >> Validation Loss: 2.4313
2026-08-15 09:58:14 |   --> Seen Generation @ step 3445:
Input: Translate to Vietnamese: Sorry, that question's not on here.
Output: Xin lỗi, câu hỏi đó không phải ở đây.
--------------------------------------------------
2026-08-15 09:58:14 | Saving checkpoint to ./checkpoints\step_3445...
2026-08-15 09:58:14 | Checkpoint saved successfully!

2026-08-15 09:58:14 | Deleted old checkpoint: ./checkpoints\step_3435
2026-08-15 09:58:21 | Step 3450/6000 | Loss: 2.4314 | LR: 4.412559e-04
2026-08-15 09:58:25 |   >> Validation Loss: 2.4302
2026-08-15 09:58:25 |   --> Seen Generation @ step 3450:
Input: Translate to Vietnamese: Sorry, that question's not on here.
Output: Xin lỗi, câu hỏi đó không phải ở đây.
--------------------------------------------------
2026-08-15 09:58:25 | Saving checkpoint to ./checkpoints\step_3450...
2026-08-15 09:58:25 | Checkpoint saved successfully!

2026-08-15 09:58:25 | Deleted old checkpoint: ./checkpoints\step_3440
2026-08-15 09:58:32 | Step 3455/6000 | Loss: 2.4593 | LR: 4.410258e-04
2026-08-15 09:58:35 |   >> Validation Loss: 2.4336
2026-08-15 09:58:35 |   --> Seen Generation @ step 3455:
Input: Translate to Vietnamese: Sorry, that question's not on here.
Output: Xin lỗi, câu hỏi đó không phải ở đây.
--------------------------------------------------
2026-08-15 09:58:35 | Saving checkpoint to ./checkpoints\step_3455...
2026-08-15 09:58:35 | Checkpoint saved successfully!

2026-08-15 09:58:35 | Deleted old checkpoint: ./checkpoints\step_3445
2026-08-15 09:58:42 | Step 3460/6000 | Loss: 2.4653 | LR: 4.407953e-04
2026-08-15 09:58:46 |   >> Validation Loss: 2.4299
2026-08-15 09:58:46 |   --> Seen Generation @ step 3460:
Input: Translate to Vietnamese: Sorry, that question's not on here.
Output: Xin lỗi, câu hỏi đó không phải ở đây.
--------------------------------------------------
2026-08-15 09:58:46 | Saving checkpoint to ./checkpoints\step_3460...
2026-08-15 09:58:46 | Checkpoint saved successfully!

2026-08-15 09:58:46 | Deleted old checkpoint: ./checkpoints\step_3450
2026-08-15 09:58:53 | Step 3465/6000 | Loss: 2.4898 | LR: 4.405644e-04
2026-08-15 09:58:56 |   >> Validation Loss: 2.4317
2026-08-15 09:58:56 |   --> Seen Generation @ step 3465:
Input: Translate to Vietnamese: Sorry, that question's not on here.
Output: Xin lỗi, câu hỏi không phải ở đây.
--------------------------------------------------
2026-08-15 09:58:56 | Saving checkpoint to ./checkpoints\step_3465...
2026-08-15 09:58:56 | Checkpoint saved successfully!

2026-08-15 09:58:56 | Deleted old checkpoint: ./checkpoints\step_3455
2026-08-15 09:59:03 | Step 3470/6000 | Loss: 2.4284 | LR: 4.403331e-04
2026-08-15 09:59:07 |   >> Validation Loss: 2.4308
2026-08-15 09:59:07 |   --> Seen Generation @ step 3470:
Input: Translate to Vietnamese: Sorry, that question's not on here.
Output: Xin lỗi, câu hỏi không phải ở đây.
--------------------------------------------------
2026-08-15 09:59:07 | Saving checkpoint to ./checkpoints\step_3470...
2026-08-15 09:59:07 | Checkpoint saved successfully!

2026-08-15 09:59:07 | Deleted old checkpoint: ./checkpoints\step_3460
2026-08-15 09:59:14 | Step 3475/6000 | Loss: 2.4908 | LR: 4.401015e-04
2026-08-15 09:59:17 |   >> Validation Loss: 2.4311
2026-08-15 09:59:17 |   --> Seen Generation @ step 3475:
Input: Translate to Vietnamese: Sorry, that question's not on here.
Output: Xin lỗi, câu hỏi không phải ở đây.
--------------------------------------------------
2026-08-15 09:59:17 | Saving checkpoint to ./checkpoints\step_3475...
2026-08-15 09:59:17 | Checkpoint saved successfully!

2026-08-15 09:59:17 | Deleted old checkpoint: ./checkpoints\step_3465
2026-08-15 09:59:24 | Step 3480/6000 | Loss: 2.4570 | LR: 4.398694e-04
2026-08-15 09:59:28 |   >> Validation Loss: 2.4296
2026-08-15 09:59:28 |   --> Seen Generation @ step 3480:
Input: Translate to Vietnamese: Sorry, that question's not on here.
Output: Xin lỗi, câu hỏi không phải ở đây.
--------------------------------------------------
2026-08-15 09:59:28 | Saving checkpoint to ./checkpoints\step_3480...
2026-08-15 09:59:28 | Checkpoint saved successfully!

2026-08-15 09:59:28 | Deleted old checkpoint: ./checkpoints\step_3470
2026-08-15 09:59:35 | Step 3485/6000 | Loss: 2.4261 | LR: 4.396370e-04
2026-08-15 09:59:38 |   >> Validation Loss: 2.4294
2026-08-15 09:59:38 |   --> Seen Generation @ step 3485:
Input: Translate to Vietnamese: Sorry, that question's not on here.
Output: Xin lỗi, câu hỏi đó không phải ở đây.
--------------------------------------------------
2026-08-15 09:59:38 | Saving checkpoint to ./checkpoints\step_3485...
2026-08-15 09:59:38 | Checkpoint saved successfully!

2026-08-15 09:59:38 | Deleted old checkpoint: ./checkpoints\step_3475
2026-08-15 09:59:45 | Step 3490/6000 | Loss: 2.4522 | LR: 4.394042e-04
2026-08-15 09:59:49 |   >> Validation Loss: 2.4296
2026-08-15 09:59:49 |   --> Seen Generation @ step 3490:
Input: Translate to Vietnamese: Sorry, that question's not on here.
Output: Xin lỗi, câu hỏi đó không phải ở đây.
--------------------------------------------------
2026-08-15 09:59:49 | Saving checkpoint to ./checkpoints\step_3490...
2026-08-15 09:59:49 | Checkpoint saved successfully!

2026-08-15 09:59:49 | Deleted old checkpoint: ./checkpoints\step_3480
2026-08-15 09:59:56 | Step 3495/6000 | Loss: 2.3552 | LR: 4.391710e-04
2026-08-15 09:59:59 |   >> Validation Loss: 2.4292
2026-08-15 09:59:59 |   --> Seen Generation @ step 3495:
Input: Translate to Vietnamese: Sorry, that question's not on here.
Output: Xin lỗi, câu hỏi không phải ở đây.
--------------------------------------------------
2026-08-15 09:59:59 | Saving checkpoint to ./checkpoints\step_3495...
2026-08-15 09:59:59 | Checkpoint saved successfully!

2026-08-15 09:59:59 | Deleted old checkpoint: ./checkpoints\step_3485
2026-08-15 10:00:06 | Step 3500/6000 | Loss: 2.4207 | LR: 4.389374e-04
2026-08-15 10:00:10 |   >> Validation Loss: 2.4303
2026-08-15 10:00:10 |   --> Seen Generation @ step 3500:
Input: Translate to Vietnamese: Sorry, that question's not on here.
Output: Xin lỗi, câu hỏi đó không phải ở đây.
--------------------------------------------------
2026-08-15 10:00:10 | Saving checkpoint to ./checkpoints\step_3500...
2026-08-15 10:00:10 | Checkpoint saved successfully!

2026-08-15 10:00:10 | Deleted old checkpoint: ./checkpoints\step_3490
2026-08-15 10:00:17 | Step 3505/6000 | Loss: 2.5077 | LR: 4.387034e-04
2026-08-15 10:00:20 |   >> Validation Loss: 2.4288
2026-08-15 10:00:20 |   --> Seen Generation @ step 3505:
Input: Translate to Vietnamese: Sorry, that question's not on here.
Output: Xin lỗi, câu hỏi đó không phải ở đây.
--------------------------------------------------
2026-08-15 10:00:20 | Saving checkpoint to ./checkpoints\step_3505...
2026-08-15 10:00:20 | Checkpoint saved successfully!

2026-08-15 10:00:20 | Deleted old checkpoint: ./checkpoints\step_3495
2026-08-15 10:00:27 | Step 3510/6000 | Loss: 2.4711 | LR: 4.384691e-04
2026-08-15 10:00:31 |   >> Validation Loss: 2.4284
2026-08-15 10:00:31 |   --> Seen Generation @ step 3510:
Input: Translate to Vietnamese: Sorry, that question's not on here.
Output: Xin lỗi, câu hỏi đó không phải ở đây.
--------------------------------------------------
2026-08-15 10:00:31 | Saving checkpoint to ./checkpoints\step_3510...
2026-08-15 10:00:31 | Checkpoint saved successfully!

2026-08-15 10:00:31 | Deleted old checkpoint: ./checkpoints\step_3500
2026-08-15 10:00:38 | Step 3515/6000 | Loss: 2.4440 | LR: 4.382343e-04
2026-08-15 10:00:41 |   >> Validation Loss: 2.4272
2026-08-15 10:00:41 |   --> Seen Generation @ step 3515:
Input: Translate to Vietnamese: Sorry, that question's not on here.
Output: Xin lỗi, câu hỏi đó không phải ở đây.
--------------------------------------------------
2026-08-15 10:00:41 | Saving checkpoint to ./checkpoints\step_3515...
2026-08-15 10:00:41 | Checkpoint saved successfully!

2026-08-15 10:00:41 | Deleted old checkpoint: ./checkpoints\step_3505
2026-08-15 10:00:48 | Step 3520/6000 | Loss: 2.4293 | LR: 4.379992e-04
2026-08-15 10:00:52 |   >> Validation Loss: 2.4289
2026-08-15 10:00:52 |   --> Seen Generation @ step 3520:
Input: Translate to Vietnamese: Sorry, that question's not on here.
Output: Xin lỗi, câu hỏi đó không phải là về đây.
--------------------------------------------------
2026-08-15 10:00:52 | Saving checkpoint to ./checkpoints\step_3520...
2026-08-15 10:00:52 | Checkpoint saved successfully!

2026-08-15 10:00:52 | Deleted old checkpoint: ./checkpoints\step_3510
2026-08-15 10:00:59 | Step 3525/6000 | Loss: 2.4758 | LR: 4.377637e-04
2026-08-15 10:01:02 |   >> Validation Loss: 2.4274
2026-08-15 10:01:02 |   --> Seen Generation @ step 3525:
Input: Translate to Vietnamese: Sorry, that question's not on here.
Output: Xin lỗi, câu hỏi đó không phải là ở đây.
--------------------------------------------------
2026-08-15 10:01:02 | Saving checkpoint to ./checkpoints\step_3525...
2026-08-15 10:01:02 | Checkpoint saved successfully!

2026-08-15 10:01:02 | Deleted old checkpoint: ./checkpoints\step_3515
2026-08-15 10:01:09 | Step 3530/6000 | Loss: 2.4528 | LR: 4.375278e-04
2026-08-15 10:01:13 |   >> Validation Loss: 2.4250
2026-08-15 10:01:13 |   --> Seen Generation @ step 3530:
Input: Translate to Vietnamese: Sorry, that question's not on here.
Output: Xin lỗi, câu hỏi đó không phải ở đây.
--------------------------------------------------
2026-08-15 10:01:13 | Saving checkpoint to ./checkpoints\step_3530...
2026-08-15 10:01:13 | Checkpoint saved successfully!

2026-08-15 10:01:13 | Deleted old checkpoint: ./checkpoints\step_3520
2026-08-15 10:01:20 | Step 3535/6000 | Loss: 2.4112 | LR: 4.372915e-04
2026-08-15 10:01:23 |   >> Validation Loss: 2.4258
2026-08-15 10:01:23 |   --> Seen Generation @ step 3535:
Input: Translate to Vietnamese: Sorry, that question's not on here.
Output: Xin lỗi, câu hỏi không ở đây.
--------------------------------------------------
2026-08-15 10:01:23 | Saving checkpoint to ./checkpoints\step_3535...
2026-08-15 10:01:23 | Checkpoint saved successfully!

2026-08-15 10:01:23 | Deleted old checkpoint: ./checkpoints\step_3525
2026-08-15 10:01:30 | Step 3540/6000 | Loss: 2.4837 | LR: 4.370548e-04
2026-08-15 10:01:34 |   >> Validation Loss: 2.4287
2026-08-15 10:01:34 |   --> Seen Generation @ step 3540:
Input: Translate to Vietnamese: Sorry, that question's not on here.
Output: Xin lỗi, câu hỏi đó không phải ở đây.
--------------------------------------------------
2026-08-15 10:01:34 | Saving checkpoint to ./checkpoints\step_3540...
2026-08-15 10:01:34 | Checkpoint saved successfully!

2026-08-15 10:01:34 | Deleted old checkpoint: ./checkpoints\step_3530
2026-08-15 10:01:41 | Step 3545/6000 | Loss: 2.5000 | LR: 4.368178e-04
2026-08-15 10:01:44 |   >> Validation Loss: 2.4268
2026-08-15 10:01:44 |   --> Seen Generation @ step 3545:
Input: Translate to Vietnamese: Sorry, that question's not on here.
Output: Xin lỗi, câu hỏi không phải ở đây.
--------------------------------------------------
2026-08-15 10:01:44 | Saving checkpoint to ./checkpoints\step_3545...
2026-08-15 10:01:44 | Checkpoint saved successfully!

2026-08-15 10:01:44 | Deleted old checkpoint: ./checkpoints\step_3535
2026-08-15 10:01:51 | Step 3550/6000 | Loss: 2.4657 | LR: 4.365804e-04
2026-08-15 10:01:55 |   >> Validation Loss: 2.4259
2026-08-15 10:01:55 |   --> Seen Generation @ step 3550:
Input: Translate to Vietnamese: Sorry, that question's not on here.
Output: Xin lỗi, câu hỏi không phải ở đây.
--------------------------------------------------
2026-08-15 10:01:55 | Saving checkpoint to ./checkpoints\step_3550...
2026-08-15 10:01:55 | Checkpoint saved successfully!

2026-08-15 10:01:55 | Deleted old checkpoint: ./checkpoints\step_3540
2026-08-15 10:02:02 | Step 3555/6000 | Loss: 2.3816 | LR: 4.363426e-04
2026-08-15 10:02:05 |   >> Validation Loss: 2.4231
2026-08-15 10:02:05 |   --> Seen Generation @ step 3555:
Input: Translate to Vietnamese: Sorry, that question's not on here.
Output: Xin lỗi, câu hỏi đó không phải ở đây.
--------------------------------------------------
2026-08-15 10:02:05 | Saving checkpoint to ./checkpoints\step_3555...
2026-08-15 10:02:05 | Checkpoint saved successfully!

2026-08-15 10:02:05 | Deleted old checkpoint: ./checkpoints\step_3545
2026-08-15 10:02:12 | Step 3560/6000 | Loss: 2.4267 | LR: 4.361044e-04
2026-08-15 10:02:16 |   >> Validation Loss: 2.4244
2026-08-15 10:02:16 |   --> Seen Generation @ step 3560:
Input: Translate to Vietnamese: Sorry, that question's not on here.
Output: Xin lỗi, câu hỏi đó không phải ở đây.
--------------------------------------------------
2026-08-15 10:02:16 | Saving checkpoint to ./checkpoints\step_3560...
2026-08-15 10:02:16 | Checkpoint saved successfully!

2026-08-15 10:02:16 | Deleted old checkpoint: ./checkpoints\step_3550
2026-08-15 10:02:23 | Step 3565/6000 | Loss: 2.4351 | LR: 4.358658e-04
2026-08-15 10:02:26 |   >> Validation Loss: 2.4230
2026-08-15 10:02:26 |   --> Seen Generation @ step 3565:
Input: Translate to Vietnamese: Sorry, that question's not on here.
Output: Xin lỗi, câu hỏi không phải ở đây.
--------------------------------------------------
2026-08-15 10:02:26 | Saving checkpoint to ./checkpoints\step_3565...
2026-08-15 10:02:26 | Checkpoint saved successfully!

2026-08-15 10:02:26 | Deleted old checkpoint: ./checkpoints\step_3555
2026-08-15 10:02:33 | Step 3570/6000 | Loss: 2.5410 | LR: 4.356269e-04
2026-08-15 10:02:37 |   >> Validation Loss: 2.4282
2026-08-15 10:02:37 |   --> Seen Generation @ step 3570:
Input: Translate to Vietnamese: Sorry, that question's not on here.
Output: Xin lỗi, câu hỏi đó không phải ở đây.
--------------------------------------------------
2026-08-15 10:02:37 | Saving checkpoint to ./checkpoints\step_3570...
2026-08-15 10:02:37 | Checkpoint saved successfully!

2026-08-15 10:02:37 | Deleted old checkpoint: ./checkpoints\step_3560
2026-08-15 10:02:44 | Step 3575/6000 | Loss: 2.4111 | LR: 4.353875e-04
2026-08-15 10:02:47 |   >> Validation Loss: 2.4240
2026-08-15 10:02:47 |   --> Seen Generation @ step 3575:
Input: Translate to Vietnamese: Sorry, that question's not on here.
Output: Xin lỗi, câu hỏi đó không phải ở đây.
--------------------------------------------------
2026-08-15 10:02:47 | Saving checkpoint to ./checkpoints\step_3575...
2026-08-15 10:02:47 | Checkpoint saved successfully!

2026-08-15 10:02:47 | Deleted old checkpoint: ./checkpoints\step_3565
2026-08-15 10:02:54 | Step 3580/6000 | Loss: 2.5038 | LR: 4.351479e-04
2026-08-15 10:02:58 |   >> Validation Loss: 2.4238
2026-08-15 10:02:58 |   --> Seen Generation @ step 3580:
Input: Translate to Vietnamese: Sorry, that question's not on here.
Output: Xin lỗi, câu hỏi đó không phải ở đây.
--------------------------------------------------
2026-08-15 10:02:58 | Saving checkpoint to ./checkpoints\step_3580...
2026-08-15 10:02:58 | Checkpoint saved successfully!

2026-08-15 10:02:58 | Deleted old checkpoint: ./checkpoints\step_3570
2026-08-15 10:03:05 | Step 3585/6000 | Loss: 2.5069 | LR: 4.349078e-04
2026-08-15 10:03:08 |   >> Validation Loss: 2.4235
2026-08-15 10:03:08 |   --> Seen Generation @ step 3585:
Input: Translate to Vietnamese: Sorry, that question's not on here.
Output: Xin lỗi, câu hỏi đó không phải ở đây.
--------------------------------------------------
2026-08-15 10:03:08 | Saving checkpoint to ./checkpoints\step_3585...
2026-08-15 10:03:08 | Checkpoint saved successfully!

2026-08-15 10:03:08 | Deleted old checkpoint: ./checkpoints\step_3575
2026-08-15 10:03:15 | Step 3590/6000 | Loss: 2.4810 | LR: 4.346673e-04
2026-08-15 10:03:19 |   >> Validation Loss: 2.4232
2026-08-15 10:03:19 |   --> Seen Generation @ step 3590:
Input: Translate to Vietnamese: Sorry, that question's not on here.
Output: Xin lỗi, câu hỏi đó không phải ở đây.
--------------------------------------------------
2026-08-15 10:03:19 | Saving checkpoint to ./checkpoints\step_3590...
2026-08-15 10:03:19 | Checkpoint saved successfully!

2026-08-15 10:03:19 | Deleted old checkpoint: ./checkpoints\step_3580
2026-08-15 10:03:26 | Step 3595/6000 | Loss: 2.4694 | LR: 4.344265e-04
2026-08-15 10:03:29 |   >> Validation Loss: 2.4229
2026-08-15 10:03:29 |   --> Seen Generation @ step 3595:
Input: Translate to Vietnamese: Sorry, that question's not on here.
Output: Xin lỗi, câu hỏi đó không phải ở đây.
--------------------------------------------------
2026-08-15 10:03:29 | Saving checkpoint to ./checkpoints\step_3595...
2026-08-15 10:03:29 | Checkpoint saved successfully!

2026-08-15 10:03:29 | Deleted old checkpoint: ./checkpoints\step_3585
2026-08-15 10:03:37 | Step 3600/6000 | Loss: 2.4638 | LR: 4.341853e-04
2026-08-15 10:03:40 |   >> Validation Loss: 2.4217
2026-08-15 10:03:40 |   --> Seen Generation @ step 3600:
Input: Translate to Vietnamese: Sorry, that question's not on here.
Output: Xin lỗi, câu hỏi đó không phải ở đây.
--------------------------------------------------
2026-08-15 10:03:40 | Saving checkpoint to ./checkpoints\step_3600...
2026-08-15 10:03:40 | Checkpoint saved successfully!

2026-08-15 10:03:40 | Deleted old checkpoint: ./checkpoints\step_3590
2026-08-15 10:03:47 | Step 3605/6000 | Loss: 2.4933 | LR: 4.339437e-04
2026-08-15 10:03:50 |   >> Validation Loss: 2.4196
2026-08-15 10:03:50 |   --> Seen Generation @ step 3605:
Input: Translate to Vietnamese: Sorry, that question's not on here.
Output: Xin lỗi, câu hỏi đó không phải ở đây.
--------------------------------------------------
2026-08-15 10:03:50 | Saving checkpoint to ./checkpoints\step_3605...
2026-08-15 10:03:50 | Checkpoint saved successfully!

2026-08-15 10:03:50 | Deleted old checkpoint: ./checkpoints\step_3595
2026-08-15 10:03:57 | Step 3610/6000 | Loss: 2.4745 | LR: 4.337017e-04
2026-08-15 10:04:01 |   >> Validation Loss: 2.4184
2026-08-15 10:04:01 |   --> Seen Generation @ step 3610:
Input: Translate to Vietnamese: Sorry, that question's not on here.
Output: Xin lỗi, câu hỏi đó không phải ở đây.
--------------------------------------------------
2026-08-15 10:04:01 | Saving checkpoint to ./checkpoints\step_3610...
2026-08-15 10:04:01 | Checkpoint saved successfully!

2026-08-15 10:04:01 | Deleted old checkpoint: ./checkpoints\step_3600
2026-08-15 10:04:08 | Step 3615/6000 | Loss: 2.4621 | LR: 4.334594e-04
2026-08-15 10:04:11 |   >> Validation Loss: 2.4192
2026-08-15 10:04:11 |   --> Seen Generation @ step 3615:
Input: Translate to Vietnamese: Sorry, that question's not on here.
Output: Xin lỗi, câu hỏi đó không phải ở đây.
--------------------------------------------------
2026-08-15 10:04:11 | Saving checkpoint to ./checkpoints\step_3615...
2026-08-15 10:04:11 | Checkpoint saved successfully!

2026-08-15 10:04:11 | Deleted old checkpoint: ./checkpoints\step_3605
2026-08-15 10:04:18 | Step 3620/6000 | Loss: 2.4668 | LR: 4.332167e-04
2026-08-15 10:04:21 |   >> Validation Loss: 2.4180
2026-08-15 10:04:21 |   --> Seen Generation @ step 3620:
Input: Translate to Vietnamese: Sorry, that question's not on here.
Output: Xin lỗi, câu hỏi đó không phải ở đây.
--------------------------------------------------
2026-08-15 10:04:21 | Saving checkpoint to ./checkpoints\step_3620...
2026-08-15 10:04:21 | Checkpoint saved successfully!

2026-08-15 10:04:21 | Deleted old checkpoint: ./checkpoints\step_3610
2026-08-15 10:04:28 | Step 3625/6000 | Loss: 2.4566 | LR: 4.329736e-04
2026-08-15 10:04:32 |   >> Validation Loss: 2.4178
2026-08-15 10:04:32 |   --> Seen Generation @ step 3625:
Input: Translate to Vietnamese: Sorry, that question's not on here.
Output: Xin lỗi, câu hỏi đó không phải ở đây.
--------------------------------------------------
2026-08-15 10:04:32 | Saving checkpoint to ./checkpoints\step_3625...
2026-08-15 10:04:32 | Checkpoint saved successfully!

2026-08-15 10:04:32 | Deleted old checkpoint: ./checkpoints\step_3615
2026-08-15 10:04:39 | Step 3630/6000 | Loss: 2.4858 | LR: 4.327302e-04
2026-08-15 10:04:42 |   >> Validation Loss: 2.4193
2026-08-15 10:04:42 |   --> Seen Generation @ step 3630:
Input: Translate to Vietnamese: Sorry, that question's not on here.
Output: Xin lỗi, câu hỏi đó không phải ở đây.
--------------------------------------------------
2026-08-15 10:04:42 | Saving checkpoint to ./checkpoints\step_3630...
2026-08-15 10:04:42 | Checkpoint saved successfully!

2026-08-15 10:04:42 | Deleted old checkpoint: ./checkpoints\step_3620
2026-08-15 10:04:49 | Step 3635/6000 | Loss: 2.4659 | LR: 4.324864e-04
2026-08-15 10:04:52 |   >> Validation Loss: 2.4183
2026-08-15 10:04:52 |   --> Seen Generation @ step 3635:
Input: Translate to Vietnamese: Sorry, that question's not on here.
Output: Xin lỗi, câu hỏi đó không phải ở đây.
--------------------------------------------------
2026-08-15 10:04:52 | Saving checkpoint to ./checkpoints\step_3635...
2026-08-15 10:04:52 | Checkpoint saved successfully!

2026-08-15 10:04:52 | Deleted old checkpoint: ./checkpoints\step_3625
2026-08-15 10:04:59 | Step 3640/6000 | Loss: 2.3280 | LR: 4.322422e-04
2026-08-15 10:05:03 |   >> Validation Loss: 2.4174
2026-08-15 10:05:03 |   --> Seen Generation @ step 3640:
Input: Translate to Vietnamese: Sorry, that question's not on here.
Output: Xin lỗi, câu hỏi đó không phải ở đây.
--------------------------------------------------
2026-08-15 10:05:03 | Saving checkpoint to ./checkpoints\step_3640...
2026-08-15 10:05:03 | Checkpoint saved successfully!

2026-08-15 10:05:03 | Deleted old checkpoint: ./checkpoints\step_3630
2026-08-15 10:05:10 | Step 3645/6000 | Loss: 2.4587 | LR: 4.319976e-04
2026-08-15 10:05:13 |   >> Validation Loss: 2.4177
2026-08-15 10:05:13 |   --> Seen Generation @ step 3645:
Input: Translate to Vietnamese: Sorry, that question's not on here.
Output: Xin lỗi, câu hỏi đó không phải ở đây.
--------------------------------------------------
2026-08-15 10:05:13 | Saving checkpoint to ./checkpoints\step_3645...
2026-08-15 10:05:13 | Checkpoint saved successfully!

2026-08-15 10:05:13 | Deleted old checkpoint: ./checkpoints\step_3635
2026-08-15 10:05:20 | Step 3650/6000 | Loss: 2.4072 | LR: 4.317526e-04
2026-08-15 10:05:23 |   >> Validation Loss: 2.4164
2026-08-15 10:05:23 |   --> Seen Generation @ step 3650:
Input: Translate to Vietnamese: Sorry, that question's not on here.
Output: Xin lỗi, câu hỏi đó không phải ở đây.
--------------------------------------------------
2026-08-15 10:05:23 | Saving checkpoint to ./checkpoints\step_3650...
2026-08-15 10:05:24 | Checkpoint saved successfully!

2026-08-15 10:05:24 | Deleted old checkpoint: ./checkpoints\step_3640
2026-08-15 10:05:31 | Step 3655/6000 | Loss: 2.4214 | LR: 4.315073e-04
2026-08-15 10:05:34 |   >> Validation Loss: 2.4157
2026-08-15 10:05:34 |   --> Seen Generation @ step 3655:
Input: Translate to Vietnamese: Sorry, that question's not on here.
Output: Xin lỗi, câu hỏi đó không phải ở đây.
--------------------------------------------------
2026-08-15 10:05:34 | Saving checkpoint to ./checkpoints\step_3655...
2026-08-15 10:05:34 | Checkpoint saved successfully!

2026-08-15 10:05:34 | Deleted old checkpoint: ./checkpoints\step_3645
2026-08-15 10:05:41 | Step 3660/6000 | Loss: 2.4115 | LR: 4.312617e-04
2026-08-15 10:05:44 |   >> Validation Loss: 2.4161
2026-08-15 10:05:44 |   --> Seen Generation @ step 3660:
Input: Translate to Vietnamese: Sorry, that question's not on here.
Output: Xin lỗi, câu hỏi đó không phải ở đây.
--------------------------------------------------
2026-08-15 10:05:44 | Saving checkpoint to ./checkpoints\step_3660...
2026-08-15 10:05:44 | Checkpoint saved successfully!

2026-08-15 10:05:44 | Deleted old checkpoint: ./checkpoints\step_3650
2026-08-15 10:05:51 | Step 3665/6000 | Loss: 2.4739 | LR: 4.310156e-04
2026-08-15 10:05:54 |   >> Validation Loss: 2.4154
2026-08-15 10:05:54 |   --> Seen Generation @ step 3665:
Input: Translate to Vietnamese: Sorry, that question's not on here.
Output: Xin lỗi, câu hỏi đó không phải ở đây.
--------------------------------------------------
2026-08-15 10:05:54 | Saving checkpoint to ./checkpoints\step_3665...
2026-08-15 10:05:55 | Checkpoint saved successfully!

2026-08-15 10:05:55 | Deleted old checkpoint: ./checkpoints\step_3655
2026-08-15 10:06:02 | Step 3670/6000 | Loss: 2.4659 | LR: 4.307692e-04
2026-08-15 10:06:05 |   >> Validation Loss: 2.4147
2026-08-15 10:06:05 |   --> Seen Generation @ step 3670:
Input: Translate to Vietnamese: Sorry, that question's not on here.
Output: Xin lỗi, câu hỏi đó không phải ở đây.
--------------------------------------------------
2026-08-15 10:06:05 | Saving checkpoint to ./checkpoints\step_3670...
2026-08-15 10:06:05 | Checkpoint saved successfully!

2026-08-15 10:06:05 | Deleted old checkpoint: ./checkpoints\step_3660
2026-08-15 10:06:12 | Step 3675/6000 | Loss: 2.4358 | LR: 4.305224e-04
2026-08-15 10:06:15 |   >> Validation Loss: 2.4120
2026-08-15 10:06:15 |   --> Seen Generation @ step 3675:
Input: Translate to Vietnamese: Sorry, that question's not on here.
Output: Xin lỗi, câu hỏi đó không phải ở đây.
--------------------------------------------------
2026-08-15 10:06:15 | Saving checkpoint to ./checkpoints\step_3675...
2026-08-15 10:06:15 | Checkpoint saved successfully!

2026-08-15 10:06:15 | Deleted old checkpoint: ./checkpoints\step_3665
2026-08-15 10:06:22 | Step 3680/6000 | Loss: 2.4080 | LR: 4.302752e-04
2026-08-15 10:06:25 |   >> Validation Loss: 2.4120
2026-08-15 10:06:26 |   --> Seen Generation @ step 3680:
Input: Translate to Vietnamese: Sorry, that question's not on here.
Output: Xin lỗi, câu hỏi đó không phải ở đây.
--------------------------------------------------
2026-08-15 10:06:26 | Saving checkpoint to ./checkpoints\step_3680...
2026-08-15 10:06:26 | Checkpoint saved successfully!

2026-08-15 10:06:26 | Deleted old checkpoint: ./checkpoints\step_3670
2026-08-15 10:06:33 | Step 3685/6000 | Loss: 2.4242 | LR: 4.300277e-04
2026-08-15 10:06:36 |   >> Validation Loss: 2.4138
2026-08-15 10:06:36 |   --> Seen Generation @ step 3685:
Input: Translate to Vietnamese: Sorry, that question's not on here.
Output: Xin lỗi, câu hỏi đó không phải ở đây.
--------------------------------------------------
2026-08-15 10:06:36 | Saving checkpoint to ./checkpoints\step_3685...
2026-08-15 10:06:36 | Checkpoint saved successfully!

2026-08-15 10:06:36 | Deleted old checkpoint: ./checkpoints\step_3675
2026-08-15 10:06:43 | Step 3690/6000 | Loss: 2.4544 | LR: 4.297798e-04
2026-08-15 10:06:46 |   >> Validation Loss: 2.4118
2026-08-15 10:06:46 |   --> Seen Generation @ step 3690:
Input: Translate to Vietnamese: Sorry, that question's not on here.
Output: Xin lỗi, câu hỏi đó không phải là ở đây.
--------------------------------------------------
2026-08-15 10:06:46 | Saving checkpoint to ./checkpoints\step_3690...
2026-08-15 10:06:46 | Checkpoint saved successfully!

2026-08-15 10:06:46 | Deleted old checkpoint: ./checkpoints\step_3680
2026-08-15 10:06:53 | Step 3695/6000 | Loss: 2.4493 | LR: 4.295316e-04
2026-08-15 10:06:57 |   >> Validation Loss: 2.4105
2026-08-15 10:06:57 |   --> Seen Generation @ step 3695:
Input: Translate to Vietnamese: Sorry, that question's not on here.
Output: Xin lỗi, câu hỏi đó không phải ở đây.
--------------------------------------------------
2026-08-15 10:06:57 | Saving checkpoint to ./checkpoints\step_3695...
2026-08-15 10:06:57 | Checkpoint saved successfully!

2026-08-15 10:06:57 | Deleted old checkpoint: ./checkpoints\step_3685
2026-08-15 10:07:04 | Step 3700/6000 | Loss: 2.3911 | LR: 4.292830e-04
2026-08-15 10:07:07 |   >> Validation Loss: 2.4144
2026-08-15 10:07:07 |   --> Seen Generation @ step 3700:
Input: Translate to Vietnamese: Sorry, that question's not on here.
Output: Xin lỗi, câu hỏi đó không phải ở đây.
--------------------------------------------------
2026-08-15 10:07:07 | Saving checkpoint to ./checkpoints\step_3700...
2026-08-15 10:07:07 | Checkpoint saved successfully!

2026-08-15 10:07:07 | Deleted old checkpoint: ./checkpoints\step_3690
2026-08-15 10:07:14 | Step 3705/6000 | Loss: 2.4418 | LR: 4.290340e-04
2026-08-15 10:07:17 |   >> Validation Loss: 2.4131
2026-08-15 10:07:17 |   --> Seen Generation @ step 3705:
Input: Translate to Vietnamese: Sorry, that question's not on here.
Output: Xin lỗi, câu hỏi đó không phải ở đây.
--------------------------------------------------
2026-08-15 10:07:17 | Saving checkpoint to ./checkpoints\step_3705...
2026-08-15 10:07:17 | Checkpoint saved successfully!

2026-08-15 10:07:17 | Deleted old checkpoint: ./checkpoints\step_3695
2026-08-15 10:07:24 | Step 3710/6000 | Loss: 2.4536 | LR: 4.287846e-04
2026-08-15 10:07:28 |   >> Validation Loss: 2.4116
2026-08-15 10:07:28 |   --> Seen Generation @ step 3710:
Input: Translate to Vietnamese: Sorry, that question's not on here.
Output: Xin lỗi, câu hỏi đó không phải ở đây.
--------------------------------------------------
2026-08-15 10:07:28 | Saving checkpoint to ./checkpoints\step_3710...
2026-08-15 10:07:28 | Checkpoint saved successfully!

2026-08-15 10:07:28 | Deleted old checkpoint: ./checkpoints\step_3700
2026-08-15 10:07:35 | Step 3715/6000 | Loss: 2.4319 | LR: 4.285349e-04
2026-08-15 10:07:38 |   >> Validation Loss: 2.4101
2026-08-15 10:07:38 |   --> Seen Generation @ step 3715:
Input: Translate to Vietnamese: Sorry, that question's not on here.
Output: Xin lỗi, câu hỏi đó không phải ở đây.
--------------------------------------------------
2026-08-15 10:07:38 | Saving checkpoint to ./checkpoints\step_3715...
2026-08-15 10:07:38 | Checkpoint saved successfully!

2026-08-15 10:07:38 | Deleted old checkpoint: ./checkpoints\step_3705
2026-08-15 10:07:45 | Step 3720/6000 | Loss: 2.4674 | LR: 4.282848e-04
2026-08-15 10:07:48 |   >> Validation Loss: 2.4097
2026-08-15 10:07:48 |   --> Seen Generation @ step 3720:
Input: Translate to Vietnamese: Sorry, that question's not on here.
Output: Xin lỗi, câu hỏi đó không phải ở đây.
--------------------------------------------------
2026-08-15 10:07:48 | Saving checkpoint to ./checkpoints\step_3720...
2026-08-15 10:07:49 | Checkpoint saved successfully!

2026-08-15 10:07:49 | Deleted old checkpoint: ./checkpoints\step_3710
2026-08-15 10:07:55 | Step 3725/6000 | Loss: 2.4484 | LR: 4.280344e-04
2026-08-15 10:07:59 |   >> Validation Loss: 2.4091
2026-08-15 10:07:59 |   --> Seen Generation @ step 3725:
Input: Translate to Vietnamese: Sorry, that question's not on here.
Output: Xin lỗi, câu hỏi đó không phải ở đây.
--------------------------------------------------
2026-08-15 10:07:59 | Saving checkpoint to ./checkpoints\step_3725...
2026-08-15 10:07:59 | Checkpoint saved successfully!

2026-08-15 10:07:59 | Deleted old checkpoint: ./checkpoints\step_3715
2026-08-15 10:08:06 | Step 3730/6000 | Loss: 2.3305 | LR: 4.277836e-04
2026-08-15 10:08:09 |   >> Validation Loss: 2.4091
2026-08-15 10:08:09 |   --> Seen Generation @ step 3730:
Input: Translate to Vietnamese: Sorry, that question's not on here.
Output: Xin lỗi, câu hỏi đó không phải ở đây.
--------------------------------------------------
2026-08-15 10:08:09 | Saving checkpoint to ./checkpoints\step_3730...
2026-08-15 10:08:09 | Checkpoint saved successfully!

2026-08-15 10:08:09 | Deleted old checkpoint: ./checkpoints\step_3720
2026-08-15 10:08:16 | Step 3735/6000 | Loss: 2.4251 | LR: 4.275324e-04
2026-08-15 10:08:19 |   >> Validation Loss: 2.4083
2026-08-15 10:08:20 |   --> Seen Generation @ step 3735:
Input: Translate to Vietnamese: Sorry, that question's not on here.
Output: Xin lỗi, câu hỏi đó không phải ở đây.
--------------------------------------------------
2026-08-15 10:08:20 | Saving checkpoint to ./checkpoints\step_3735...
2026-08-15 10:08:20 | Checkpoint saved successfully!

2026-08-15 10:08:20 | Deleted old checkpoint: ./checkpoints\step_3725
2026-08-15 10:08:27 | Step 3740/6000 | Loss: 2.4515 | LR: 4.272808e-04
2026-08-15 10:08:30 |   >> Validation Loss: 2.4093
2026-08-15 10:08:30 |   --> Seen Generation @ step 3740:
Input: Translate to Vietnamese: Sorry, that question's not on here.
Output: Xin lỗi, câu hỏi đó không phải ở đây.
--------------------------------------------------
2026-08-15 10:08:30 | Saving checkpoint to ./checkpoints\step_3740...
2026-08-15 10:08:30 | Checkpoint saved successfully!

2026-08-15 10:08:30 | Deleted old checkpoint: ./checkpoints\step_3730
2026-08-15 10:08:37 | Step 3745/6000 | Loss: 2.4290 | LR: 4.270290e-04
2026-08-15 10:08:40 |   >> Validation Loss: 2.4074
2026-08-15 10:08:40 |   --> Seen Generation @ step 3745:
Input: Translate to Vietnamese: Sorry, that question's not on here.
Output: Xin lỗi, câu hỏi đó không phải ở đây.
--------------------------------------------------
2026-08-15 10:08:40 | Saving checkpoint to ./checkpoints\step_3745...
2026-08-15 10:08:40 | Checkpoint saved successfully!

2026-08-15 10:08:40 | Deleted old checkpoint: ./checkpoints\step_3735
2026-08-15 10:08:47 | Step 3750/6000 | Loss: 2.3528 | LR: 4.267767e-04
2026-08-15 10:08:51 |   >> Validation Loss: 2.4066
2026-08-15 10:08:51 |   --> Seen Generation @ step 3750:
Input: Translate to Vietnamese: Sorry, that question's not on here.
Output: Xin lỗi, câu hỏi đó không phải ở đây.
--------------------------------------------------
2026-08-15 10:08:51 | Saving checkpoint to ./checkpoints\step_3750...
2026-08-15 10:08:51 | Checkpoint saved successfully!

2026-08-15 10:08:51 | Deleted old checkpoint: ./checkpoints\step_3740
2026-08-15 10:08:58 | Step 3755/6000 | Loss: 2.4384 | LR: 4.265241e-04
2026-08-15 10:09:01 |   >> Validation Loss: 2.4065
2026-08-15 10:09:01 |   --> Seen Generation @ step 3755:
Input: Translate to Vietnamese: Sorry, that question's not on here.
Output: Xin lỗi, câu hỏi đó không phải ở đây.
--------------------------------------------------
2026-08-15 10:09:01 | Saving checkpoint to ./checkpoints\step_3755...
2026-08-15 10:09:01 | Checkpoint saved successfully!

2026-08-15 10:09:01 | Deleted old checkpoint: ./checkpoints\step_3745
2026-08-15 10:09:08 | Step 3760/6000 | Loss: 2.4482 | LR: 4.262711e-04
2026-08-15 10:09:11 |   >> Validation Loss: 2.4057
2026-08-15 10:09:11 |   --> Seen Generation @ step 3760:
Input: Translate to Vietnamese: Sorry, that question's not on here.
Output: Xin lỗi, câu hỏi đó không phải ở đây.
--------------------------------------------------
2026-08-15 10:09:11 | Saving checkpoint to ./checkpoints\step_3760...
2026-08-15 10:09:11 | Checkpoint saved successfully!

2026-08-15 10:09:11 | Deleted old checkpoint: ./checkpoints\step_3750
2026-08-15 10:09:18 | Step 3765/6000 | Loss: 2.4469 | LR: 4.260178e-04
2026-08-15 10:09:22 |   >> Validation Loss: 2.4066
2026-08-15 10:09:22 |   --> Seen Generation @ step 3765:
Input: Translate to Vietnamese: Sorry, that question's not on here.
Output: Xin lỗi, câu hỏi đó không phải ở đây.
--------------------------------------------------
2026-08-15 10:09:22 | Saving checkpoint to ./checkpoints\step_3765...
2026-08-15 10:09:22 | Checkpoint saved successfully!

2026-08-15 10:09:22 | Deleted old checkpoint: ./checkpoints\step_3755
2026-08-15 10:09:29 | Step 3770/6000 | Loss: 2.4456 | LR: 4.257641e-04
2026-08-15 10:09:32 |   >> Validation Loss: 2.4040
2026-08-15 10:09:32 |   --> Seen Generation @ step 3770:
Input: Translate to Vietnamese: Sorry, that question's not on here.
Output: Xin lỗi, câu hỏi đó không phải ở đây.
--------------------------------------------------
2026-08-15 10:09:32 | Saving checkpoint to ./checkpoints\step_3770...
2026-08-15 10:09:32 | Checkpoint saved successfully!

2026-08-15 10:09:32 | Deleted old checkpoint: ./checkpoints\step_3760
2026-08-15 10:09:39 | Step 3775/6000 | Loss: 2.4391 | LR: 4.255100e-04
2026-08-15 10:09:42 |   >> Validation Loss: 2.4108
2026-08-15 10:09:42 |   --> Seen Generation @ step 3775:
Input: Translate to Vietnamese: Sorry, that question's not on here.
Output: Xin lỗi, câu hỏi đó không phải ở đây.
--------------------------------------------------
2026-08-15 10:09:42 | Saving checkpoint to ./checkpoints\step_3775...
2026-08-15 10:09:42 | Checkpoint saved successfully!

2026-08-15 10:09:42 | Deleted old checkpoint: ./checkpoints\step_3765
2026-08-15 10:09:49 | Step 3780/6000 | Loss: 2.4613 | LR: 4.252556e-04
2026-08-15 10:09:53 |   >> Validation Loss: 2.4068
2026-08-15 10:09:53 |   --> Seen Generation @ step 3780:
Input: Translate to Vietnamese: Sorry, that question's not on here.
Output: Xin lỗi, câu hỏi đó không phải ở đây.
--------------------------------------------------
2026-08-15 10:09:53 | Saving checkpoint to ./checkpoints\step_3780...
2026-08-15 10:09:53 | Checkpoint saved successfully!

2026-08-15 10:09:53 | Deleted old checkpoint: ./checkpoints\step_3770
2026-08-15 10:10:00 | Step 3785/6000 | Loss: 2.3611 | LR: 4.250008e-04
2026-08-15 10:10:03 |   >> Validation Loss: 2.4092
2026-08-15 10:10:03 |   --> Seen Generation @ step 3785:
Input: Translate to Vietnamese: Sorry, that question's not on here.
Output: Xin lỗi, câu hỏi đó không phải ở đây.
--------------------------------------------------
2026-08-15 10:10:03 | Saving checkpoint to ./checkpoints\step_3785...
2026-08-15 10:10:03 | Checkpoint saved successfully!

2026-08-15 10:10:03 | Deleted old checkpoint: ./checkpoints\step_3775
2026-08-15 10:10:10 | Step 3790/6000 | Loss: 2.3597 | LR: 4.247457e-04
2026-08-15 10:10:13 |   >> Validation Loss: 2.4054
2026-08-15 10:10:13 |   --> Seen Generation @ step 3790:
Input: Translate to Vietnamese: Sorry, that question's not on here.
Output: Xin lỗi, câu hỏi đó không phải ở đây.
--------------------------------------------------
2026-08-15 10:10:13 | Saving checkpoint to ./checkpoints\step_3790...
2026-08-15 10:10:13 | Checkpoint saved successfully!

2026-08-15 10:10:14 | Deleted old checkpoint: ./checkpoints\step_3780
2026-08-15 10:10:21 | Step 3795/6000 | Loss: 2.4479 | LR: 4.244902e-04
2026-08-15 10:10:24 |   >> Validation Loss: 2.4028
2026-08-15 10:10:24 |   --> Seen Generation @ step 3795:
Input: Translate to Vietnamese: Sorry, that question's not on here.
Output: Xin lỗi, câu hỏi đó không có ở đây.
--------------------------------------------------
2026-08-15 10:10:24 | Saving checkpoint to ./checkpoints\step_3795...
2026-08-15 10:10:24 | Checkpoint saved successfully!

2026-08-15 10:10:24 | Deleted old checkpoint: ./checkpoints\step_3785
2026-08-15 10:10:31 | Step 3800/6000 | Loss: 2.4441 | LR: 4.242344e-04
2026-08-15 10:10:34 |   >> Validation Loss: 2.4045
2026-08-15 10:10:34 |   --> Seen Generation @ step 3800:
Input: Translate to Vietnamese: Sorry, that question's not on here.
Output: Xin lỗi, câu hỏi đó không phải ở đây.
--------------------------------------------------
2026-08-15 10:10:34 | Saving checkpoint to ./checkpoints\step_3800...
2026-08-15 10:10:34 | Checkpoint saved successfully!

2026-08-15 10:10:34 | Deleted old checkpoint: ./checkpoints\step_3790
2026-08-15 10:10:41 | Step 3805/6000 | Loss: 2.4184 | LR: 4.239782e-04
2026-08-15 10:10:44 |   >> Validation Loss: 2.4036
2026-08-15 10:10:44 |   --> Seen Generation @ step 3805:
Input: Translate to Vietnamese: Sorry, that question's not on here.
Output: Xin lỗi, câu hỏi đó không phải ở đây.
--------------------------------------------------
2026-08-15 10:10:44 | Saving checkpoint to ./checkpoints\step_3805...
2026-08-15 10:10:45 | Checkpoint saved successfully!

2026-08-15 10:10:45 | Deleted old checkpoint: ./checkpoints\step_3795
2026-08-15 10:10:52 | Step 3810/6000 | Loss: 2.4489 | LR: 4.237217e-04
2026-08-15 10:10:55 |   >> Validation Loss: 2.4028
2026-08-15 10:10:55 |   --> Seen Generation @ step 3810:
Input: Translate to Vietnamese: Sorry, that question's not on here.
Output: Xin lỗi, câu hỏi đó không phải ở đây.
--------------------------------------------------
2026-08-15 10:10:55 | Saving checkpoint to ./checkpoints\step_3810...
2026-08-15 10:10:55 | Checkpoint saved successfully!

2026-08-15 10:10:55 | Deleted old checkpoint: ./checkpoints\step_3800
2026-08-15 10:11:02 | Step 3815/6000 | Loss: 2.4843 | LR: 4.234647e-04
2026-08-15 10:11:05 |   >> Validation Loss: 2.4011
2026-08-15 10:11:05 |   --> Seen Generation @ step 3815:
Input: Translate to Vietnamese: Sorry, that question's not on here.
Output: Xin lỗi, câu hỏi đó không phải ở đây.
--------------------------------------------------
2026-08-15 10:11:05 | Saving checkpoint to ./checkpoints\step_3815...
2026-08-15 10:11:05 | Checkpoint saved successfully!

2026-08-15 10:11:05 | Deleted old checkpoint: ./checkpoints\step_3805
2026-08-15 10:11:12 | Step 3820/6000 | Loss: 2.4179 | LR: 4.232075e-04
2026-08-15 10:11:15 |   >> Validation Loss: 2.3999
2026-08-15 10:11:16 |   --> Seen Generation @ step 3820:
Input: Translate to Vietnamese: Sorry, that question's not on here.
Output: Xin lỗi, câu hỏi đó không phải ở đây.
--------------------------------------------------
2026-08-15 10:11:16 | Saving checkpoint to ./checkpoints\step_3820...
2026-08-15 10:11:16 | Checkpoint saved successfully!

2026-08-15 10:11:16 | Deleted old checkpoint: ./checkpoints\step_3810
2026-08-15 10:11:23 | Step 3825/6000 | Loss: 2.3955 | LR: 4.229499e-04
2026-08-15 10:11:26 |   >> Validation Loss: 2.3993
2026-08-15 10:11:26 |   --> Seen Generation @ step 3825:
Input: Translate to Vietnamese: Sorry, that question's not on here.
Output: Xin lỗi, câu hỏi đó không phải ở đây.
--------------------------------------------------
2026-08-15 10:11:26 | Saving checkpoint to ./checkpoints\step_3825...
2026-08-15 10:11:26 | Checkpoint saved successfully!

2026-08-15 10:11:26 | Deleted old checkpoint: ./checkpoints\step_3815
2026-08-15 10:11:33 | Step 3830/6000 | Loss: 2.4205 | LR: 4.226919e-04
2026-08-15 10:11:36 |   >> Validation Loss: 2.3997
2026-08-15 10:11:36 |   --> Seen Generation @ step 3830:
Input: Translate to Vietnamese: Sorry, that question's not on here.
Output: Xin lỗi, câu hỏi đó không phải ở đây.
--------------------------------------------------
2026-08-15 10:11:36 | Saving checkpoint to ./checkpoints\step_3830...
2026-08-15 10:11:36 | Checkpoint saved successfully!

2026-08-15 10:11:36 | Deleted old checkpoint: ./checkpoints\step_3820
2026-08-15 10:11:43 | Step 3835/6000 | Loss: 2.3761 | LR: 4.224336e-04
2026-08-15 10:11:46 |   >> Validation Loss: 2.3995
2026-08-15 10:11:47 |   --> Seen Generation @ step 3835:
Input: Translate to Vietnamese: Sorry, that question's not on here.
Output: Xin lỗi, câu hỏi đó không phải ở đây.
--------------------------------------------------
2026-08-15 10:11:47 | Saving checkpoint to ./checkpoints\step_3835...
2026-08-15 10:11:47 | Checkpoint saved successfully!

2026-08-15 10:11:47 | Deleted old checkpoint: ./checkpoints\step_3825
2026-08-15 10:11:54 | Step 3840/6000 | Loss: 2.3550 | LR: 4.221749e-04
2026-08-15 10:11:57 |   >> Validation Loss: 2.3979
2026-08-15 10:11:57 |   --> Seen Generation @ step 3840:
Input: Translate to Vietnamese: Sorry, that question's not on here.
Output: Xin lỗi, câu hỏi đó không phải ở đây.
--------------------------------------------------
2026-08-15 10:11:57 | Saving checkpoint to ./checkpoints\step_3840...
2026-08-15 10:11:57 | Checkpoint saved successfully!

2026-08-15 10:11:57 | Deleted old checkpoint: ./checkpoints\step_3830
2026-08-15 10:12:04 | Step 3845/6000 | Loss: 2.3709 | LR: 4.219159e-04
2026-08-15 10:12:07 |   >> Validation Loss: 2.3987
2026-08-15 10:12:07 |   --> Seen Generation @ step 3845:
Input: Translate to Vietnamese: Sorry, that question's not on here.
Output: Xin lỗi, câu hỏi đó không phải ở đây.
--------------------------------------------------
2026-08-15 10:12:07 | Saving checkpoint to ./checkpoints\step_3845...
2026-08-15 10:12:07 | Checkpoint saved successfully!

2026-08-15 10:12:07 | Deleted old checkpoint: ./checkpoints\step_3835
2026-08-15 10:12:14 | Step 3850/6000 | Loss: 2.4509 | LR: 4.216566e-04
2026-08-15 10:12:18 |   >> Validation Loss: 2.3946
2026-08-15 10:12:18 |   --> Seen Generation @ step 3850:
Input: Translate to Vietnamese: Sorry, that question's not on here.
Output: Xin lỗi, câu hỏi đó không phải ở đây.
--------------------------------------------------
2026-08-15 10:12:18 | Saving checkpoint to ./checkpoints\step_3850...
2026-08-15 10:12:18 | Checkpoint saved successfully!

2026-08-15 10:12:18 | Deleted old checkpoint: ./checkpoints\step_3840
2026-08-15 10:12:25 | Step 3855/6000 | Loss: 2.4347 | LR: 4.213968e-04
2026-08-15 10:12:28 |   >> Validation Loss: 2.3965
2026-08-15 10:12:28 |   --> Seen Generation @ step 3855:
Input: Translate to Vietnamese: Sorry, that question's not on here.
Output: Xin lỗi, câu hỏi đó không phải ở đây.
--------------------------------------------------
2026-08-15 10:12:28 | Saving checkpoint to ./checkpoints\step_3855...
2026-08-15 10:12:28 | Checkpoint saved successfully!

2026-08-15 10:12:28 | Deleted old checkpoint: ./checkpoints\step_3845
2026-08-15 10:12:35 | Step 3860/6000 | Loss: 2.4016 | LR: 4.211368e-04
2026-08-15 10:12:38 |   >> Validation Loss: 2.3955
2026-08-15 10:12:38 |   --> Seen Generation @ step 3860:
Input: Translate to Vietnamese: Sorry, that question's not on here.
Output: Xin lỗi, câu hỏi đó không phải ở đây.
--------------------------------------------------
2026-08-15 10:12:38 | Saving checkpoint to ./checkpoints\step_3860...
2026-08-15 10:12:38 | Checkpoint saved successfully!

2026-08-15 10:12:38 | Deleted old checkpoint: ./checkpoints\step_3850
2026-08-15 10:12:46 | Step 3865/6000 | Loss: 2.4099 | LR: 4.208764e-04
2026-08-15 10:12:49 |   >> Validation Loss: 2.3955
2026-08-15 10:12:49 |   --> Seen Generation @ step 3865:
Input: Translate to Vietnamese: Sorry, that question's not on here.
Output: Xin lỗi, câu hỏi đó không phải ở đây.
--------------------------------------------------
2026-08-15 10:12:49 | Saving checkpoint to ./checkpoints\step_3865...
2026-08-15 10:12:49 | Checkpoint saved successfully!

2026-08-15 10:12:49 | Deleted old checkpoint: ./checkpoints\step_3855
2026-08-15 10:12:56 | Step 3870/6000 | Loss: 2.4681 | LR: 4.206156e-04
2026-08-15 10:12:59 |   >> Validation Loss: 2.3958
2026-08-15 10:12:59 |   --> Seen Generation @ step 3870:
Input: Translate to Vietnamese: Sorry, that question's not on here.
Output: Xin lỗi, câu hỏi đó không phải ở đây.
--------------------------------------------------
2026-08-15 10:12:59 | Saving checkpoint to ./checkpoints\step_3870...
2026-08-15 10:12:59 | Checkpoint saved successfully!

2026-08-15 10:12:59 | Deleted old checkpoint: ./checkpoints\step_3860
2026-08-15 10:13:06 | Step 3875/6000 | Loss: 2.4234 | LR: 4.203545e-04
2026-08-15 10:13:09 |   >> Validation Loss: 2.3951
2026-08-15 10:13:09 |   --> Seen Generation @ step 3875:
Input: Translate to Vietnamese: Sorry, that question's not on here.
Output: Xin lỗi, câu hỏi đó không phải ở đây.
--------------------------------------------------
2026-08-15 10:13:09 | Saving checkpoint to ./checkpoints\step_3875...
2026-08-15 10:13:10 | Checkpoint saved successfully!

2026-08-15 10:13:10 | Deleted old checkpoint: ./checkpoints\step_3865
2026-08-15 10:13:17 | Step 3880/6000 | Loss: 2.4672 | LR: 4.200930e-04
2026-08-15 10:13:20 |   >> Validation Loss: 2.3949
2026-08-15 10:13:20 |   --> Seen Generation @ step 3880:
Input: Translate to Vietnamese: Sorry, that question's not on here.
Output: Xin lỗi, câu hỏi đó không phải ở đây.
--------------------------------------------------
2026-08-15 10:13:20 | Saving checkpoint to ./checkpoints\step_3880...
2026-08-15 10:13:20 | Checkpoint saved successfully!

2026-08-15 10:13:20 | Deleted old checkpoint: ./checkpoints\step_3870
2026-08-15 10:13:27 | Step 3885/6000 | Loss: 2.4354 | LR: 4.198312e-04
2026-08-15 10:13:30 |   >> Validation Loss: 2.3945
2026-08-15 10:13:30 |   --> Seen Generation @ step 3885:
Input: Translate to Vietnamese: Sorry, that question's not on here.
Output: Xin lỗi, câu hỏi đó không ở đây.
--------------------------------------------------
2026-08-15 10:13:30 | Saving checkpoint to ./checkpoints\step_3885...
2026-08-15 10:13:30 | Checkpoint saved successfully!

2026-08-15 10:13:30 | Deleted old checkpoint: ./checkpoints\step_3875
2026-08-15 10:13:37 | Step 3890/6000 | Loss: 2.4470 | LR: 4.195691e-04
2026-08-15 10:13:40 |   >> Validation Loss: 2.3942
2026-08-15 10:13:41 |   --> Seen Generation @ step 3890:
Input: Translate to Vietnamese: Sorry, that question's not on here.
Output: Xin lỗi, câu hỏi đó không ở đây.
--------------------------------------------------
2026-08-15 10:13:41 | Saving checkpoint to ./checkpoints\step_3890...
2026-08-15 10:13:41 | Checkpoint saved successfully!

2026-08-15 10:13:41 | Deleted old checkpoint: ./checkpoints\step_3880
2026-08-15 10:13:48 | Step 3895/6000 | Loss: 2.3831 | LR: 4.193066e-04
2026-08-15 10:13:51 |   >> Validation Loss: 2.3934
2026-08-15 10:13:51 |   --> Seen Generation @ step 3895:
Input: Translate to Vietnamese: Sorry, that question's not on here.
Output: Xin lỗi, câu hỏi đó không phải ở đây.
--------------------------------------------------
2026-08-15 10:13:51 | Saving checkpoint to ./checkpoints\step_3895...
2026-08-15 10:13:51 | Checkpoint saved successfully!

2026-08-15 10:13:51 | Deleted old checkpoint: ./checkpoints\step_3885
2026-08-15 10:13:58 | Step 3900/6000 | Loss: 2.3960 | LR: 4.190437e-04
2026-08-15 10:14:01 |   >> Validation Loss: 2.3917
2026-08-15 10:14:01 |   --> Seen Generation @ step 3900:
Input: Translate to Vietnamese: Sorry, that question's not on here.
Output: Xin lỗi, câu hỏi đó không phải ở đây.
--------------------------------------------------
2026-08-15 10:14:01 | Saving checkpoint to ./checkpoints\step_3900...
2026-08-15 10:14:01 | Checkpoint saved successfully!

2026-08-15 10:14:01 | Deleted old checkpoint: ./checkpoints\step_3890
2026-08-15 10:14:08 | Step 3905/6000 | Loss: 2.4023 | LR: 4.187805e-04
2026-08-15 10:14:11 |   >> Validation Loss: 2.3932
2026-08-15 10:14:11 |   --> Seen Generation @ step 3905:
Input: Translate to Vietnamese: Sorry, that question's not on here.
Output: Xin lỗi, câu hỏi đó không phải ở đây.
--------------------------------------------------
2026-08-15 10:14:11 | Saving checkpoint to ./checkpoints\step_3905...
2026-08-15 10:14:12 | Checkpoint saved successfully!

2026-08-15 10:14:12 | Deleted old checkpoint: ./checkpoints\step_3895
2026-08-15 10:14:19 | Step 3910/6000 | Loss: 2.3509 | LR: 4.185170e-04
2026-08-15 10:14:22 |   >> Validation Loss: 2.3923
2026-08-15 10:14:22 |   --> Seen Generation @ step 3910:
Input: Translate to Vietnamese: Sorry, that question's not on here.
Output: Xin lỗi, câu hỏi đó không phải ở đây.
--------------------------------------------------
2026-08-15 10:14:22 | Saving checkpoint to ./checkpoints\step_3910...
2026-08-15 10:14:22 | Checkpoint saved successfully!

2026-08-15 10:14:22 | Deleted old checkpoint: ./checkpoints\step_3900
2026-08-15 10:14:29 | Step 3915/6000 | Loss: 2.3868 | LR: 4.182531e-04
2026-08-15 10:14:32 |   >> Validation Loss: 2.3919
2026-08-15 10:14:32 |   --> Seen Generation @ step 3915:
Input: Translate to Vietnamese: Sorry, that question's not on here.
Output: Xin lỗi, câu hỏi đó không phải ở đây.
--------------------------------------------------
2026-08-15 10:14:32 | Saving checkpoint to ./checkpoints\step_3915...
2026-08-15 10:14:32 | Checkpoint saved successfully!

2026-08-15 10:14:32 | Deleted old checkpoint: ./checkpoints\step_3905
2026-08-15 10:14:39 | Step 3920/6000 | Loss: 2.3631 | LR: 4.179889e-04
2026-08-15 10:14:43 |   >> Validation Loss: 2.3929
2026-08-15 10:14:43 |   --> Seen Generation @ step 3920:
Input: Translate to Vietnamese: Sorry, that question's not on here.
Output: Xin lỗi, câu hỏi đó không phải ở đây.
--------------------------------------------------
2026-08-15 10:14:43 | Saving checkpoint to ./checkpoints\step_3920...
2026-08-15 10:14:43 | Checkpoint saved successfully!

2026-08-15 10:14:43 | Deleted old checkpoint: ./checkpoints\step_3910
2026-08-15 10:14:50 | Step 3925/6000 | Loss: 2.4185 | LR: 4.177243e-04
2026-08-15 10:14:53 |   >> Validation Loss: 2.3938
2026-08-15 10:14:53 |   --> Seen Generation @ step 3925:
Input: Translate to Vietnamese: Sorry, that question's not on here.
Output: Xin lỗi, câu hỏi đó không phải ở đây.
--------------------------------------------------
2026-08-15 10:14:53 | Saving checkpoint to ./checkpoints\step_3925...
2026-08-15 10:14:53 | Checkpoint saved successfully!

2026-08-15 10:14:53 | Deleted old checkpoint: ./checkpoints\step_3915
2026-08-15 10:15:00 | Step 3930/6000 | Loss: 2.3819 | LR: 4.174594e-04
2026-08-15 10:15:03 |   >> Validation Loss: 2.3929
2026-08-15 10:15:03 |   --> Seen Generation @ step 3930:
Input: Translate to Vietnamese: Sorry, that question's not on here.
Output: Xin lỗi, câu hỏi đó không phải ở đây.
--------------------------------------------------
2026-08-15 10:15:03 | Saving checkpoint to ./checkpoints\step_3930...
2026-08-15 10:15:03 | Checkpoint saved successfully!

2026-08-15 10:15:03 | Deleted old checkpoint: ./checkpoints\step_3920
2026-08-15 10:15:10 | Step 3935/6000 | Loss: 2.4585 | LR: 4.171942e-04
2026-08-15 10:15:14 |   >> Validation Loss: 2.3935
2026-08-15 10:15:14 |   --> Seen Generation @ step 3935:
Input: Translate to Vietnamese: Sorry, that question's not on here.
Output: Xin lỗi, câu hỏi đó không phải ở đây.
--------------------------------------------------
2026-08-15 10:15:14 | Saving checkpoint to ./checkpoints\step_3935...
2026-08-15 10:15:14 | Checkpoint saved successfully!

2026-08-15 10:15:14 | Deleted old checkpoint: ./checkpoints\step_3925
2026-08-15 10:15:21 | Step 3940/6000 | Loss: 2.4393 | LR: 4.169286e-04
2026-08-15 10:15:24 |   >> Validation Loss: 2.3911
2026-08-15 10:15:24 |   --> Seen Generation @ step 3940:
Input: Translate to Vietnamese: Sorry, that question's not on here.
Output: Xin lỗi, câu hỏi đó không phải ở đây.
--------------------------------------------------
2026-08-15 10:15:24 | Saving checkpoint to ./checkpoints\step_3940...
2026-08-15 10:15:24 | Checkpoint saved successfully!

2026-08-15 10:15:24 | Deleted old checkpoint: ./checkpoints\step_3930
2026-08-15 10:15:31 | Step 3945/6000 | Loss: 2.4352 | LR: 4.166627e-04
2026-08-15 10:15:34 |   >> Validation Loss: 2.3883
2026-08-15 10:15:34 |   --> Seen Generation @ step 3945:
Input: Translate to Vietnamese: Sorry, that question's not on here.
Output: Xin lỗi, câu hỏi đó không phải ở đây.
--------------------------------------------------
2026-08-15 10:15:34 | Saving checkpoint to ./checkpoints\step_3945...
2026-08-15 10:15:35 | Checkpoint saved successfully!

2026-08-15 10:15:35 | Deleted old checkpoint: ./checkpoints\step_3935
2026-08-15 10:15:42 | Step 3950/6000 | Loss: 2.4522 | LR: 4.163964e-04
2026-08-15 10:15:45 |   >> Validation Loss: 2.3870
2026-08-15 10:15:45 |   --> Seen Generation @ step 3950:
Input: Translate to Vietnamese: Sorry, that question's not on here.
Output: Xin lỗi, câu hỏi đó không phải ở đây.
--------------------------------------------------
2026-08-15 10:15:45 | Saving checkpoint to ./checkpoints\step_3950...
2026-08-15 10:15:45 | Checkpoint saved successfully!

2026-08-15 10:15:45 | Deleted old checkpoint: ./checkpoints\step_3940
2026-08-15 10:15:52 | Step 3955/6000 | Loss: 2.4381 | LR: 4.161298e-04
2026-08-15 10:15:55 |   >> Validation Loss: 2.3877
2026-08-15 10:15:55 |   --> Seen Generation @ step 3955:
Input: Translate to Vietnamese: Sorry, that question's not on here.
Output: Xin lỗi, câu hỏi đó không phải ở đây.
--------------------------------------------------
2026-08-15 10:15:55 | Saving checkpoint to ./checkpoints\step_3955...
2026-08-15 10:15:55 | Checkpoint saved successfully!

2026-08-15 10:15:55 | Deleted old checkpoint: ./checkpoints\step_3945
2026-08-15 10:16:02 | Step 3960/6000 | Loss: 2.3873 | LR: 4.158629e-04
2026-08-15 10:16:06 |   >> Validation Loss: 2.3861
2026-08-15 10:16:06 |   --> Seen Generation @ step 3960:
Input: Translate to Vietnamese: Sorry, that question's not on here.
Output: Xin lỗi, câu hỏi đó không phải ở đây.
--------------------------------------------------
2026-08-15 10:16:06 | Saving checkpoint to ./checkpoints\step_3960...
2026-08-15 10:16:06 | Checkpoint saved successfully!

2026-08-15 10:16:06 | Deleted old checkpoint: ./checkpoints\step_3950
2026-08-15 10:16:13 | Step 3965/6000 | Loss: 2.4380 | LR: 4.155956e-04
2026-08-15 10:16:16 |   >> Validation Loss: 2.3859
2026-08-15 10:16:16 |   --> Seen Generation @ step 3965:
Input: Translate to Vietnamese: Sorry, that question's not on here.
Output: Xin lỗi, câu hỏi đó không phải ở đây.
--------------------------------------------------
2026-08-15 10:16:16 | Saving checkpoint to ./checkpoints\step_3965...
2026-08-15 10:16:16 | Checkpoint saved successfully!

2026-08-15 10:16:16 | Deleted old checkpoint: ./checkpoints\step_3955
2026-08-15 10:16:23 | Step 3970/6000 | Loss: 2.4253 | LR: 4.153280e-04
2026-08-15 10:16:26 |   >> Validation Loss: 2.3851
2026-08-15 10:16:26 |   --> Seen Generation @ step 3970:
Input: Translate to Vietnamese: Sorry, that question's not on here.
Output: Xin lỗi, câu hỏi đó không phải ở đây.
--------------------------------------------------
2026-08-15 10:16:26 | Saving checkpoint to ./checkpoints\step_3970...
2026-08-15 10:16:26 | Checkpoint saved successfully!

2026-08-15 10:16:26 | Deleted old checkpoint: ./checkpoints\step_3960
2026-08-15 10:16:33 | Step 3975/6000 | Loss: 2.4806 | LR: 4.150600e-04
2026-08-15 10:16:37 |   >> Validation Loss: 2.3859
2026-08-15 10:16:37 |   --> Seen Generation @ step 3975:
Input: Translate to Vietnamese: Sorry, that question's not on here.
Output: Xin lỗi, câu hỏi đó không phải ở đây.
--------------------------------------------------
2026-08-15 10:16:37 | Saving checkpoint to ./checkpoints\step_3975...
2026-08-15 10:16:37 | Checkpoint saved successfully!

2026-08-15 10:16:37 | Deleted old checkpoint: ./checkpoints\step_3965
2026-08-15 10:16:44 | Step 3980/6000 | Loss: 2.4445 | LR: 4.147917e-04
2026-08-15 10:16:47 |   >> Validation Loss: 2.3857
2026-08-15 10:16:47 |   --> Seen Generation @ step 3980:
Input: Translate to Vietnamese: Sorry, that question's not on here.
Output: Xin lỗi, câu hỏi đó không phải ở đây.
--------------------------------------------------
2026-08-15 10:16:47 | Saving checkpoint to ./checkpoints\step_3980...
2026-08-15 10:16:47 | Checkpoint saved successfully!

2026-08-15 10:16:47 | Deleted old checkpoint: ./checkpoints\step_3970
2026-08-15 10:16:54 | Step 3985/6000 | Loss: 2.3892 | LR: 4.145231e-04
2026-08-15 10:16:57 |   >> Validation Loss: 2.3850
2026-08-15 10:16:57 |   --> Seen Generation @ step 3985:
Input: Translate to Vietnamese: Sorry, that question's not on here.
Output: Xin lỗi, câu hỏi đó không phải ở đây.
--------------------------------------------------
2026-08-15 10:16:57 | Saving checkpoint to ./checkpoints\step_3985...
2026-08-15 10:16:57 | Checkpoint saved successfully!

2026-08-15 10:16:57 | Deleted old checkpoint: ./checkpoints\step_3975
2026-08-15 10:17:04 | Step 3990/6000 | Loss: 2.3572 | LR: 4.142541e-04
2026-08-15 10:17:08 |   >> Validation Loss: 2.3856
2026-08-15 10:17:08 |   --> Seen Generation @ step 3990:
Input: Translate to Vietnamese: Sorry, that question's not on here.
Output: Xin lỗi, câu hỏi đó không phải ở đây.
--------------------------------------------------
2026-08-15 10:17:08 | Saving checkpoint to ./checkpoints\step_3990...
2026-08-15 10:17:08 | Checkpoint saved successfully!

2026-08-15 10:17:08 | Deleted old checkpoint: ./checkpoints\step_3980
2026-08-15 10:17:15 | Step 3995/6000 | Loss: 2.4587 | LR: 4.139848e-04
2026-08-15 10:17:18 |   >> Validation Loss: 2.3862
2026-08-15 10:17:18 |   --> Seen Generation @ step 3995:
Input: Translate to Vietnamese: Sorry, that question's not on here.
Output: Xin lỗi, câu hỏi đó không phải ở đây.
--------------------------------------------------
2026-08-15 10:17:18 | Saving checkpoint to ./checkpoints\step_3995...
2026-08-15 10:17:18 | Checkpoint saved successfully!

2026-08-15 10:17:18 | Deleted old checkpoint: ./checkpoints\step_3985
2026-08-15 10:17:25 | Step 4000/6000 | Loss: 2.4527 | LR: 4.137152e-04
2026-08-15 10:17:28 |   >> Validation Loss: 2.3853
2026-08-15 10:17:28 |   --> Seen Generation @ step 4000:
Input: Translate to Vietnamese: Sorry, that question's not on here.
Output: Xin lỗi, câu hỏi đó không ở đây.
--------------------------------------------------
2026-08-15 10:17:28 | Saving checkpoint to ./checkpoints\step_4000...
2026-08-15 10:17:28 | Checkpoint saved successfully!

2026-08-15 10:17:28 | Deleted old checkpoint: ./checkpoints\step_3990
2026-08-15 10:17:36 | Step 4005/6000 | Loss: 2.3584 | LR: 4.134452e-04
2026-08-15 10:17:39 |   >> Validation Loss: 2.3857
2026-08-15 10:17:39 |   --> Seen Generation @ step 4005:
Input: Translate to Vietnamese: Sorry, that question's not on here.
Output: Xin lỗi, câu hỏi đó không ở đây.
--------------------------------------------------
2026-08-15 10:17:39 | Saving checkpoint to ./checkpoints\step_4005...
2026-08-15 10:17:39 | Checkpoint saved successfully!

2026-08-15 10:17:39 | Deleted old checkpoint: ./checkpoints\step_3995
2026-08-15 10:17:46 | Step 4010/6000 | Loss: 2.3861 | LR: 4.131749e-04
2026-08-15 10:17:49 |   >> Validation Loss: 2.3853
2026-08-15 10:17:49 |   --> Seen Generation @ step 4010:
Input: Translate to Vietnamese: Sorry, that question's not on here.
Output: Xin lỗi, câu hỏi đó không ở đây.
--------------------------------------------------
2026-08-15 10:17:49 | Saving checkpoint to ./checkpoints\step_4010...
2026-08-15 10:17:49 | Checkpoint saved successfully!

2026-08-15 10:17:49 | Deleted old checkpoint: ./checkpoints\step_4000
2026-08-15 10:17:56 | Step 4015/6000 | Loss: 2.4207 | LR: 4.129043e-04
2026-08-15 10:17:59 |   >> Validation Loss: 2.3822
2026-08-15 10:17:59 |   --> Seen Generation @ step 4015:
Input: Translate to Vietnamese: Sorry, that question's not on here.
Output: Xin lỗi, câu hỏi đó không phải ở đây.
--------------------------------------------------
2026-08-15 10:17:59 | Saving checkpoint to ./checkpoints\step_4015...
2026-08-15 10:17:59 | Checkpoint saved successfully!

2026-08-15 10:17:59 | Deleted old checkpoint: ./checkpoints\step_4005
2026-08-15 10:18:07 | Step 4020/6000 | Loss: 2.3412 | LR: 4.126333e-04
2026-08-15 10:18:10 |   >> Validation Loss: 2.3825
2026-08-15 10:18:10 |   --> Seen Generation @ step 4020:
Input: Translate to Vietnamese: Sorry, that question's not on here.
Output: Xin lỗi, câu hỏi đó không phải ở đây.
--------------------------------------------------
2026-08-15 10:18:10 | Saving checkpoint to ./checkpoints\step_4020...
2026-08-15 10:18:10 | Checkpoint saved successfully!

2026-08-15 10:18:10 | Deleted old checkpoint: ./checkpoints\step_4010
2026-08-15 10:18:17 | Step 4025/6000 | Loss: 2.4162 | LR: 4.123620e-04
2026-08-15 10:18:20 |   >> Validation Loss: 2.3838
2026-08-15 10:18:20 |   --> Seen Generation @ step 4025:
Input: Translate to Vietnamese: Sorry, that question's not on here.
Output: Xin lỗi, câu hỏi đó không có ở đây.
--------------------------------------------------
2026-08-15 10:18:20 | Saving checkpoint to ./checkpoints\step_4025...
2026-08-15 10:18:20 | Checkpoint saved successfully!

2026-08-15 10:18:20 | Deleted old checkpoint: ./checkpoints\step_4015
2026-08-15 10:18:27 | Step 4030/6000 | Loss: 2.3927 | LR: 4.120904e-04
2026-08-15 10:18:30 |   >> Validation Loss: 2.3833
2026-08-15 10:18:30 |   --> Seen Generation @ step 4030:
Input: Translate to Vietnamese: Sorry, that question's not on here.
Output: Xin lỗi, câu hỏi đó không ở đây.
--------------------------------------------------
2026-08-15 10:18:30 | Saving checkpoint to ./checkpoints\step_4030...
2026-08-15 10:18:31 | Checkpoint saved successfully!

2026-08-15 10:18:31 | Deleted old checkpoint: ./checkpoints\step_4020
2026-08-15 10:18:38 | Step 4035/6000 | Loss: 2.3907 | LR: 4.118184e-04
2026-08-15 10:18:41 |   >> Validation Loss: 2.3837
2026-08-15 10:18:41 |   --> Seen Generation @ step 4035:
Input: Translate to Vietnamese: Sorry, that question's not on here.
Output: Xin lỗi, câu hỏi đó không phải ở đây.
--------------------------------------------------
2026-08-15 10:18:41 | Saving checkpoint to ./checkpoints\step_4035...
2026-08-15 10:18:41 | Checkpoint saved successfully!

2026-08-15 10:18:41 | Deleted old checkpoint: ./checkpoints\step_4025
2026-08-15 10:18:48 | Step 4040/6000 | Loss: 2.3990 | LR: 4.115461e-04
2026-08-15 10:18:51 |   >> Validation Loss: 2.3837
2026-08-15 10:18:51 |   --> Seen Generation @ step 4040:
Input: Translate to Vietnamese: Sorry, that question's not on here.
Output: Xin lỗi, câu hỏi đó không ở đây.
--------------------------------------------------
2026-08-15 10:18:51 | Saving checkpoint to ./checkpoints\step_4040...
2026-08-15 10:18:51 | Checkpoint saved successfully!

2026-08-15 10:18:51 | Deleted old checkpoint: ./checkpoints\step_4030
2026-08-15 10:18:58 | Step 4045/6000 | Loss: 2.3821 | LR: 4.112735e-04
2026-08-15 10:19:01 |   >> Validation Loss: 2.3841
2026-08-15 10:19:01 |   --> Seen Generation @ step 4045:
Input: Translate to Vietnamese: Sorry, that question's not on here.
Output: Xin lỗi, câu hỏi đó không phải ở đây.
--------------------------------------------------
2026-08-15 10:19:01 | Saving checkpoint to ./checkpoints\step_4045...
2026-08-15 10:19:02 | Checkpoint saved successfully!

2026-08-15 10:19:02 | Deleted old checkpoint: ./checkpoints\step_4035
2026-08-15 10:19:09 | Step 4050/6000 | Loss: 2.4730 | LR: 4.110006e-04
2026-08-15 10:19:12 |   >> Validation Loss: 2.3845
2026-08-15 10:19:12 |   --> Seen Generation @ step 4050:
Input: Translate to Vietnamese: Sorry, that question's not on here.
Output: Xin lỗi, câu hỏi đó không phải ở đây.
--------------------------------------------------
2026-08-15 10:19:12 | Saving checkpoint to ./checkpoints\step_4050...
2026-08-15 10:19:12 | Checkpoint saved successfully!

2026-08-15 10:19:12 | Deleted old checkpoint: ./checkpoints\step_4040
2026-08-15 10:19:19 | Step 4055/6000 | Loss: 2.4614 | LR: 4.107273e-04
2026-08-15 10:19:22 |   >> Validation Loss: 2.3842
2026-08-15 10:19:22 |   --> Seen Generation @ step 4055:
Input: Translate to Vietnamese: Sorry, that question's not on here.
Output: Xin lỗi, câu hỏi đó không phải ở đây.
--------------------------------------------------
2026-08-15 10:19:22 | Saving checkpoint to ./checkpoints\step_4055...
2026-08-15 10:19:22 | Checkpoint saved successfully!

2026-08-15 10:19:22 | Deleted old checkpoint: ./checkpoints\step_4045
2026-08-15 10:19:29 | Step 4060/6000 | Loss: 2.4614 | LR: 4.104537e-04
2026-08-15 10:19:33 |   >> Validation Loss: 2.3814
2026-08-15 10:19:33 |   --> Seen Generation @ step 4060:
Input: Translate to Vietnamese: Sorry, that question's not on here.
Output: Xin lỗi, câu hỏi đó không phải ở đây.
--------------------------------------------------
2026-08-15 10:19:33 | Saving checkpoint to ./checkpoints\step_4060...
2026-08-15 10:19:33 | Checkpoint saved successfully!

2026-08-15 10:19:33 | Deleted old checkpoint: ./checkpoints\step_4050
2026-08-15 10:19:40 | Step 4065/6000 | Loss: 2.3981 | LR: 4.101798e-04
2026-08-15 10:19:43 |   >> Validation Loss: 2.3840
2026-08-15 10:19:43 |   --> Seen Generation @ step 4065:
Input: Translate to Vietnamese: Sorry, that question's not on here.
Output: Xin lỗi, câu hỏi đó không phải ở đây.
--------------------------------------------------
2026-08-15 10:19:43 | Saving checkpoint to ./checkpoints\step_4065...
2026-08-15 10:19:43 | Checkpoint saved successfully!

2026-08-15 10:19:43 | Deleted old checkpoint: ./checkpoints\step_4055
2026-08-15 10:19:50 | Step 4070/6000 | Loss: 2.4039 | LR: 4.099055e-04
2026-08-15 10:19:53 |   >> Validation Loss: 2.3804
2026-08-15 10:19:53 |   --> Seen Generation @ step 4070:
Input: Translate to Vietnamese: Sorry, that question's not on here.
Output: Xin lỗi, câu hỏi đó không phải ở đây.
--------------------------------------------------
2026-08-15 10:19:53 | Saving checkpoint to ./checkpoints\step_4070...
2026-08-15 10:19:53 | Checkpoint saved successfully!

2026-08-15 10:19:53 | Deleted old checkpoint: ./checkpoints\step_4060
2026-08-15 10:20:00 | Step 4075/6000 | Loss: 2.4381 | LR: 4.096309e-04
2026-08-15 10:20:03 |   >> Validation Loss: 2.3811
2026-08-15 10:20:04 |   --> Seen Generation @ step 4075:
Input: Translate to Vietnamese: Sorry, that question's not on here.
Output: Xin lỗi, câu hỏi đó không phải ở đây.
--------------------------------------------------
2026-08-15 10:20:04 | Saving checkpoint to ./checkpoints\step_4075...
2026-08-15 10:20:04 | Checkpoint saved successfully!

2026-08-15 10:20:04 | Deleted old checkpoint: ./checkpoints\step_4065
2026-08-15 10:20:11 | Step 4080/6000 | Loss: 2.4361 | LR: 4.093560e-04
2026-08-15 10:20:14 |   >> Validation Loss: 2.3817
2026-08-15 10:20:14 |   --> Seen Generation @ step 4080:
Input: Translate to Vietnamese: Sorry, that question's not on here.
Output: Xin lỗi, câu hỏi đó không phải ở đây.
--------------------------------------------------
2026-08-15 10:20:14 | Saving checkpoint to ./checkpoints\step_4080...
2026-08-15 10:20:14 | Checkpoint saved successfully!

2026-08-15 10:20:14 | Deleted old checkpoint: ./checkpoints\step_4070
2026-08-15 10:20:21 | Step 4085/6000 | Loss: 2.3973 | LR: 4.090808e-04
2026-08-15 10:20:24 |   >> Validation Loss: 2.3812
2026-08-15 10:20:24 |   --> Seen Generation @ step 4085:
Input: Translate to Vietnamese: Sorry, that question's not on here.
Output: Xin lỗi, câu hỏi đó không phải ở đây.
--------------------------------------------------
2026-08-15 10:20:24 | Saving checkpoint to ./checkpoints\step_4085...
2026-08-15 10:20:24 | Checkpoint saved successfully!

2026-08-15 10:20:24 | Deleted old checkpoint: ./checkpoints\step_4075
2026-08-15 10:20:31 | Step 4090/6000 | Loss: 2.4100 | LR: 4.088052e-04
2026-08-15 10:20:35 |   >> Validation Loss: 2.3800
2026-08-15 10:20:35 |   --> Seen Generation @ step 4090:
Input: Translate to Vietnamese: Sorry, that question's not on here.
Output: Xin lỗi, câu hỏi đó không phải ở đây.
--------------------------------------------------
2026-08-15 10:20:35 | Saving checkpoint to ./checkpoints\step_4090...
2026-08-15 10:20:35 | Checkpoint saved successfully!

2026-08-15 10:20:35 | Deleted old checkpoint: ./checkpoints\step_4080
2026-08-15 10:20:42 | Step 4095/6000 | Loss: 2.3735 | LR: 4.085293e-04
2026-08-15 10:20:45 |   >> Validation Loss: 2.3796
2026-08-15 10:20:45 |   --> Seen Generation @ step 4095:
Input: Translate to Vietnamese: Sorry, that question's not on here.
Output: Xin lỗi, câu hỏi đó không phải ở đây.
--------------------------------------------------
2026-08-15 10:20:45 | Saving checkpoint to ./checkpoints\step_4095...
2026-08-15 10:20:45 | Checkpoint saved successfully!

2026-08-15 10:20:45 | Deleted old checkpoint: ./checkpoints\step_4085
2026-08-15 10:20:52 | Step 4100/6000 | Loss: 2.3746 | LR: 4.082531e-04
2026-08-15 10:20:55 |   >> Validation Loss: 2.3785
2026-08-15 10:20:55 |   --> Seen Generation @ step 4100:
Input: Translate to Vietnamese: Sorry, that question's not on here.
Output: Xin lỗi, câu hỏi đó không phải ở đây.
--------------------------------------------------
2026-08-15 10:20:55 | Saving checkpoint to ./checkpoints\step_4100...
2026-08-15 10:20:56 | Checkpoint saved successfully!

2026-08-15 10:20:56 | Deleted old checkpoint: ./checkpoints\step_4090
2026-08-15 10:21:03 | Step 4105/6000 | Loss: 2.3932 | LR: 4.079766e-04
2026-08-15 10:21:06 |   >> Validation Loss: 2.3771
2026-08-15 10:21:06 |   --> Seen Generation @ step 4105:
Input: Translate to Vietnamese: Sorry, that question's not on here.
Output: Xin lỗi, câu hỏi đó không phải ở đây.
--------------------------------------------------
2026-08-15 10:21:06 | Saving checkpoint to ./checkpoints\step_4105...
2026-08-15 10:21:06 | Checkpoint saved successfully!

2026-08-15 10:21:06 | Deleted old checkpoint: ./checkpoints\step_4095
2026-08-15 10:21:13 | Step 4110/6000 | Loss: 2.3799 | LR: 4.076997e-04
2026-08-15 10:21:16 |   >> Validation Loss: 2.3773
2026-08-15 10:21:16 |   --> Seen Generation @ step 4110:
Input: Translate to Vietnamese: Sorry, that question's not on here.
Output: Xin lỗi, câu hỏi đó không phải ở đây.
--------------------------------------------------
2026-08-15 10:21:16 | Saving checkpoint to ./checkpoints\step_4110...
2026-08-15 10:21:16 | Checkpoint saved successfully!

2026-08-15 10:21:16 | Deleted old checkpoint: ./checkpoints\step_4100
2026-08-15 10:21:23 | Step 4115/6000 | Loss: 2.4658 | LR: 4.074226e-04
2026-08-15 10:21:27 |   >> Validation Loss: 2.3762
2026-08-15 10:21:27 |   --> Seen Generation @ step 4115:
Input: Translate to Vietnamese: Sorry, that question's not on here.
Output: Xin lỗi, câu hỏi đó không phải ở đây.
--------------------------------------------------
2026-08-15 10:21:27 | Saving checkpoint to ./checkpoints\step_4115...
2026-08-15 10:21:27 | Checkpoint saved successfully!

2026-08-15 10:21:27 | Deleted old checkpoint: ./checkpoints\step_4105
2026-08-15 10:21:34 | Step 4120/6000 | Loss: 2.4585 | LR: 4.071451e-04
2026-08-15 10:21:37 |   >> Validation Loss: 2.3757
2026-08-15 10:21:37 |   --> Seen Generation @ step 4120:
Input: Translate to Vietnamese: Sorry, that question's not on here.
Output: Xin lỗi, câu hỏi đó không phải ở đây.
--------------------------------------------------
2026-08-15 10:21:37 | Saving checkpoint to ./checkpoints\step_4120...
2026-08-15 10:21:37 | Checkpoint saved successfully!

2026-08-15 10:21:37 | Deleted old checkpoint: ./checkpoints\step_4110
2026-08-15 10:21:44 | Step 4125/6000 | Loss: 2.4219 | LR: 4.068673e-04
2026-08-15 10:21:47 |   >> Validation Loss: 2.3783
2026-08-15 10:21:47 |   --> Seen Generation @ step 4125:
Input: Translate to Vietnamese: Sorry, that question's not on here.
Output: Xin lỗi, câu hỏi đó không phải ở đây.
--------------------------------------------------
2026-08-15 10:21:47 | Saving checkpoint to ./checkpoints\step_4125...
2026-08-15 10:21:47 | Checkpoint saved successfully!

2026-08-15 10:21:47 | Deleted old checkpoint: ./checkpoints\step_4115
2026-08-15 10:21:54 | Step 4130/6000 | Loss: 2.4480 | LR: 4.065891e-04
2026-08-15 10:21:58 |   >> Validation Loss: 2.3776
2026-08-15 10:21:58 |   --> Seen Generation @ step 4130:
Input: Translate to Vietnamese: Sorry, that question's not on here.
Output: Xin lỗi, câu hỏi đó không phải ở đây.
--------------------------------------------------
2026-08-15 10:21:58 | Saving checkpoint to ./checkpoints\step_4130...
2026-08-15 10:21:58 | Checkpoint saved successfully!

2026-08-15 10:21:58 | Deleted old checkpoint: ./checkpoints\step_4120
2026-08-15 10:22:05 | Step 4135/6000 | Loss: 2.4357 | LR: 4.063107e-04
2026-08-15 10:22:08 |   >> Validation Loss: 2.3763
2026-08-15 10:22:08 |   --> Seen Generation @ step 4135:
Input: Translate to Vietnamese: Sorry, that question's not on here.
Output: Xin lỗi, câu hỏi đó không phải ở đây.
--------------------------------------------------
2026-08-15 10:22:08 | Saving checkpoint to ./checkpoints\step_4135...
2026-08-15 10:22:08 | Checkpoint saved successfully!

2026-08-15 10:22:08 | Deleted old checkpoint: ./checkpoints\step_4125
2026-08-15 10:22:15 | Step 4140/6000 | Loss: 2.4019 | LR: 4.060319e-04
2026-08-15 10:22:18 |   >> Validation Loss: 2.3759
2026-08-15 10:22:18 |   --> Seen Generation @ step 4140:
Input: Translate to Vietnamese: Sorry, that question's not on here.
Output: Xin lỗi, câu hỏi đó không phải ở đây.
--------------------------------------------------
2026-08-15 10:22:18 | Saving checkpoint to ./checkpoints\step_4140...
2026-08-15 10:22:18 | Checkpoint saved successfully!

2026-08-15 10:22:18 | Deleted old checkpoint: ./checkpoints\step_4130
2026-08-15 10:22:25 | Step 4145/6000 | Loss: 2.2946 | LR: 4.057528e-04
2026-08-15 10:22:29 |   >> Validation Loss: 2.3769
2026-08-15 10:22:29 |   --> Seen Generation @ step 4145:
Input: Translate to Vietnamese: Sorry, that question's not on here.
Output: Xin lỗi, câu hỏi đó không phải ở đây.
--------------------------------------------------
2026-08-15 10:22:29 | Saving checkpoint to ./checkpoints\step_4145...
2026-08-15 10:22:29 | Checkpoint saved successfully!

2026-08-15 10:22:29 | Deleted old checkpoint: ./checkpoints\step_4135
2026-08-15 10:22:36 | Step 4150/6000 | Loss: 2.4210 | LR: 4.054734e-04
2026-08-15 10:22:39 |   >> Validation Loss: 2.3748
2026-08-15 10:22:39 |   --> Seen Generation @ step 4150:
Input: Translate to Vietnamese: Sorry, that question's not on here.
Output: Xin lỗi, câu hỏi đó không phải ở đây.
--------------------------------------------------
2026-08-15 10:22:39 | Saving checkpoint to ./checkpoints\step_4150...
2026-08-15 10:22:39 | Checkpoint saved successfully!

2026-08-15 10:22:39 | Deleted old checkpoint: ./checkpoints\step_4140
2026-08-15 10:22:46 | Step 4155/6000 | Loss: 2.4290 | LR: 4.051937e-04
2026-08-15 10:22:49 |   >> Validation Loss: 2.3759
2026-08-15 10:22:49 |   --> Seen Generation @ step 4155:
Input: Translate to Vietnamese: Sorry, that question's not on here.
Output: Xin lỗi, câu hỏi đó không phải ở đây.
--------------------------------------------------
2026-08-15 10:22:49 | Saving checkpoint to ./checkpoints\step_4155...
2026-08-15 10:22:49 | Checkpoint saved successfully!

2026-08-15 10:22:49 | Deleted old checkpoint: ./checkpoints\step_4145
2026-08-15 10:22:57 | Step 4160/6000 | Loss: 2.4643 | LR: 4.049136e-04
2026-08-15 10:23:00 |   >> Validation Loss: 2.3747
2026-08-15 10:23:00 |   --> Seen Generation @ step 4160:
Input: Translate to Vietnamese: Sorry, that question's not on here.
Output: Xin lỗi, câu hỏi đó không phải ở đây.
--------------------------------------------------
2026-08-15 10:23:00 | Saving checkpoint to ./checkpoints\step_4160...
2026-08-15 10:23:00 | Checkpoint saved successfully!

2026-08-15 10:23:00 | Deleted old checkpoint: ./checkpoints\step_4150
2026-08-15 10:23:07 | Step 4165/6000 | Loss: 2.4240 | LR: 4.046333e-04
2026-08-15 10:23:10 |   >> Validation Loss: 2.3759
2026-08-15 10:23:10 |   --> Seen Generation @ step 4165:
Input: Translate to Vietnamese: Sorry, that question's not on here.
Output: Xin lỗi, câu hỏi đó không phải ở đây.
--------------------------------------------------
2026-08-15 10:23:10 | Saving checkpoint to ./checkpoints\step_4165...
2026-08-15 10:23:10 | Checkpoint saved successfully!

2026-08-15 10:23:10 | Deleted old checkpoint: ./checkpoints\step_4155
2026-08-15 10:23:17 | Step 4170/6000 | Loss: 2.3964 | LR: 4.043526e-04
2026-08-15 10:23:20 |   >> Validation Loss: 2.3733
2026-08-15 10:23:21 |   --> Seen Generation @ step 4170:
Input: Translate to Vietnamese: Sorry, that question's not on here.
Output: Xin lỗi, câu hỏi đó không phải ở đây.
--------------------------------------------------
2026-08-15 10:23:21 | Saving checkpoint to ./checkpoints\step_4170...
2026-08-15 10:23:21 | Checkpoint saved successfully!

2026-08-15 10:23:21 | Deleted old checkpoint: ./checkpoints\step_4160
2026-08-15 10:23:28 | Step 4175/6000 | Loss: 2.3720 | LR: 4.040716e-04
2026-08-15 10:23:31 |   >> Validation Loss: 2.3731
2026-08-15 10:23:31 |   --> Seen Generation @ step 4175:
Input: Translate to Vietnamese: Sorry, that question's not on here.
Output: Xin lỗi, câu hỏi đó không phải ở đây.
--------------------------------------------------
2026-08-15 10:23:31 | Saving checkpoint to ./checkpoints\step_4175...
2026-08-15 10:23:31 | Checkpoint saved successfully!

2026-08-15 10:23:31 | Deleted old checkpoint: ./checkpoints\step_4165
2026-08-15 10:23:38 | Step 4180/6000 | Loss: 2.4311 | LR: 4.037903e-04
2026-08-15 10:23:41 |   >> Validation Loss: 2.3710
2026-08-15 10:23:41 |   --> Seen Generation @ step 4180:
Input: Translate to Vietnamese: Sorry, that question's not on here.
Output: Xin lỗi, câu hỏi đó không phải ở đây.
--------------------------------------------------
2026-08-15 10:23:41 | Saving checkpoint to ./checkpoints\step_4180...
2026-08-15 10:23:41 | Checkpoint saved successfully!

2026-08-15 10:23:41 | Deleted old checkpoint: ./checkpoints\step_4170
2026-08-15 10:23:48 | Step 4185/6000 | Loss: 2.3833 | LR: 4.035087e-04
2026-08-15 10:23:52 |   >> Validation Loss: 2.3704
2026-08-15 10:23:52 |   --> Seen Generation @ step 4185:
Input: Translate to Vietnamese: Sorry, that question's not on here.
Output: Xin lỗi, câu hỏi đó không phải ở đây.
--------------------------------------------------
2026-08-15 10:23:52 | Saving checkpoint to ./checkpoints\step_4185...
2026-08-15 10:23:52 | Checkpoint saved successfully!

2026-08-15 10:23:52 | Deleted old checkpoint: ./checkpoints\step_4175
2026-08-15 10:23:59 | Step 4190/6000 | Loss: 2.3647 | LR: 4.032268e-04
2026-08-15 10:24:02 |   >> Validation Loss: 2.3701
2026-08-15 10:24:02 |   --> Seen Generation @ step 4190:
Input: Translate to Vietnamese: Sorry, that question's not on here.
Output: Xin lỗi, câu hỏi đó không phải ở đây.
--------------------------------------------------
2026-08-15 10:24:02 | Saving checkpoint to ./checkpoints\step_4190...
2026-08-15 10:24:02 | Checkpoint saved successfully!

2026-08-15 10:24:02 | Deleted old checkpoint: ./checkpoints\step_4180
2026-08-15 10:24:09 | Step 4195/6000 | Loss: 2.4125 | LR: 4.029445e-04
2026-08-15 10:24:12 |   >> Validation Loss: 2.3700
2026-08-15 10:24:12 |   --> Seen Generation @ step 4195:
Input: Translate to Vietnamese: Sorry, that question's not on here.
Output: Xin lỗi, câu hỏi đó không ở đây.
--------------------------------------------------
2026-08-15 10:24:12 | Saving checkpoint to ./checkpoints\step_4195...
2026-08-15 10:24:12 | Checkpoint saved successfully!

2026-08-15 10:24:12 | Deleted old checkpoint: ./checkpoints\step_4185
2026-08-15 10:24:19 | Step 4200/6000 | Loss: 2.3437 | LR: 4.026620e-04
2026-08-15 10:24:23 |   >> Validation Loss: 2.3680
2026-08-15 10:24:23 |   --> Seen Generation @ step 4200:
Input: Translate to Vietnamese: Sorry, that question's not on here.
Output: Xin lỗi, câu hỏi đó không phải ở đây.
--------------------------------------------------
2026-08-15 10:24:23 | Saving checkpoint to ./checkpoints\step_4200...
2026-08-15 10:24:23 | Checkpoint saved successfully!

2026-08-15 10:24:23 | Deleted old checkpoint: ./checkpoints\step_4190
2026-08-15 10:24:30 | Step 4205/6000 | Loss: 2.4165 | LR: 4.023791e-04
2026-08-15 10:24:33 |   >> Validation Loss: 2.3684
2026-08-15 10:24:33 |   --> Seen Generation @ step 4205:
Input: Translate to Vietnamese: Sorry, that question's not on here.
Output: Xin lỗi, câu hỏi đó không phải ở đây.
--------------------------------------------------
2026-08-15 10:24:33 | Saving checkpoint to ./checkpoints\step_4205...
2026-08-15 10:24:33 | Checkpoint saved successfully!

2026-08-15 10:24:33 | Deleted old checkpoint: ./checkpoints\step_4195
2026-08-15 10:24:40 | Step 4210/6000 | Loss: 2.3798 | LR: 4.020959e-04
2026-08-15 10:24:43 |   >> Validation Loss: 2.3675
2026-08-15 10:24:43 |   --> Seen Generation @ step 4210:
Input: Translate to Vietnamese: Sorry, that question's not on here.
Output: Xin lỗi, câu hỏi đó không phải ở đây.
--------------------------------------------------
2026-08-15 10:24:43 | Saving checkpoint to ./checkpoints\step_4210...
2026-08-15 10:24:44 | Checkpoint saved successfully!

2026-08-15 10:24:44 | Deleted old checkpoint: ./checkpoints\step_4200
2026-08-15 10:24:51 | Step 4215/6000 | Loss: 2.4003 | LR: 4.018124e-04
2026-08-15 10:24:54 |   >> Validation Loss: 2.3667
2026-08-15 10:24:54 |   --> Seen Generation @ step 4215:
Input: Translate to Vietnamese: Sorry, that question's not on here.
Output: Xin lỗi, câu hỏi đó không phải ở đây.
--------------------------------------------------
2026-08-15 10:24:54 | Saving checkpoint to ./checkpoints\step_4215...
2026-08-15 10:24:54 | Checkpoint saved successfully!

2026-08-15 10:24:54 | Deleted old checkpoint: ./checkpoints\step_4205
2026-08-15 10:25:01 | Step 4220/6000 | Loss: 2.3047 | LR: 4.015287e-04
2026-08-15 10:25:04 |   >> Validation Loss: 2.3650
2026-08-15 10:25:04 |   --> Seen Generation @ step 4220:
Input: Translate to Vietnamese: Sorry, that question's not on here.
Output: Xin lỗi, câu hỏi đó không phải ở đây.
--------------------------------------------------
2026-08-15 10:25:04 | Saving checkpoint to ./checkpoints\step_4220...
2026-08-15 10:25:04 | Checkpoint saved successfully!

2026-08-15 10:25:04 | Deleted old checkpoint: ./checkpoints\step_4210
2026-08-15 10:25:11 | Step 4225/6000 | Loss: 2.4533 | LR: 4.012445e-04
2026-08-15 10:25:15 |   >> Validation Loss: 2.3651
2026-08-15 10:25:15 |   --> Seen Generation @ step 4225:
Input: Translate to Vietnamese: Sorry, that question's not on here.
Output: Xin lỗi, câu hỏi đó không ở đây.
--------------------------------------------------
2026-08-15 10:25:15 | Saving checkpoint to ./checkpoints\step_4225...
2026-08-15 10:25:15 | Checkpoint saved successfully!

2026-08-15 10:25:15 | Deleted old checkpoint: ./checkpoints\step_4215
2026-08-15 10:25:22 | Step 4230/6000 | Loss: 2.3852 | LR: 4.009601e-04
2026-08-15 10:25:25 |   >> Validation Loss: 2.3673
2026-08-15 10:25:25 |   --> Seen Generation @ step 4230:
Input: Translate to Vietnamese: Sorry, that question's not on here.
Output: Xin lỗi, câu hỏi đó không ở đây.
--------------------------------------------------
2026-08-15 10:25:25 | Saving checkpoint to ./checkpoints\step_4230...
2026-08-15 10:25:25 | Checkpoint saved successfully!

2026-08-15 10:25:25 | Deleted old checkpoint: ./checkpoints\step_4220
2026-08-15 10:25:32 | Step 4235/6000 | Loss: 2.3930 | LR: 4.006754e-04
2026-08-15 10:25:35 |   >> Validation Loss: 2.3658
2026-08-15 10:25:35 |   --> Seen Generation @ step 4235:
Input: Translate to Vietnamese: Sorry, that question's not on here.
Output: Xin lỗi, câu hỏi đó không ở đây.
--------------------------------------------------
2026-08-15 10:25:35 | Saving checkpoint to ./checkpoints\step_4235...
2026-08-15 10:25:35 | Checkpoint saved successfully!

2026-08-15 10:25:35 | Deleted old checkpoint: ./checkpoints\step_4225
2026-08-15 10:25:42 | Step 4240/6000 | Loss: 2.3386 | LR: 4.003904e-04
2026-08-15 10:25:46 |   >> Validation Loss: 2.3651
2026-08-15 10:25:46 |   --> Seen Generation @ step 4240:
Input: Translate to Vietnamese: Sorry, that question's not on here.
Output: Xin lỗi, câu hỏi đó không ở đây.
--------------------------------------------------
2026-08-15 10:25:46 | Saving checkpoint to ./checkpoints\step_4240...
2026-08-15 10:25:46 | Checkpoint saved successfully!

2026-08-15 10:25:46 | Deleted old checkpoint: ./checkpoints\step_4230
2026-08-15 10:25:53 | Step 4245/6000 | Loss: 2.4032 | LR: 4.001051e-04
2026-08-15 10:25:56 |   >> Validation Loss: 2.3669
2026-08-15 10:25:56 |   --> Seen Generation @ step 4245:
Input: Translate to Vietnamese: Sorry, that question's not on here.
Output: Xin lỗi, câu hỏi đó không phải ở đây.
--------------------------------------------------
2026-08-15 10:25:56 | Saving checkpoint to ./checkpoints\step_4245...
2026-08-15 10:25:56 | Checkpoint saved successfully!

2026-08-15 10:25:56 | Deleted old checkpoint: ./checkpoints\step_4235
2026-08-15 10:26:03 | Step 4250/6000 | Loss: 2.4033 | LR: 3.998194e-04
2026-08-15 10:26:06 |   >> Validation Loss: 2.3686
2026-08-15 10:26:06 |   --> Seen Generation @ step 4250:
Input: Translate to Vietnamese: Sorry, that question's not on here.
Output: Xin lỗi, câu hỏi đó không phải ở đây.
--------------------------------------------------
2026-08-15 10:26:06 | Saving checkpoint to ./checkpoints\step_4250...
2026-08-15 10:26:06 | Checkpoint saved successfully!

2026-08-15 10:26:06 | Deleted old checkpoint: ./checkpoints\step_4240
2026-08-15 10:26:14 | Step 4255/6000 | Loss: 2.3638 | LR: 3.995335e-04
2026-08-15 10:26:17 |   >> Validation Loss: 2.3675
2026-08-15 10:26:17 |   --> Seen Generation @ step 4255:
Input: Translate to Vietnamese: Sorry, that question's not on here.
Output: Xin lỗi, câu hỏi đó không phải ở đây.
--------------------------------------------------
2026-08-15 10:26:17 | Saving checkpoint to ./checkpoints\step_4255...
2026-08-15 10:26:17 | Checkpoint saved successfully!

2026-08-15 10:26:17 | Deleted old checkpoint: ./checkpoints\step_4245
2026-08-15 10:26:24 | Step 4260/6000 | Loss: 2.4305 | LR: 3.992472e-04
2026-08-15 10:26:27 |   >> Validation Loss: 2.3680
2026-08-15 10:26:27 |   --> Seen Generation @ step 4260:
Input: Translate to Vietnamese: Sorry, that question's not on here.
Output: Xin lỗi, câu hỏi đó không phải ở đây.
--------------------------------------------------
2026-08-15 10:26:27 | Saving checkpoint to ./checkpoints\step_4260...
2026-08-15 10:26:27 | Checkpoint saved successfully!

2026-08-15 10:26:27 | Deleted old checkpoint: ./checkpoints\step_4250
2026-08-15 10:26:34 | Step 4265/6000 | Loss: 2.4044 | LR: 3.989607e-04
2026-08-15 10:26:37 |   >> Validation Loss: 2.3656
2026-08-15 10:26:37 |   --> Seen Generation @ step 4265:
Input: Translate to Vietnamese: Sorry, that question's not on here.
Output: Xin lỗi, câu hỏi đó không ở đây.
--------------------------------------------------
2026-08-15 10:26:37 | Saving checkpoint to ./checkpoints\step_4265...
2026-08-15 10:26:38 | Checkpoint saved successfully!

2026-08-15 10:26:38 | Deleted old checkpoint: ./checkpoints\step_4255
2026-08-15 10:26:45 | Step 4270/6000 | Loss: 2.4352 | LR: 3.986738e-04
2026-08-15 10:26:48 |   >> Validation Loss: 2.3678
2026-08-15 10:26:48 |   --> Seen Generation @ step 4270:
Input: Translate to Vietnamese: Sorry, that question's not on here.
Output: Xin lỗi, câu hỏi đó không phải ở đây.
--------------------------------------------------
2026-08-15 10:26:48 | Saving checkpoint to ./checkpoints\step_4270...
2026-08-15 10:26:48 | Checkpoint saved successfully!

2026-08-15 10:26:48 | Deleted old checkpoint: ./checkpoints\step_4260
2026-08-15 10:26:55 | Step 4275/6000 | Loss: 2.4839 | LR: 3.983866e-04
2026-08-15 10:26:58 |   >> Validation Loss: 2.3643
2026-08-15 10:26:58 |   --> Seen Generation @ step 4275:
Input: Translate to Vietnamese: Sorry, that question's not on here.
Output: Xin lỗi, câu hỏi đó không phải ở đây.
--------------------------------------------------
2026-08-15 10:26:58 | Saving checkpoint to ./checkpoints\step_4275...
2026-08-15 10:26:58 | Checkpoint saved successfully!

2026-08-15 10:26:58 | Deleted old checkpoint: ./checkpoints\step_4265
2026-08-15 10:27:05 | Step 4280/6000 | Loss: 2.3876 | LR: 3.980992e-04
2026-08-15 10:27:08 |   >> Validation Loss: 2.3664
2026-08-15 10:27:08 |   --> Seen Generation @ step 4280:
Input: Translate to Vietnamese: Sorry, that question's not on here.
Output: Xin lỗi, câu hỏi đó không có ở đây.
--------------------------------------------------
2026-08-15 10:27:08 | Saving checkpoint to ./checkpoints\step_4280...
2026-08-15 10:27:09 | Checkpoint saved successfully!

2026-08-15 10:27:09 | Deleted old checkpoint: ./checkpoints\step_4270
2026-08-15 10:27:16 | Step 4285/6000 | Loss: 2.3285 | LR: 3.978114e-04
2026-08-15 10:27:19 |   >> Validation Loss: 2.3673
2026-08-15 10:27:19 |   --> Seen Generation @ step 4285:
Input: Translate to Vietnamese: Sorry, that question's not on here.
Output: Xin lỗi, câu hỏi đó không có ở đây.
--------------------------------------------------
2026-08-15 10:27:19 | Saving checkpoint to ./checkpoints\step_4285...
2026-08-15 10:27:19 | Checkpoint saved successfully!

2026-08-15 10:27:19 | Deleted old checkpoint: ./checkpoints\step_4275
2026-08-15 10:27:26 | Step 4290/6000 | Loss: 2.3621 | LR: 3.975233e-04
2026-08-15 10:27:29 |   >> Validation Loss: 2.3650
2026-08-15 10:27:29 |   --> Seen Generation @ step 4290:
Input: Translate to Vietnamese: Sorry, that question's not on here.
Output: Xin lỗi, câu hỏi đó không có ở đây.
--------------------------------------------------
2026-08-15 10:27:29 | Saving checkpoint to ./checkpoints\step_4290...
2026-08-15 10:27:29 | Checkpoint saved successfully!

2026-08-15 10:27:29 | Deleted old checkpoint: ./checkpoints\step_4280
2026-08-15 10:27:36 | Step 4295/6000 | Loss: 2.3274 | LR: 3.972350e-04
2026-08-15 10:27:39 |   >> Validation Loss: 2.3658
2026-08-15 10:27:40 |   --> Seen Generation @ step 4295:
Input: Translate to Vietnamese: Sorry, that question's not on here.
Output: Xin lỗi, câu hỏi đó không có ở đây.
--------------------------------------------------
2026-08-15 10:27:40 | Saving checkpoint to ./checkpoints\step_4295...
2026-08-15 10:27:40 | Checkpoint saved successfully!

2026-08-15 10:27:40 | Deleted old checkpoint: ./checkpoints\step_4285
2026-08-15 10:27:47 | Step 4300/6000 | Loss: 2.3690 | LR: 3.969463e-04
2026-08-15 10:27:50 |   >> Validation Loss: 2.3648
2026-08-15 10:27:50 |   --> Seen Generation @ step 4300:
Input: Translate to Vietnamese: Sorry, that question's not on here.
Output: Xin lỗi, câu hỏi đó không có ở đây.
--------------------------------------------------
2026-08-15 10:27:50 | Saving checkpoint to ./checkpoints\step_4300...
2026-08-15 10:27:50 | Checkpoint saved successfully!

2026-08-15 10:27:50 | Deleted old checkpoint: ./checkpoints\step_4290
2026-08-15 10:27:57 | Step 4305/6000 | Loss: 2.4003 | LR: 3.966573e-04
2026-08-15 10:28:00 |   >> Validation Loss: 2.3687
2026-08-15 10:28:00 |   --> Seen Generation @ step 4305:
Input: Translate to Vietnamese: Sorry, that question's not on here.
Output: Xin lỗi, câu hỏi đó không phải ở đây.
--------------------------------------------------
2026-08-15 10:28:00 | Saving checkpoint to ./checkpoints\step_4305...
2026-08-15 10:28:00 | Checkpoint saved successfully!

2026-08-15 10:28:00 | Deleted old checkpoint: ./checkpoints\step_4295
2026-08-15 10:28:07 | Step 4310/6000 | Loss: 2.3175 | LR: 3.963681e-04
2026-08-15 10:28:11 |   >> Validation Loss: 2.3663
2026-08-15 10:28:11 |   --> Seen Generation @ step 4310:
Input: Translate to Vietnamese: Sorry, that question's not on here.
Output: Xin lỗi, câu hỏi đó không phải ở đây.
--------------------------------------------------
2026-08-15 10:28:11 | Saving checkpoint to ./checkpoints\step_4310...
2026-08-15 10:28:11 | Checkpoint saved successfully!

2026-08-15 10:28:11 | Deleted old checkpoint: ./checkpoints\step_4300
2026-08-15 10:28:18 | Step 4315/6000 | Loss: 2.4251 | LR: 3.960785e-04
2026-08-15 10:28:21 |   >> Validation Loss: 2.3654
2026-08-15 10:28:21 |   --> Seen Generation @ step 4315:
Input: Translate to Vietnamese: Sorry, that question's not on here.
Output: Xin lỗi, câu hỏi đó không ở đây.
--------------------------------------------------
2026-08-15 10:28:21 | Saving checkpoint to ./checkpoints\step_4315...
2026-08-15 10:28:21 | Checkpoint saved successfully!

2026-08-15 10:28:21 | Deleted old checkpoint: ./checkpoints\step_4305
2026-08-15 10:28:28 | Step 4320/6000 | Loss: 2.3686 | LR: 3.957886e-04
2026-08-15 10:28:31 |   >> Validation Loss: 2.3666
2026-08-15 10:28:31 |   --> Seen Generation @ step 4320:
Input: Translate to Vietnamese: Sorry, that question's not on here.
Output: Xin lỗi, câu hỏi đó không phải ở đây.
--------------------------------------------------
2026-08-15 10:28:31 | Saving checkpoint to ./checkpoints\step_4320...
2026-08-15 10:28:31 | Checkpoint saved successfully!

2026-08-15 10:28:31 | Deleted old checkpoint: ./checkpoints\step_4310
2026-08-15 10:28:38 | Step 4325/6000 | Loss: 2.2950 | LR: 3.954985e-04
2026-08-15 10:28:42 |   >> Validation Loss: 2.3649
2026-08-15 10:28:42 |   --> Seen Generation @ step 4325:
Input: Translate to Vietnamese: Sorry, that question's not on here.
Output: Xin lỗi, câu hỏi đó không phải ở đây.
--------------------------------------------------
2026-08-15 10:28:42 | Saving checkpoint to ./checkpoints\step_4325...
2026-08-15 10:28:42 | Checkpoint saved successfully!

2026-08-15 10:28:42 | Deleted old checkpoint: ./checkpoints\step_4315
2026-08-15 10:28:49 | Step 4330/6000 | Loss: 2.3675 | LR: 3.952080e-04
2026-08-15 10:28:52 |   >> Validation Loss: 2.3646
2026-08-15 10:28:52 |   --> Seen Generation @ step 4330:
Input: Translate to Vietnamese: Sorry, that question's not on here.
Output: Xin lỗi, câu hỏi đó không phải ở đây.
--------------------------------------------------
2026-08-15 10:28:52 | Saving checkpoint to ./checkpoints\step_4330...
2026-08-15 10:28:52 | Checkpoint saved successfully!

2026-08-15 10:28:52 | Deleted old checkpoint: ./checkpoints\step_4320
2026-08-15 10:28:59 | Step 4335/6000 | Loss: 2.3450 | LR: 3.949173e-04
2026-08-15 10:29:02 |   >> Validation Loss: 2.3632
2026-08-15 10:29:02 |   --> Seen Generation @ step 4335:
Input: Translate to Vietnamese: Sorry, that question's not on here.
Output: Xin lỗi, câu hỏi đó không phải ở đây.
--------------------------------------------------
2026-08-15 10:29:02 | Saving checkpoint to ./checkpoints\step_4335...
2026-08-15 10:29:03 | Checkpoint saved successfully!

2026-08-15 10:29:03 | Deleted old checkpoint: ./checkpoints\step_4325
2026-08-15 10:29:10 | Step 4340/6000 | Loss: 2.3706 | LR: 3.946262e-04
2026-08-15 10:29:13 |   >> Validation Loss: 2.3622
2026-08-15 10:29:13 |   --> Seen Generation @ step 4340:
Input: Translate to Vietnamese: Sorry, that question's not on here.
Output: Xin lỗi, câu hỏi đó không phải ở đây.
--------------------------------------------------
2026-08-15 10:29:13 | Saving checkpoint to ./checkpoints\step_4340...
2026-08-15 10:29:13 | Checkpoint saved successfully!

2026-08-15 10:29:13 | Deleted old checkpoint: ./checkpoints\step_4330
2026-08-15 10:29:20 | Step 4345/6000 | Loss: 2.3440 | LR: 3.943349e-04
2026-08-15 10:29:23 |   >> Validation Loss: 2.3619
2026-08-15 10:29:23 |   --> Seen Generation @ step 4345:
Input: Translate to Vietnamese: Sorry, that question's not on here.
Output: Xin lỗi, câu hỏi đó không ở đây.
--------------------------------------------------
2026-08-15 10:29:23 | Saving checkpoint to ./checkpoints\step_4345...
2026-08-15 10:29:23 | Checkpoint saved successfully!

2026-08-15 10:29:23 | Deleted old checkpoint: ./checkpoints\step_4335
2026-08-15 10:29:30 | Step 4350/6000 | Loss: 2.3550 | LR: 3.940432e-04
2026-08-15 10:29:33 |   >> Validation Loss: 2.3620
2026-08-15 10:29:33 |   --> Seen Generation @ step 4350:
Input: Translate to Vietnamese: Sorry, that question's not on here.
Output: Xin lỗi, câu hỏi đó không phải ở đây.
--------------------------------------------------
2026-08-15 10:29:33 | Saving checkpoint to ./checkpoints\step_4350...
2026-08-15 10:29:34 | Checkpoint saved successfully!

2026-08-15 10:29:34 | Deleted old checkpoint: ./checkpoints\step_4340
2026-08-15 10:29:41 | Step 4355/6000 | Loss: 2.3822 | LR: 3.937513e-04
2026-08-15 10:29:44 |   >> Validation Loss: 2.3608
2026-08-15 10:29:44 |   --> Seen Generation @ step 4355:
Input: Translate to Vietnamese: Sorry, that question's not on here.
Output: Xin lỗi, câu hỏi đó không phải ở đây.
--------------------------------------------------
2026-08-15 10:29:44 | Saving checkpoint to ./checkpoints\step_4355...
2026-08-15 10:29:44 | Checkpoint saved successfully!

2026-08-15 10:29:44 | Deleted old checkpoint: ./checkpoints\step_4345
2026-08-15 10:29:51 | Step 4360/6000 | Loss: 2.3987 | LR: 3.934591e-04
2026-08-15 10:29:54 |   >> Validation Loss: 2.3595
2026-08-15 10:29:54 |   --> Seen Generation @ step 4360:
Input: Translate to Vietnamese: Sorry, that question's not on here.
Output: Xin lỗi, câu hỏi đó không phải ở đây.
--------------------------------------------------
2026-08-15 10:29:54 | Saving checkpoint to ./checkpoints\step_4360...
2026-08-15 10:29:54 | Checkpoint saved successfully!

2026-08-15 10:29:54 | Deleted old checkpoint: ./checkpoints\step_4350
2026-08-15 10:30:01 | Step 4365/6000 | Loss: 2.3671 | LR: 3.931666e-04
2026-08-15 10:30:05 |   >> Validation Loss: 2.3600
2026-08-15 10:30:05 |   --> Seen Generation @ step 4365:
Input: Translate to Vietnamese: Sorry, that question's not on here.
Output: Xin lỗi, câu hỏi đó không phải ở đây.
--------------------------------------------------
2026-08-15 10:30:05 | Saving checkpoint to ./checkpoints\step_4365...
2026-08-15 10:30:05 | Checkpoint saved successfully!

2026-08-15 10:30:05 | Deleted old checkpoint: ./checkpoints\step_4355
2026-08-15 10:30:12 | Step 4370/6000 | Loss: 2.3752 | LR: 3.928738e-04
2026-08-15 10:30:15 |   >> Validation Loss: 2.3583
2026-08-15 10:30:15 |   --> Seen Generation @ step 4370:
Input: Translate to Vietnamese: Sorry, that question's not on here.
Output: Xin lỗi, câu hỏi đó không phải ở đây.
--------------------------------------------------
2026-08-15 10:30:15 | Saving checkpoint to ./checkpoints\step_4370...
2026-08-15 10:30:15 | Checkpoint saved successfully!

2026-08-15 10:30:15 | Deleted old checkpoint: ./checkpoints\step_4360
2026-08-15 10:30:22 | Step 4375/6000 | Loss: 2.3805 | LR: 3.925807e-04
2026-08-15 10:30:25 |   >> Validation Loss: 2.3593
2026-08-15 10:30:25 |   --> Seen Generation @ step 4375:
Input: Translate to Vietnamese: Sorry, that question's not on here.
Output: Xin lỗi, câu hỏi đó không phải ở đây.
--------------------------------------------------
2026-08-15 10:30:25 | Saving checkpoint to ./checkpoints\step_4375...
2026-08-15 10:30:25 | Checkpoint saved successfully!

2026-08-15 10:30:25 | Deleted old checkpoint: ./checkpoints\step_4365
2026-08-15 10:30:32 | Step 4380/6000 | Loss: 2.3188 | LR: 3.922873e-04
2026-08-15 10:30:35 |   >> Validation Loss: 2.3585
2026-08-15 10:30:36 |   --> Seen Generation @ step 4380:
Input: Translate to Vietnamese: Sorry, that question's not on here.
Output: Xin lỗi, câu hỏi đó không phải ở đây.
--------------------------------------------------
2026-08-15 10:30:36 | Saving checkpoint to ./checkpoints\step_4380...
2026-08-15 10:30:36 | Checkpoint saved successfully!

2026-08-15 10:30:36 | Deleted old checkpoint: ./checkpoints\step_4370
2026-08-15 10:30:43 | Step 4385/6000 | Loss: 2.4000 | LR: 3.919936e-04
2026-08-15 10:30:46 |   >> Validation Loss: 2.3602
2026-08-15 10:30:46 |   --> Seen Generation @ step 4385:
Input: Translate to Vietnamese: Sorry, that question's not on here.
Output: Xin lỗi, câu hỏi đó không phải ở đây.
--------------------------------------------------
2026-08-15 10:30:46 | Saving checkpoint to ./checkpoints\step_4385...
2026-08-15 10:30:46 | Checkpoint saved successfully!

2026-08-15 10:30:46 | Deleted old checkpoint: ./checkpoints\step_4375
2026-08-15 10:30:53 | Step 4390/6000 | Loss: 2.4319 | LR: 3.916996e-04
2026-08-15 10:30:56 |   >> Validation Loss: 2.3601
2026-08-15 10:30:56 |   --> Seen Generation @ step 4390:
Input: Translate to Vietnamese: Sorry, that question's not on here.
Output: Xin lỗi, câu hỏi đó không phải ở đây.
--------------------------------------------------
2026-08-15 10:30:56 | Saving checkpoint to ./checkpoints\step_4390...
2026-08-15 10:30:56 | Checkpoint saved successfully!

2026-08-15 10:30:56 | Deleted old checkpoint: ./checkpoints\step_4380
2026-08-15 10:31:04 | Step 4395/6000 | Loss: 2.3381 | LR: 3.914054e-04
2026-08-15 10:31:07 |   >> Validation Loss: 2.3609
2026-08-15 10:31:07 |   --> Seen Generation @ step 4395:
Input: Translate to Vietnamese: Sorry, that question's not on here.
Output: Xin lỗi, câu hỏi đó không phải ở đây.
--------------------------------------------------
2026-08-15 10:31:07 | Saving checkpoint to ./checkpoints\step_4395...
2026-08-15 10:31:07 | Checkpoint saved successfully!

2026-08-15 10:31:07 | Deleted old checkpoint: ./checkpoints\step_4385
2026-08-15 10:31:14 | Step 4400/6000 | Loss: 2.4058 | LR: 3.911108e-04
2026-08-15 10:31:17 |   >> Validation Loss: 2.3575
2026-08-15 10:31:17 |   --> Seen Generation @ step 4400:
Input: Translate to Vietnamese: Sorry, that question's not on here.
Output: Xin lỗi, câu hỏi đó không phải ở đây.
--------------------------------------------------
2026-08-15 10:31:17 | Saving checkpoint to ./checkpoints\step_4400...
2026-08-15 10:31:18 | Checkpoint saved successfully!

2026-08-15 10:31:18 | Deleted old checkpoint: ./checkpoints\step_4390
2026-08-15 10:31:25 | Step 4405/6000 | Loss: 2.3409 | LR: 3.908160e-04
2026-08-15 10:31:28 |   >> Validation Loss: 2.3573
2026-08-15 10:31:28 |   --> Seen Generation @ step 4405:
Input: Translate to Vietnamese: Sorry, that question's not on here.
Output: Xin lỗi, câu hỏi đó không phải ở đây.
--------------------------------------------------
2026-08-15 10:31:28 | Saving checkpoint to ./checkpoints\step_4405...
2026-08-15 10:31:28 | Checkpoint saved successfully!

2026-08-15 10:31:28 | Deleted old checkpoint: ./checkpoints\step_4395
2026-08-15 10:31:35 | Step 4410/6000 | Loss: 2.3583 | LR: 3.905208e-04
2026-08-15 10:31:38 |   >> Validation Loss: 2.3588
2026-08-15 10:31:38 |   --> Seen Generation @ step 4410:
Input: Translate to Vietnamese: Sorry, that question's not on here.
Output: Xin lỗi, câu hỏi đó không phải ở đây.
--------------------------------------------------
2026-08-15 10:31:38 | Saving checkpoint to ./checkpoints\step_4410...
2026-08-15 10:31:39 | Checkpoint saved successfully!

2026-08-15 10:31:39 | Deleted old checkpoint: ./checkpoints\step_4400
2026-08-15 10:31:46 | Step 4415/6000 | Loss: 2.4008 | LR: 3.902254e-04
2026-08-15 10:31:49 |   >> Validation Loss: 2.3573
2026-08-15 10:31:49 |   --> Seen Generation @ step 4415:
Input: Translate to Vietnamese: Sorry, that question's not on here.
Output: Xin lỗi, câu hỏi đó không có ở đây.
--------------------------------------------------
2026-08-15 10:31:49 | Saving checkpoint to ./checkpoints\step_4415...
2026-08-15 10:31:49 | Checkpoint saved successfully!

2026-08-15 10:31:49 | Deleted old checkpoint: ./checkpoints\step_4405
2026-08-15 10:31:56 | Step 4420/6000 | Loss: 2.4610 | LR: 3.899297e-04
2026-08-15 10:31:59 |   >> Validation Loss: 2.3563
2026-08-15 10:31:59 |   --> Seen Generation @ step 4420:
Input: Translate to Vietnamese: Sorry, that question's not on here.
Output: Xin lỗi, câu hỏi đó không phải ở đây.
--------------------------------------------------
2026-08-15 10:31:59 | Saving checkpoint to ./checkpoints\step_4420...
2026-08-15 10:31:59 | Checkpoint saved successfully!

2026-08-15 10:31:59 | Deleted old checkpoint: ./checkpoints\step_4410
2026-08-15 10:32:07 | Step 4425/6000 | Loss: 2.3292 | LR: 3.896338e-04
2026-08-15 10:32:10 |   >> Validation Loss: 2.3600
2026-08-15 10:32:10 |   --> Seen Generation @ step 4425:
Input: Translate to Vietnamese: Sorry, that question's not on here.
Output: Xin lỗi, câu hỏi đó không phải ở đây.
--------------------------------------------------
2026-08-15 10:32:10 | Saving checkpoint to ./checkpoints\step_4425...
2026-08-15 10:32:10 | Checkpoint saved successfully!

2026-08-15 10:32:10 | Deleted old checkpoint: ./checkpoints\step_4415
2026-08-15 10:32:17 | Step 4430/6000 | Loss: 2.4090 | LR: 3.893375e-04
2026-08-15 10:32:20 |   >> Validation Loss: 2.3549
2026-08-15 10:32:20 |   --> Seen Generation @ step 4430:
Input: Translate to Vietnamese: Sorry, that question's not on here.
Output: Xin lỗi, câu hỏi đó không ở đây.
--------------------------------------------------
2026-08-15 10:32:20 | Saving checkpoint to ./checkpoints\step_4430...
2026-08-15 10:32:20 | Checkpoint saved successfully!

2026-08-15 10:32:20 | Deleted old checkpoint: ./checkpoints\step_4420
2026-08-15 10:32:27 | Step 4435/6000 | Loss: 2.4298 | LR: 3.890409e-04
2026-08-15 10:32:31 |   >> Validation Loss: 2.3534
2026-08-15 10:32:31 |   --> Seen Generation @ step 4435:
Input: Translate to Vietnamese: Sorry, that question's not on here.
Output: Xin lỗi, câu hỏi đó không phải ở đây.
--------------------------------------------------
2026-08-15 10:32:31 | Saving checkpoint to ./checkpoints\step_4435...
2026-08-15 10:32:31 | Checkpoint saved successfully!

2026-08-15 10:32:31 | Deleted old checkpoint: ./checkpoints\step_4425
2026-08-15 10:32:38 | Step 4440/6000 | Loss: 2.3313 | LR: 3.887441e-04
2026-08-15 10:32:41 |   >> Validation Loss: 2.3576
2026-08-15 10:32:41 |   --> Seen Generation @ step 4440:
Input: Translate to Vietnamese: Sorry, that question's not on here.
Output: Xin lỗi, câu hỏi đó không phải ở đây.
--------------------------------------------------
2026-08-15 10:32:41 | Saving checkpoint to ./checkpoints\step_4440...
2026-08-15 10:32:41 | Checkpoint saved successfully!

2026-08-15 10:32:41 | Deleted old checkpoint: ./checkpoints\step_4430
2026-08-15 10:32:48 | Step 4445/6000 | Loss: 2.3634 | LR: 3.884470e-04
2026-08-15 10:32:52 |   >> Validation Loss: 2.3547
2026-08-15 10:32:52 |   --> Seen Generation @ step 4445:
Input: Translate to Vietnamese: Sorry, that question's not on here.
Output: Xin lỗi, câu hỏi đó không phải ở đây.
--------------------------------------------------
2026-08-15 10:32:52 | Saving checkpoint to ./checkpoints\step_4445...
2026-08-15 10:32:52 | Checkpoint saved successfully!

2026-08-15 10:32:52 | Deleted old checkpoint: ./checkpoints\step_4435
2026-08-15 10:32:59 | Step 4450/6000 | Loss: 2.3896 | LR: 3.881496e-04
2026-08-15 10:33:02 |   >> Validation Loss: 2.3541
2026-08-15 10:33:02 |   --> Seen Generation @ step 4450:
Input: Translate to Vietnamese: Sorry, that question's not on here.
Output: Xin lỗi, câu hỏi đó không có ở đây.
--------------------------------------------------
2026-08-15 10:33:02 | Saving checkpoint to ./checkpoints\step_4450...
2026-08-15 10:33:02 | Checkpoint saved successfully!

2026-08-15 10:33:02 | Deleted old checkpoint: ./checkpoints\step_4440
2026-08-15 10:33:09 | Step 4455/6000 | Loss: 2.3347 | LR: 3.878519e-04
2026-08-15 10:33:13 |   >> Validation Loss: 2.3540
2026-08-15 10:33:13 |   --> Seen Generation @ step 4455:
Input: Translate to Vietnamese: Sorry, that question's not on here.
Output: Xin lỗi, câu hỏi đó không ở đây.
--------------------------------------------------
2026-08-15 10:33:13 | Saving checkpoint to ./checkpoints\step_4455...
2026-08-15 10:33:13 | Checkpoint saved successfully!

2026-08-15 10:33:13 | Deleted old checkpoint: ./checkpoints\step_4445
2026-08-15 10:33:20 | Step 4460/6000 | Loss: 2.3102 | LR: 3.875539e-04
2026-08-15 10:33:23 |   >> Validation Loss: 2.3542
2026-08-15 10:33:23 |   --> Seen Generation @ step 4460:
Input: Translate to Vietnamese: Sorry, that question's not on here.
Output: Xin lỗi, câu hỏi đó không phải ở đây.
--------------------------------------------------
2026-08-15 10:33:23 | Saving checkpoint to ./checkpoints\step_4460...
2026-08-15 10:33:23 | Checkpoint saved successfully!

2026-08-15 10:33:23 | Deleted old checkpoint: ./checkpoints\step_4450
2026-08-15 10:33:30 | Step 4465/6000 | Loss: 2.4540 | LR: 3.872557e-04
2026-08-15 10:33:33 |   >> Validation Loss: 2.3536
2026-08-15 10:33:34 |   --> Seen Generation @ step 4465:
Input: Translate to Vietnamese: Sorry, that question's not on here.
Output: Xin lỗi, câu hỏi đó không phải ở đây.
--------------------------------------------------
2026-08-15 10:33:34 | Saving checkpoint to ./checkpoints\step_4465...
2026-08-15 10:33:34 | Checkpoint saved successfully!

2026-08-15 10:33:34 | Deleted old checkpoint: ./checkpoints\step_4455
2026-08-15 10:33:41 | Step 4470/6000 | Loss: 2.3904 | LR: 3.869572e-04
2026-08-15 10:33:44 |   >> Validation Loss: 2.3531
2026-08-15 10:33:44 |   --> Seen Generation @ step 4470:
Input: Translate to Vietnamese: Sorry, that question's not on here.
Output: Xin lỗi, câu hỏi đó không phải ở đây.
--------------------------------------------------
2026-08-15 10:33:44 | Saving checkpoint to ./checkpoints\step_4470...
2026-08-15 10:33:44 | Checkpoint saved successfully!

2026-08-15 10:33:44 | Deleted old checkpoint: ./checkpoints\step_4460
2026-08-15 10:33:51 | Step 4475/6000 | Loss: 2.3554 | LR: 3.866584e-04
2026-08-15 10:33:54 |   >> Validation Loss: 2.3530
2026-08-15 10:33:54 |   --> Seen Generation @ step 4475:
Input: Translate to Vietnamese: Sorry, that question's not on here.
Output: Xin lỗi, câu hỏi đó không phải ở đây.
--------------------------------------------------
2026-08-15 10:33:54 | Saving checkpoint to ./checkpoints\step_4475...
2026-08-15 10:33:55 | Checkpoint saved successfully!

2026-08-15 10:33:55 | Deleted old checkpoint: ./checkpoints\step_4465
2026-08-15 10:34:02 | Step 4480/6000 | Loss: 2.3868 | LR: 3.863593e-04
2026-08-15 10:34:05 |   >> Validation Loss: 2.3530
2026-08-15 10:34:05 |   --> Seen Generation @ step 4480:
Input: Translate to Vietnamese: Sorry, that question's not on here.
Output: Xin lỗi, câu hỏi đó không phải ở đây.
--------------------------------------------------
2026-08-15 10:34:05 | Saving checkpoint to ./checkpoints\step_4480...
2026-08-15 10:34:05 | Checkpoint saved successfully!

2026-08-15 10:34:05 | Deleted old checkpoint: ./checkpoints\step_4470
2026-08-15 10:34:12 | Step 4485/6000 | Loss: 2.3179 | LR: 3.860599e-04
2026-08-15 10:34:15 |   >> Validation Loss: 2.3507
2026-08-15 10:34:16 |   --> Seen Generation @ step 4485:
Input: Translate to Vietnamese: Sorry, that question's not on here.
Output: Xin lỗi, câu hỏi đó không phải ở đây.
--------------------------------------------------
2026-08-15 10:34:16 | Saving checkpoint to ./checkpoints\step_4485...
2026-08-15 10:34:16 | Checkpoint saved successfully!

2026-08-15 10:34:16 | Deleted old checkpoint: ./checkpoints\step_4475
2026-08-15 10:34:23 | Step 4490/6000 | Loss: 2.4022 | LR: 3.857603e-04
2026-08-15 10:34:26 |   >> Validation Loss: 2.3500
2026-08-15 10:34:26 |   --> Seen Generation @ step 4490:
Input: Translate to Vietnamese: Sorry, that question's not on here.
Output: Xin lỗi, câu hỏi đó không phải ở đây.
--------------------------------------------------
2026-08-15 10:34:26 | Saving checkpoint to ./checkpoints\step_4490...
2026-08-15 10:34:26 | Checkpoint saved successfully!

2026-08-15 10:34:26 | Deleted old checkpoint: ./checkpoints\step_4480
2026-08-15 10:34:33 | Step 4495/6000 | Loss: 2.3241 | LR: 3.854604e-04
2026-08-15 10:34:36 |   >> Validation Loss: 2.3499
2026-08-15 10:34:36 |   --> Seen Generation @ step 4495:
Input: Translate to Vietnamese: Sorry, that question's not on here.
Output: Xin lỗi, câu hỏi đó không phải ở đây.
--------------------------------------------------
2026-08-15 10:34:36 | Saving checkpoint to ./checkpoints\step_4495...
2026-08-15 10:34:36 | Checkpoint saved successfully!

2026-08-15 10:34:36 | Deleted old checkpoint: ./checkpoints\step_4485
2026-08-15 10:34:43 | Step 4500/6000 | Loss: 2.4146 | LR: 3.851602e-04
2026-08-15 10:34:47 |   >> Validation Loss: 2.3472
2026-08-15 10:34:47 |   --> Seen Generation @ step 4500:
Input: Translate to Vietnamese: Sorry, that question's not on here.
Output: Xin lỗi, câu hỏi đó không phải ở đây.
--------------------------------------------------
2026-08-15 10:34:47 | Saving checkpoint to ./checkpoints\step_4500...
2026-08-15 10:34:47 | Checkpoint saved successfully!

2026-08-15 10:34:47 | Deleted old checkpoint: ./checkpoints\step_4490
2026-08-15 10:34:54 | Step 4505/6000 | Loss: 2.4063 | LR: 3.848597e-04
2026-08-15 10:34:57 |   >> Validation Loss: 2.3470
2026-08-15 10:34:57 |   --> Seen Generation @ step 4505:
Input: Translate to Vietnamese: Sorry, that question's not on here.
Output: Xin lỗi, câu hỏi đó không phải ở đây.
--------------------------------------------------
2026-08-15 10:34:57 | Saving checkpoint to ./checkpoints\step_4505...
2026-08-15 10:34:57 | Checkpoint saved successfully!

2026-08-15 10:34:57 | Deleted old checkpoint: ./checkpoints\step_4495
2026-08-15 10:35:04 | Step 4510/6000 | Loss: 2.3932 | LR: 3.845590e-04
2026-08-15 10:35:07 |   >> Validation Loss: 2.3474
2026-08-15 10:35:07 |   --> Seen Generation @ step 4510:
Input: Translate to Vietnamese: Sorry, that question's not on here.
Output: Xin lỗi, câu hỏi đó không phải ở đây.
--------------------------------------------------
2026-08-15 10:35:07 | Saving checkpoint to ./checkpoints\step_4510...
2026-08-15 10:35:07 | Checkpoint saved successfully!

2026-08-15 10:35:07 | Deleted old checkpoint: ./checkpoints\step_4500
2026-08-15 10:35:14 | Step 4515/6000 | Loss: 2.3488 | LR: 3.842580e-04
2026-08-15 10:35:17 |   >> Validation Loss: 2.3466
2026-08-15 10:35:18 |   --> Seen Generation @ step 4515:
Input: Translate to Vietnamese: Sorry, that question's not on here.
Output: Xin lỗi, câu hỏi đó không phải ở đây.
--------------------------------------------------
2026-08-15 10:35:18 | Saving checkpoint to ./checkpoints\step_4515...
2026-08-15 10:35:18 | Checkpoint saved successfully!

2026-08-15 10:35:18 | Deleted old checkpoint: ./checkpoints\step_4505
2026-08-15 10:35:25 | Step 4520/6000 | Loss: 2.3556 | LR: 3.839567e-04
2026-08-15 10:35:28 |   >> Validation Loss: 2.3479
2026-08-15 10:35:28 |   --> Seen Generation @ step 4520:
Input: Translate to Vietnamese: Sorry, that question's not on here.
Output: Xin lỗi, câu hỏi đó không phải ở đây.
--------------------------------------------------
2026-08-15 10:35:28 | Saving checkpoint to ./checkpoints\step_4520...
2026-08-15 10:35:28 | Checkpoint saved successfully!

2026-08-15 10:35:28 | Deleted old checkpoint: ./checkpoints\step_4510
2026-08-15 10:35:35 | Step 4525/6000 | Loss: 2.3476 | LR: 3.836551e-04
2026-08-15 10:35:38 |   >> Validation Loss: 2.3476
2026-08-15 10:35:38 |   --> Seen Generation @ step 4525:
Input: Translate to Vietnamese: Sorry, that question's not on here.
Output: Xin lỗi, câu hỏi đó không phải ở đây.
--------------------------------------------------
2026-08-15 10:35:38 | Saving checkpoint to ./checkpoints\step_4525...
2026-08-15 10:35:38 | Checkpoint saved successfully!

2026-08-15 10:35:38 | Deleted old checkpoint: ./checkpoints\step_4515
2026-08-15 10:35:46 | Step 4530/6000 | Loss: 2.3430 | LR: 3.833533e-04
2026-08-15 10:35:49 |   >> Validation Loss: 2.3483
2026-08-15 10:35:49 |   --> Seen Generation @ step 4530:
Input: Translate to Vietnamese: Sorry, that question's not on here.
Output: Xin lỗi, câu hỏi đó không phải ở đây.
--------------------------------------------------
2026-08-15 10:35:49 | Saving checkpoint to ./checkpoints\step_4530...
2026-08-15 10:35:49 | Checkpoint saved successfully!

2026-08-15 10:35:49 | Deleted old checkpoint: ./checkpoints\step_4520
2026-08-15 10:35:56 | Step 4535/6000 | Loss: 2.3141 | LR: 3.830512e-04
2026-08-15 10:35:59 |   >> Validation Loss: 2.3471
2026-08-15 10:35:59 |   --> Seen Generation @ step 4535:
Input: Translate to Vietnamese: Sorry, that question's not on here.
Output: Xin lỗi, câu hỏi đó không phải ở đây.
--------------------------------------------------
2026-08-15 10:35:59 | Saving checkpoint to ./checkpoints\step_4535...
2026-08-15 10:35:59 | Checkpoint saved successfully!

2026-08-15 10:35:59 | Deleted old checkpoint: ./checkpoints\step_4525
2026-08-15 10:36:06 | Step 4540/6000 | Loss: 2.3430 | LR: 3.827488e-04
2026-08-15 10:36:09 |   >> Validation Loss: 2.3470
2026-08-15 10:36:09 |   --> Seen Generation @ step 4540:
Input: Translate to Vietnamese: Sorry, that question's not on here.
Output: Xin lỗi, câu hỏi đó không phải ở đây.
--------------------------------------------------
2026-08-15 10:36:09 | Saving checkpoint to ./checkpoints\step_4540...
2026-08-15 10:36:10 | Checkpoint saved successfully!

2026-08-15 10:36:10 | Deleted old checkpoint: ./checkpoints\step_4530
2026-08-15 10:36:17 | Step 4545/6000 | Loss: 2.3666 | LR: 3.824462e-04
2026-08-15 10:36:20 |   >> Validation Loss: 2.3453
2026-08-15 10:36:20 |   --> Seen Generation @ step 4545:
Input: Translate to Vietnamese: Sorry, that question's not on here.
Output: Xin lỗi, câu hỏi đó không phải ở đây.
--------------------------------------------------
2026-08-15 10:36:20 | Saving checkpoint to ./checkpoints\step_4545...
2026-08-15 10:36:20 | Checkpoint saved successfully!

2026-08-15 10:36:20 | Deleted old checkpoint: ./checkpoints\step_4535
2026-08-15 10:36:27 | Step 4550/6000 | Loss: 2.3470 | LR: 3.821433e-04
2026-08-15 10:36:30 |   >> Validation Loss: 2.3454
2026-08-15 10:36:30 |   --> Seen Generation @ step 4550:
Input: Translate to Vietnamese: Sorry, that question's not on here.
Output: Xin lỗi, câu hỏi đó không phải ở đây.
--------------------------------------------------
2026-08-15 10:36:30 | Saving checkpoint to ./checkpoints\step_4550...
2026-08-15 10:36:30 | Checkpoint saved successfully!

2026-08-15 10:36:30 | Deleted old checkpoint: ./checkpoints\step_4540
2026-08-15 10:36:37 | Step 4555/6000 | Loss: 2.4026 | LR: 3.818401e-04
2026-08-15 10:36:40 |   >> Validation Loss: 2.3460
2026-08-15 10:36:40 |   --> Seen Generation @ step 4555:
Input: Translate to Vietnamese: Sorry, that question's not on here.
Output: Xin lỗi, câu hỏi đó không phải ở đây.
--------------------------------------------------
2026-08-15 10:36:40 | Saving checkpoint to ./checkpoints\step_4555...
2026-08-15 10:36:41 | Checkpoint saved successfully!

2026-08-15 10:36:41 | Deleted old checkpoint: ./checkpoints\step_4545
2026-08-15 10:36:48 | Step 4560/6000 | Loss: 2.4422 | LR: 3.815366e-04
2026-08-15 10:36:51 |   >> Validation Loss: 2.3453
2026-08-15 10:36:51 |   --> Seen Generation @ step 4560:
Input: Translate to Vietnamese: Sorry, that question's not on here.
Output: Xin lỗi, câu hỏi đó không phải ở đây.
--------------------------------------------------
2026-08-15 10:36:51 | Saving checkpoint to ./checkpoints\step_4560...
2026-08-15 10:36:51 | Checkpoint saved successfully!

2026-08-15 10:36:51 | Deleted old checkpoint: ./checkpoints\step_4550
2026-08-15 10:36:58 | Step 4565/6000 | Loss: 2.3685 | LR: 3.812329e-04
2026-08-15 10:37:01 |   >> Validation Loss: 2.3465
2026-08-15 10:37:01 |   --> Seen Generation @ step 4565:
Input: Translate to Vietnamese: Sorry, that question's not on here.
Output: Xin lỗi, câu hỏi đó không phải ở đây.
--------------------------------------------------
2026-08-15 10:37:01 | Saving checkpoint to ./checkpoints\step_4565...
2026-08-15 10:37:01 | Checkpoint saved successfully!

2026-08-15 10:37:01 | Deleted old checkpoint: ./checkpoints\step_4555
2026-08-15 10:37:08 | Step 4570/6000 | Loss: 2.4253 | LR: 3.809289e-04
2026-08-15 10:37:11 |   >> Validation Loss: 2.3454
2026-08-15 10:37:11 |   --> Seen Generation @ step 4570:
Input: Translate to Vietnamese: Sorry, that question's not on here.
Output: Xin lỗi, câu hỏi đó không phải ở đây.
--------------------------------------------------
2026-08-15 10:37:11 | Saving checkpoint to ./checkpoints\step_4570...
2026-08-15 10:37:12 | Checkpoint saved successfully!

2026-08-15 10:37:12 | Deleted old checkpoint: ./checkpoints\step_4560
2026-08-15 10:37:19 | Step 4575/6000 | Loss: 2.3564 | LR: 3.806246e-04
2026-08-15 10:37:22 |   >> Validation Loss: 2.3459
2026-08-15 10:37:22 |   --> Seen Generation @ step 4575:
Input: Translate to Vietnamese: Sorry, that question's not on here.
Output: Xin lỗi, câu hỏi đó không phải ở đây.
--------------------------------------------------
2026-08-15 10:37:22 | Saving checkpoint to ./checkpoints\step_4575...
2026-08-15 10:37:22 | Checkpoint saved successfully!

2026-08-15 10:37:22 | Deleted old checkpoint: ./checkpoints\step_4565
2026-08-15 10:37:29 | Step 4580/6000 | Loss: 2.3289 | LR: 3.803201e-04
2026-08-15 10:37:32 |   >> Validation Loss: 2.3490
2026-08-15 10:37:32 |   --> Seen Generation @ step 4580:
Input: Translate to Vietnamese: Sorry, that question's not on here.
Output: Xin lỗi, câu hỏi đó không phải ở đây.
--------------------------------------------------
2026-08-15 10:37:32 | Saving checkpoint to ./checkpoints\step_4580...
2026-08-15 10:37:32 | Checkpoint saved successfully!

2026-08-15 10:37:32 | Deleted old checkpoint: ./checkpoints\step_4570
2026-08-15 10:37:39 | Step 4585/6000 | Loss: 2.3821 | LR: 3.800153e-04
2026-08-15 10:37:42 |   >> Validation Loss: 2.3466
2026-08-15 10:37:43 |   --> Seen Generation @ step 4585:
Input: Translate to Vietnamese: Sorry, that question's not on here.
Output: Xin lỗi, câu hỏi đó không phải ở đây.
--------------------------------------------------
2026-08-15 10:37:43 | Saving checkpoint to ./checkpoints\step_4585...
2026-08-15 10:37:43 | Checkpoint saved successfully!

2026-08-15 10:37:43 | Deleted old checkpoint: ./checkpoints\step_4575
2026-08-15 10:37:50 | Step 4590/6000 | Loss: 2.3259 | LR: 3.797103e-04
2026-08-15 10:37:53 |   >> Validation Loss: 2.3454
2026-08-15 10:37:53 |   --> Seen Generation @ step 4590:
Input: Translate to Vietnamese: Sorry, that question's not on here.
Output: Xin lỗi, câu hỏi đó không nằm ở đây.
--------------------------------------------------
2026-08-15 10:37:53 | Saving checkpoint to ./checkpoints\step_4590...
2026-08-15 10:37:53 | Checkpoint saved successfully!

2026-08-15 10:37:53 | Deleted old checkpoint: ./checkpoints\step_4580
2026-08-15 10:38:00 | Step 4595/6000 | Loss: 2.3154 | LR: 3.794049e-04
2026-08-15 10:38:03 |   >> Validation Loss: 2.3463
2026-08-15 10:38:03 |   --> Seen Generation @ step 4595:
Input: Translate to Vietnamese: Sorry, that question's not on here.
Output: Xin lỗi, câu hỏi đó không phải ở đây.
--------------------------------------------------
2026-08-15 10:38:03 | Saving checkpoint to ./checkpoints\step_4595...
2026-08-15 10:38:03 | Checkpoint saved successfully!

2026-08-15 10:38:03 | Deleted old checkpoint: ./checkpoints\step_4585
2026-08-15 10:38:10 | Step 4600/6000 | Loss: 2.5026 | LR: 3.790994e-04
2026-08-15 10:38:14 |   >> Validation Loss: 2.3468
2026-08-15 10:38:14 |   --> Seen Generation @ step 4600:
Input: Translate to Vietnamese: Sorry, that question's not on here.
Output: Xin lỗi, câu hỏi đó không phải ở đây.
--------------------------------------------------
2026-08-15 10:38:14 | Saving checkpoint to ./checkpoints\step_4600...
2026-08-15 10:38:14 | Checkpoint saved successfully!

2026-08-15 10:38:14 | Deleted old checkpoint: ./checkpoints\step_4590
2026-08-15 10:38:21 | Step 4605/6000 | Loss: 2.3975 | LR: 3.787935e-04
2026-08-15 10:38:24 |   >> Validation Loss: 2.3459
2026-08-15 10:38:24 |   --> Seen Generation @ step 4605:
Input: Translate to Vietnamese: Sorry, that question's not on here.
Output: Xin lỗi, câu hỏi đó không phải ở đây.
--------------------------------------------------
2026-08-15 10:38:24 | Saving checkpoint to ./checkpoints\step_4605...
2026-08-15 10:38:24 | Checkpoint saved successfully!

2026-08-15 10:38:24 | Deleted old checkpoint: ./checkpoints\step_4595
2026-08-15 10:38:31 | Step 4610/6000 | Loss: 2.3336 | LR: 3.784874e-04
2026-08-15 10:38:34 |   >> Validation Loss: 2.3461
2026-08-15 10:38:34 |   --> Seen Generation @ step 4610:
Input: Translate to Vietnamese: Sorry, that question's not on here.
Output: Xin lỗi, câu hỏi đó không phải ở đây.
--------------------------------------------------
2026-08-15 10:38:34 | Saving checkpoint to ./checkpoints\step_4610...
2026-08-15 10:38:34 | Checkpoint saved successfully!

2026-08-15 10:38:34 | Deleted old checkpoint: ./checkpoints\step_4600
2026-08-15 10:38:42 | Step 4615/6000 | Loss: 2.3406 | LR: 3.781810e-04
2026-08-15 10:38:45 |   >> Validation Loss: 2.3431
2026-08-15 10:38:45 |   --> Seen Generation @ step 4615:
Input: Translate to Vietnamese: Sorry, that question's not on here.
Output: Xin lỗi, câu hỏi đó không phải ở đây.
--------------------------------------------------
2026-08-15 10:38:45 | Saving checkpoint to ./checkpoints\step_4615...
2026-08-15 10:38:45 | Checkpoint saved successfully!

2026-08-15 10:38:45 | Deleted old checkpoint: ./checkpoints\step_4605
2026-08-15 10:38:52 | Step 4620/6000 | Loss: 2.3834 | LR: 3.778744e-04
2026-08-15 10:38:55 |   >> Validation Loss: 2.3437
2026-08-15 10:38:55 |   --> Seen Generation @ step 4620:
Input: Translate to Vietnamese: Sorry, that question's not on here.
Output: Xin lỗi, câu hỏi đó không phải ở đây.
--------------------------------------------------
2026-08-15 10:38:55 | Saving checkpoint to ./checkpoints\step_4620...
2026-08-15 10:38:55 | Checkpoint saved successfully!

2026-08-15 10:38:55 | Deleted old checkpoint: ./checkpoints\step_4610
2026-08-15 10:39:02 | Step 4625/6000 | Loss: 2.4382 | LR: 3.775675e-04
2026-08-15 10:39:05 |   >> Validation Loss: 2.3424
2026-08-15 10:39:05 |   --> Seen Generation @ step 4625:
Input: Translate to Vietnamese: Sorry, that question's not on here.
Output: Xin lỗi, câu hỏi đó không phải ở đây.
--------------------------------------------------
2026-08-15 10:39:05 | Saving checkpoint to ./checkpoints\step_4625...
2026-08-15 10:39:05 | Checkpoint saved successfully!

2026-08-15 10:39:05 | Deleted old checkpoint: ./checkpoints\step_4615
2026-08-15 10:39:13 | Step 4630/6000 | Loss: 2.3734 | LR: 3.772604e-04
2026-08-15 10:39:16 |   >> Validation Loss: 2.3426
2026-08-15 10:39:16 |   --> Seen Generation @ step 4630:
Input: Translate to Vietnamese: Sorry, that question's not on here.
Output: Xin lỗi, câu hỏi đó không phải ở đây.
--------------------------------------------------
2026-08-15 10:39:16 | Saving checkpoint to ./checkpoints\step_4630...
2026-08-15 10:39:16 | Checkpoint saved successfully!

2026-08-15 10:39:16 | Deleted old checkpoint: ./checkpoints\step_4620
2026-08-15 10:39:23 | Step 4635/6000 | Loss: 2.3578 | LR: 3.769529e-04
2026-08-15 10:39:26 |   >> Validation Loss: 2.3415
2026-08-15 10:39:26 |   --> Seen Generation @ step 4635:
Input: Translate to Vietnamese: Sorry, that question's not on here.
Output: Xin lỗi, câu hỏi đó không phải ở đây.
--------------------------------------------------
2026-08-15 10:39:26 | Saving checkpoint to ./checkpoints\step_4635...
2026-08-15 10:39:26 | Checkpoint saved successfully!

2026-08-15 10:39:26 | Deleted old checkpoint: ./checkpoints\step_4625
2026-08-15 10:39:33 | Step 4640/6000 | Loss: 2.3902 | LR: 3.766453e-04
2026-08-15 10:39:36 |   >> Validation Loss: 2.3413
2026-08-15 10:39:36 |   --> Seen Generation @ step 4640:
Input: Translate to Vietnamese: Sorry, that question's not on here.
Output: Xin lỗi, câu hỏi đó không phải ở đây.
--------------------------------------------------
2026-08-15 10:39:36 | Saving checkpoint to ./checkpoints\step_4640...
2026-08-15 10:39:36 | Checkpoint saved successfully!

2026-08-15 10:39:36 | Deleted old checkpoint: ./checkpoints\step_4630
2026-08-15 10:39:44 | Step 4645/6000 | Loss: 2.4087 | LR: 3.763373e-04
2026-08-15 10:39:47 |   >> Validation Loss: 2.3415
2026-08-15 10:39:47 |   --> Seen Generation @ step 4645:
Input: Translate to Vietnamese: Sorry, that question's not on here.
Output: Xin lỗi, câu hỏi đó không phải ở đây.
--------------------------------------------------
2026-08-15 10:39:47 | Saving checkpoint to ./checkpoints\step_4645...
2026-08-15 10:39:47 | Checkpoint saved successfully!

2026-08-15 10:39:47 | Deleted old checkpoint: ./checkpoints\step_4635
2026-08-15 10:39:54 | Step 4650/6000 | Loss: 2.3706 | LR: 3.760291e-04
2026-08-15 10:39:57 |   >> Validation Loss: 2.3400
2026-08-15 10:39:57 |   --> Seen Generation @ step 4650:
Input: Translate to Vietnamese: Sorry, that question's not on here.
Output: Xin lỗi, câu hỏi đó không phải ở đây.
--------------------------------------------------
2026-08-15 10:39:57 | Saving checkpoint to ./checkpoints\step_4650...
2026-08-15 10:39:57 | Checkpoint saved successfully!

2026-08-15 10:39:57 | Deleted old checkpoint: ./checkpoints\step_4640
2026-08-15 10:40:04 | Step 4655/6000 | Loss: 2.3649 | LR: 3.757207e-04
2026-08-15 10:40:07 |   >> Validation Loss: 2.3385
2026-08-15 10:40:07 |   --> Seen Generation @ step 4655:
Input: Translate to Vietnamese: Sorry, that question's not on here.
Output: Xin lỗi, câu hỏi đó không phải ở đây.
--------------------------------------------------
2026-08-15 10:40:07 | Saving checkpoint to ./checkpoints\step_4655...
2026-08-15 10:40:08 | Checkpoint saved successfully!

2026-08-15 10:40:08 | Deleted old checkpoint: ./checkpoints\step_4645
2026-08-15 10:40:15 | Step 4660/6000 | Loss: 2.3661 | LR: 3.754120e-04
2026-08-15 10:40:18 |   >> Validation Loss: 2.3397
2026-08-15 10:40:18 |   --> Seen Generation @ step 4660:
Input: Translate to Vietnamese: Sorry, that question's not on here.
Output: Xin lỗi, câu hỏi đó không phải ở đây.
--------------------------------------------------
2026-08-15 10:40:18 | Saving checkpoint to ./checkpoints\step_4660...
2026-08-15 10:40:18 | Checkpoint saved successfully!

2026-08-15 10:40:18 | Deleted old checkpoint: ./checkpoints\step_4650
2026-08-15 10:40:25 | Step 4665/6000 | Loss: 2.3905 | LR: 3.751030e-04
2026-08-15 10:40:28 |   >> Validation Loss: 2.3384
2026-08-15 10:40:28 |   --> Seen Generation @ step 4665:
Input: Translate to Vietnamese: Sorry, that question's not on here.
Output: Xin lỗi, câu hỏi đó không phải ở đây.
--------------------------------------------------
2026-08-15 10:40:28 | Saving checkpoint to ./checkpoints\step_4665...
2026-08-15 10:40:28 | Checkpoint saved successfully!

2026-08-15 10:40:28 | Deleted old checkpoint: ./checkpoints\step_4655
2026-08-15 10:40:36 | Step 4670/6000 | Loss: 2.4462 | LR: 3.747938e-04
2026-08-15 10:40:39 |   >> Validation Loss: 2.3377
2026-08-15 10:40:39 |   --> Seen Generation @ step 4670:
Input: Translate to Vietnamese: Sorry, that question's not on here.
Output: Xin lỗi, câu hỏi đó không phải ở đây.
--------------------------------------------------
2026-08-15 10:40:39 | Saving checkpoint to ./checkpoints\step_4670...
2026-08-15 10:40:39 | Checkpoint saved successfully!

2026-08-15 10:40:39 | Deleted old checkpoint: ./checkpoints\step_4660
2026-08-15 10:40:46 | Step 4675/6000 | Loss: 2.3086 | LR: 3.744844e-04
2026-08-15 10:40:49 |   >> Validation Loss: 2.3366
2026-08-15 10:40:49 |   --> Seen Generation @ step 4675:
Input: Translate to Vietnamese: Sorry, that question's not on here.
Output: Xin lỗi, câu hỏi đó không phải ở đây.
--------------------------------------------------
2026-08-15 10:40:49 | Saving checkpoint to ./checkpoints\step_4675...
2026-08-15 10:40:49 | Checkpoint saved successfully!

2026-08-15 10:40:49 | Deleted old checkpoint: ./checkpoints\step_4665
2026-08-15 10:40:57 | Step 4680/6000 | Loss: 2.4522 | LR: 3.741746e-04
2026-08-15 10:41:00 |   >> Validation Loss: 2.3369
2026-08-15 10:41:00 |   --> Seen Generation @ step 4680:
Input: Translate to Vietnamese: Sorry, that question's not on here.
Output: Xin lỗi, câu hỏi đó không phải ở đây.
--------------------------------------------------
2026-08-15 10:41:00 | Saving checkpoint to ./checkpoints\step_4680...
2026-08-15 10:41:00 | Checkpoint saved successfully!

2026-08-15 10:41:00 | Deleted old checkpoint: ./checkpoints\step_4670
2026-08-15 10:41:07 | Step 4685/6000 | Loss: 2.3315 | LR: 3.738647e-04
2026-08-15 10:41:10 |   >> Validation Loss: 2.3381
2026-08-15 10:41:10 |   --> Seen Generation @ step 4685:
Input: Translate to Vietnamese: Sorry, that question's not on here.
Output: Xin lỗi, câu hỏi không có ở đây.
--------------------------------------------------
2026-08-15 10:41:10 | Saving checkpoint to ./checkpoints\step_4685...
2026-08-15 10:41:10 | Checkpoint saved successfully!

2026-08-15 10:41:10 | Deleted old checkpoint: ./checkpoints\step_4675
2026-08-15 10:41:17 | Step 4690/6000 | Loss: 2.3239 | LR: 3.735544e-04
2026-08-15 10:41:20 |   >> Validation Loss: 2.3372
2026-08-15 10:41:21 |   --> Seen Generation @ step 4690:
Input: Translate to Vietnamese: Sorry, that question's not on here.
Output: Xin lỗi, câu hỏi đó không phải ở đây.
--------------------------------------------------
2026-08-15 10:41:21 | Saving checkpoint to ./checkpoints\step_4690...
2026-08-15 10:41:21 | Checkpoint saved successfully!

2026-08-15 10:41:21 | Deleted old checkpoint: ./checkpoints\step_4680
2026-08-15 10:41:28 | Step 4695/6000 | Loss: 2.3478 | LR: 3.732440e-04
2026-08-15 10:41:31 |   >> Validation Loss: 2.3365
2026-08-15 10:41:31 |   --> Seen Generation @ step 4695:
Input: Translate to Vietnamese: Sorry, that question's not on here.
Output: Xin lỗi, câu hỏi không phải ở đây.
--------------------------------------------------
2026-08-15 10:41:31 | Saving checkpoint to ./checkpoints\step_4695...
2026-08-15 10:41:31 | Checkpoint saved successfully!

2026-08-15 10:41:31 | Deleted old checkpoint: ./checkpoints\step_4685
2026-08-15 10:41:38 | Step 4700/6000 | Loss: 2.3477 | LR: 3.729332e-04
2026-08-15 10:41:41 |   >> Validation Loss: 2.3359
2026-08-15 10:41:41 |   --> Seen Generation @ step 4700:
Input: Translate to Vietnamese: Sorry, that question's not on here.
Output: Xin lỗi, câu hỏi không phải ở đây.
--------------------------------------------------
2026-08-15 10:41:41 | Saving checkpoint to ./checkpoints\step_4700...
2026-08-15 10:41:41 | Checkpoint saved successfully!

2026-08-15 10:41:41 | Deleted old checkpoint: ./checkpoints\step_4690
2026-08-15 10:41:48 | Step 4705/6000 | Loss: 2.3463 | LR: 3.726223e-04
2026-08-15 10:41:51 |   >> Validation Loss: 2.3383
2026-08-15 10:41:51 |   --> Seen Generation @ step 4705:
Input: Translate to Vietnamese: Sorry, that question's not on here.
Output: Xin lỗi, câu hỏi đó không phải ở đây.
--------------------------------------------------
2026-08-15 10:41:51 | Saving checkpoint to ./checkpoints\step_4705...
2026-08-15 10:41:52 | Checkpoint saved successfully!

2026-08-15 10:41:52 | Deleted old checkpoint: ./checkpoints\step_4695
2026-08-15 10:41:59 | Step 4710/6000 | Loss: 2.4256 | LR: 3.723110e-04
2026-08-15 10:42:02 |   >> Validation Loss: 2.3382
2026-08-15 10:42:02 |   --> Seen Generation @ step 4710:
Input: Translate to Vietnamese: Sorry, that question's not on here.
Output: Xin lỗi, câu hỏi đó không phải ở đây.
--------------------------------------------------
2026-08-15 10:42:02 | Saving checkpoint to ./checkpoints\step_4710...
2026-08-15 10:42:02 | Checkpoint saved successfully!

2026-08-15 10:42:02 | Deleted old checkpoint: ./checkpoints\step_4700
2026-08-15 10:42:09 | Step 4715/6000 | Loss: 2.3488 | LR: 3.719995e-04
2026-08-15 10:42:12 |   >> Validation Loss: 2.3382
2026-08-15 10:42:12 |   --> Seen Generation @ step 4715:
Input: Translate to Vietnamese: Sorry, that question's not on here.
Output: Xin lỗi, câu hỏi đó không phải ở đây.
--------------------------------------------------
2026-08-15 10:42:12 | Saving checkpoint to ./checkpoints\step_4715...
2026-08-15 10:42:12 | Checkpoint saved successfully!

2026-08-15 10:42:12 | Deleted old checkpoint: ./checkpoints\step_4705
2026-08-15 10:42:19 | Step 4720/6000 | Loss: 2.3690 | LR: 3.716878e-04
2026-08-15 10:42:22 |   >> Validation Loss: 2.3399
2026-08-15 10:42:22 |   --> Seen Generation @ step 4720:
Input: Translate to Vietnamese: Sorry, that question's not on here.
Output: Xin lỗi, câu hỏi đó không phải ở đây.
--------------------------------------------------
2026-08-15 10:42:22 | Saving checkpoint to ./checkpoints\step_4720...
2026-08-15 10:42:23 | Checkpoint saved successfully!

2026-08-15 10:42:23 | Deleted old checkpoint: ./checkpoints\step_4710
2026-08-15 10:42:30 | Step 4725/6000 | Loss: 2.3216 | LR: 3.713758e-04
2026-08-15 10:42:33 |   >> Validation Loss: 2.3360
2026-08-15 10:42:33 |   --> Seen Generation @ step 4725:
Input: Translate to Vietnamese: Sorry, that question's not on here.
Output: Xin lỗi, câu hỏi đó không phải ở đây.
--------------------------------------------------
2026-08-15 10:42:33 | Saving checkpoint to ./checkpoints\step_4725...
2026-08-15 10:42:33 | Checkpoint saved successfully!

2026-08-15 10:42:33 | Deleted old checkpoint: ./checkpoints\step_4715
2026-08-15 10:42:40 | Step 4730/6000 | Loss: 2.3157 | LR: 3.710636e-04
2026-08-15 10:42:43 |   >> Validation Loss: 2.3359
2026-08-15 10:42:43 |   --> Seen Generation @ step 4730:
Input: Translate to Vietnamese: Sorry, that question's not on here.
Output: Xin lỗi, câu hỏi đó không phải ở đây.
--------------------------------------------------
2026-08-15 10:42:43 | Saving checkpoint to ./checkpoints\step_4730...
2026-08-15 10:42:43 | Checkpoint saved successfully!

2026-08-15 10:42:43 | Deleted old checkpoint: ./checkpoints\step_4720
2026-08-15 10:42:50 | Step 4735/6000 | Loss: 2.3616 | LR: 3.707511e-04
2026-08-15 10:42:53 |   >> Validation Loss: 2.3365
2026-08-15 10:42:53 |   --> Seen Generation @ step 4735:
Input: Translate to Vietnamese: Sorry, that question's not on here.
Output: Xin lỗi, câu hỏi đó không phải ở đây.
--------------------------------------------------
2026-08-15 10:42:53 | Saving checkpoint to ./checkpoints\step_4735...
2026-08-15 10:42:53 | Checkpoint saved successfully!

2026-08-15 10:42:53 | Deleted old checkpoint: ./checkpoints\step_4725
2026-08-15 10:43:01 | Step 4740/6000 | Loss: 2.3893 | LR: 3.704384e-04
2026-08-15 10:43:04 |   >> Validation Loss: 2.3377
2026-08-15 10:43:04 |   --> Seen Generation @ step 4740:
Input: Translate to Vietnamese: Sorry, that question's not on here.
Output: Xin lỗi, câu hỏi đó không phải ở đây.
--------------------------------------------------
2026-08-15 10:43:04 | Saving checkpoint to ./checkpoints\step_4740...
2026-08-15 10:43:04 | Checkpoint saved successfully!

2026-08-15 10:43:04 | Deleted old checkpoint: ./checkpoints\step_4730
2026-08-15 10:43:11 | Step 4745/6000 | Loss: 2.4067 | LR: 3.701255e-04
2026-08-15 10:43:14 |   >> Validation Loss: 2.3355
2026-08-15 10:43:14 |   --> Seen Generation @ step 4745:
Input: Translate to Vietnamese: Sorry, that question's not on here.
Output: Xin lỗi, câu hỏi đó không nằm ở đây.
--------------------------------------------------
2026-08-15 10:43:14 | Saving checkpoint to ./checkpoints\step_4745...
2026-08-15 10:43:14 | Checkpoint saved successfully!

2026-08-15 10:43:14 | Deleted old checkpoint: ./checkpoints\step_4735
2026-08-15 10:43:21 | Step 4750/6000 | Loss: 2.3527 | LR: 3.698122e-04
2026-08-15 10:43:24 |   >> Validation Loss: 2.3343
2026-08-15 10:43:24 |   --> Seen Generation @ step 4750:
Input: Translate to Vietnamese: Sorry, that question's not on here.
Output: Xin lỗi, câu hỏi đó không phải ở đây.
--------------------------------------------------
2026-08-15 10:43:24 | Saving checkpoint to ./checkpoints\step_4750...
2026-08-15 10:43:25 | Checkpoint saved successfully!

2026-08-15 10:43:25 | Deleted old checkpoint: ./checkpoints\step_4740
2026-08-15 10:43:32 | Step 4755/6000 | Loss: 2.3088 | LR: 3.694988e-04
2026-08-15 10:43:35 |   >> Validation Loss: 2.3345
2026-08-15 10:43:35 |   --> Seen Generation @ step 4755:
Input: Translate to Vietnamese: Sorry, that question's not on here.
Output: Xin lỗi, câu hỏi đó không phải ở đây.
--------------------------------------------------
2026-08-15 10:43:35 | Saving checkpoint to ./checkpoints\step_4755...
2026-08-15 10:43:35 | Checkpoint saved successfully!

2026-08-15 10:43:35 | Deleted old checkpoint: ./checkpoints\step_4745
2026-08-15 10:43:42 | Step 4760/6000 | Loss: 2.3614 | LR: 3.691851e-04
2026-08-15 10:43:45 |   >> Validation Loss: 2.3344
2026-08-15 10:43:45 |   --> Seen Generation @ step 4760:
Input: Translate to Vietnamese: Sorry, that question's not on here.
Output: Xin lỗi, câu hỏi không ở đây.
--------------------------------------------------
2026-08-15 10:43:45 | Saving checkpoint to ./checkpoints\step_4760...
2026-08-15 10:43:45 | Checkpoint saved successfully!

2026-08-15 10:43:45 | Deleted old checkpoint: ./checkpoints\step_4750
2026-08-15 10:43:52 | Step 4765/6000 | Loss: 2.3216 | LR: 3.688712e-04
2026-08-15 10:43:55 |   >> Validation Loss: 2.3318
2026-08-15 10:43:55 |   --> Seen Generation @ step 4765:
Input: Translate to Vietnamese: Sorry, that question's not on here.
Output: Xin lỗi, câu hỏi không ở đây.
--------------------------------------------------
2026-08-15 10:43:55 | Saving checkpoint to ./checkpoints\step_4765...
2026-08-15 10:43:56 | Checkpoint saved successfully!

2026-08-15 10:43:56 | Deleted old checkpoint: ./checkpoints\step_4755
2026-08-15 10:44:03 | Step 4770/6000 | Loss: 2.3296 | LR: 3.685570e-04
2026-08-15 10:44:06 |   >> Validation Loss: 2.3331
2026-08-15 10:44:06 |   --> Seen Generation @ step 4770:
Input: Translate to Vietnamese: Sorry, that question's not on here.
Output: Xin lỗi, câu hỏi không phải ở đây.
--------------------------------------------------
2026-08-15 10:44:06 | Saving checkpoint to ./checkpoints\step_4770...
2026-08-15 10:44:06 | Checkpoint saved successfully!

2026-08-15 10:44:06 | Deleted old checkpoint: ./checkpoints\step_4760
2026-08-15 10:44:13 | Step 4775/6000 | Loss: 2.3712 | LR: 3.682426e-04
2026-08-15 10:44:16 |   >> Validation Loss: 2.3324
2026-08-15 10:44:16 |   --> Seen Generation @ step 4775:
Input: Translate to Vietnamese: Sorry, that question's not on here.
Output: Xin lỗi, câu hỏi không ở đây.
--------------------------------------------------
2026-08-15 10:44:16 | Saving checkpoint to ./checkpoints\step_4775...
2026-08-15 10:44:16 | Checkpoint saved successfully!

2026-08-15 10:44:16 | Deleted old checkpoint: ./checkpoints\step_4765
2026-08-15 10:44:23 | Step 4780/6000 | Loss: 2.3821 | LR: 3.679279e-04
2026-08-15 10:44:26 |   >> Validation Loss: 2.3323
2026-08-15 10:44:26 |   --> Seen Generation @ step 4780:
Input: Translate to Vietnamese: Sorry, that question's not on here.
Output: Xin lỗi, câu hỏi không phải ở đây.
--------------------------------------------------
2026-08-15 10:44:26 | Saving checkpoint to ./checkpoints\step_4780...
2026-08-15 10:44:27 | Checkpoint saved successfully!

2026-08-15 10:44:27 | Deleted old checkpoint: ./checkpoints\step_4770
2026-08-15 10:44:34 | Step 4785/6000 | Loss: 2.3818 | LR: 3.676130e-04
2026-08-15 10:44:37 |   >> Validation Loss: 2.3340
2026-08-15 10:44:37 |   --> Seen Generation @ step 4785:
Input: Translate to Vietnamese: Sorry, that question's not on here.
Output: Xin lỗi, câu hỏi không ở đây.
--------------------------------------------------
2026-08-15 10:44:37 | Saving checkpoint to ./checkpoints\step_4785...
2026-08-15 10:44:37 | Checkpoint saved successfully!

2026-08-15 10:44:37 | Deleted old checkpoint: ./checkpoints\step_4775
2026-08-15 10:44:44 | Step 4790/6000 | Loss: 2.4100 | LR: 3.672978e-04
2026-08-15 10:44:47 |   >> Validation Loss: 2.3325
2026-08-15 10:44:47 |   --> Seen Generation @ step 4790:
Input: Translate to Vietnamese: Sorry, that question's not on here.
Output: Xin lỗi, câu hỏi không ở đây.
--------------------------------------------------
2026-08-15 10:44:47 | Saving checkpoint to ./checkpoints\step_4790...
2026-08-15 10:44:47 | Checkpoint saved successfully!

2026-08-15 10:44:47 | Deleted old checkpoint: ./checkpoints\step_4780
2026-08-15 10:44:54 | Step 4795/6000 | Loss: 2.3106 | LR: 3.669825e-04
2026-08-15 10:44:57 |   >> Validation Loss: 2.3347
2026-08-15 10:44:57 |   --> Seen Generation @ step 4795:
Input: Translate to Vietnamese: Sorry, that question's not on here.
Output: Xin lỗi, câu hỏi không ở đây.
--------------------------------------------------
2026-08-15 10:44:57 | Saving checkpoint to ./checkpoints\step_4795...
2026-08-15 10:44:58 | Checkpoint saved successfully!

2026-08-15 10:44:58 | Deleted old checkpoint: ./checkpoints\step_4785
2026-08-15 10:45:05 | Step 4800/6000 | Loss: 2.2793 | LR: 3.666668e-04
2026-08-15 10:45:08 |   >> Validation Loss: 2.3329
2026-08-15 10:45:08 |   --> Seen Generation @ step 4800:
Input: Translate to Vietnamese: Sorry, that question's not on here.
Output: Xin lỗi, câu hỏi đó không phải ở đây.
--------------------------------------------------
2026-08-15 10:45:08 | Saving checkpoint to ./checkpoints\step_4800...
2026-08-15 10:45:08 | Checkpoint saved successfully!

2026-08-15 10:45:08 | Deleted old checkpoint: ./checkpoints\step_4790
2026-08-15 10:45:15 | Step 4805/6000 | Loss: 2.4272 | LR: 3.663510e-04
2026-08-15 10:45:18 |   >> Validation Loss: 2.3336
2026-08-15 10:45:18 |   --> Seen Generation @ step 4805:
Input: Translate to Vietnamese: Sorry, that question's not on here.
Output: Xin lỗi, câu hỏi đó không phải ở đây.
--------------------------------------------------
2026-08-15 10:45:18 | Saving checkpoint to ./checkpoints\step_4805...
2026-08-15 10:45:18 | Checkpoint saved successfully!

2026-08-15 10:45:18 | Deleted old checkpoint: ./checkpoints\step_4795
2026-08-15 10:45:25 | Step 4810/6000 | Loss: 2.3668 | LR: 3.660349e-04
2026-08-15 10:45:29 |   >> Validation Loss: 2.3332
2026-08-15 10:45:29 |   --> Seen Generation @ step 4810:
Input: Translate to Vietnamese: Sorry, that question's not on here.
Output: Xin lỗi, câu hỏi đó không phải ở đây.
--------------------------------------------------
2026-08-15 10:45:29 | Saving checkpoint to ./checkpoints\step_4810...
2026-08-15 10:45:29 | Checkpoint saved successfully!

2026-08-15 10:45:29 | Deleted old checkpoint: ./checkpoints\step_4800
2026-08-15 10:45:36 | Step 4815/6000 | Loss: 2.3691 | LR: 3.657185e-04
2026-08-15 10:45:39 |   >> Validation Loss: 2.3319
2026-08-15 10:45:39 |   --> Seen Generation @ step 4815:
Input: Translate to Vietnamese: Sorry, that question's not on here.
Output: Xin lỗi, câu hỏi đó không ở đây.
--------------------------------------------------
2026-08-15 10:45:39 | Saving checkpoint to ./checkpoints\step_4815...
2026-08-15 10:45:39 | Checkpoint saved successfully!

2026-08-15 10:45:39 | Deleted old checkpoint: ./checkpoints\step_4805
2026-08-15 10:45:46 | Step 4820/6000 | Loss: 2.4390 | LR: 3.654020e-04
2026-08-15 10:45:49 |   >> Validation Loss: 2.3322
2026-08-15 10:45:49 |   --> Seen Generation @ step 4820:
Input: Translate to Vietnamese: Sorry, that question's not on here.
Output: Xin lỗi, câu hỏi đó không ở đây.
--------------------------------------------------
2026-08-15 10:45:49 | Saving checkpoint to ./checkpoints\step_4820...
2026-08-15 10:45:49 | Checkpoint saved successfully!

2026-08-15 10:45:49 | Deleted old checkpoint: ./checkpoints\step_4810
2026-08-15 10:45:57 | Step 4825/6000 | Loss: 2.3049 | LR: 3.650852e-04
2026-08-15 10:46:00 |   >> Validation Loss: 2.3304
2026-08-15 10:46:00 |   --> Seen Generation @ step 4825:
Input: Translate to Vietnamese: Sorry, that question's not on here.
Output: Xin lỗi, câu hỏi đó không nằm ở đây.
--------------------------------------------------
2026-08-15 10:46:00 | Saving checkpoint to ./checkpoints\step_4825...
2026-08-15 10:46:00 | Checkpoint saved successfully!

2026-08-15 10:46:00 | Deleted old checkpoint: ./checkpoints\step_4815
2026-08-15 10:46:07 | Step 4830/6000 | Loss: 2.3679 | LR: 3.647681e-04
2026-08-15 10:46:10 |   >> Validation Loss: 2.3320
2026-08-15 10:46:10 |   --> Seen Generation @ step 4830:
Input: Translate to Vietnamese: Sorry, that question's not on here.
Output: Xin lỗi, câu hỏi không ở đây.
--------------------------------------------------
2026-08-15 10:46:10 | Saving checkpoint to ./checkpoints\step_4830...
2026-08-15 10:46:10 | Checkpoint saved successfully!

2026-08-15 10:46:10 | Deleted old checkpoint: ./checkpoints\step_4820
2026-08-15 10:46:17 | Step 4835/6000 | Loss: 2.3809 | LR: 3.644508e-04
2026-08-15 10:46:20 |   >> Validation Loss: 2.3296
2026-08-15 10:46:21 |   --> Seen Generation @ step 4835:
Input: Translate to Vietnamese: Sorry, that question's not on here.
Output: Xin lỗi, câu hỏi đó không phải ở đây.
--------------------------------------------------
2026-08-15 10:46:21 | Saving checkpoint to ./checkpoints\step_4835...
2026-08-15 10:46:21 | Checkpoint saved successfully!

2026-08-15 10:46:21 | Deleted old checkpoint: ./checkpoints\step_4825
2026-08-15 10:46:28 | Step 4840/6000 | Loss: 2.3883 | LR: 3.641333e-04
2026-08-15 10:46:31 |   >> Validation Loss: 2.3292
2026-08-15 10:46:31 |   --> Seen Generation @ step 4840:
Input: Translate to Vietnamese: Sorry, that question's not on here.
Output: Xin lỗi, câu hỏi đó không phải ở đây.
--------------------------------------------------
2026-08-15 10:46:31 | Saving checkpoint to ./checkpoints\step_4840...
2026-08-15 10:46:31 | Checkpoint saved successfully!

2026-08-15 10:46:31 | Deleted old checkpoint: ./checkpoints\step_4830
2026-08-15 10:46:38 | Step 4845/6000 | Loss: 2.3719 | LR: 3.638156e-04
2026-08-15 10:46:41 |   >> Validation Loss: 2.3312
2026-08-15 10:46:41 |   --> Seen Generation @ step 4845:
Input: Translate to Vietnamese: Sorry, that question's not on here.
Output: Xin lỗi, câu hỏi không ở đây.
--------------------------------------------------
2026-08-15 10:46:41 | Saving checkpoint to ./checkpoints\step_4845...
2026-08-15 10:46:41 | Checkpoint saved successfully!

2026-08-15 10:46:41 | Deleted old checkpoint: ./checkpoints\step_4835
2026-08-15 10:46:48 | Step 4850/6000 | Loss: 2.3883 | LR: 3.634976e-04
2026-08-15 10:46:52 |   >> Validation Loss: 2.3307
2026-08-15 10:46:52 |   --> Seen Generation @ step 4850:
Input: Translate to Vietnamese: Sorry, that question's not on here.
Output: Xin lỗi, câu hỏi đó không phải ở đây.
--------------------------------------------------
2026-08-15 10:46:52 | Saving checkpoint to ./checkpoints\step_4850...
2026-08-15 10:46:52 | Checkpoint saved successfully!

2026-08-15 10:46:52 | Deleted old checkpoint: ./checkpoints\step_4840
2026-08-15 10:46:59 | Step 4855/6000 | Loss: 2.3220 | LR: 3.631794e-04
2026-08-15 10:47:02 |   >> Validation Loss: 2.3295
2026-08-15 10:47:02 |   --> Seen Generation @ step 4855:
Input: Translate to Vietnamese: Sorry, that question's not on here.
Output: Xin lỗi, câu hỏi không phải ở đây.
--------------------------------------------------
2026-08-15 10:47:02 | Saving checkpoint to ./checkpoints\step_4855...
2026-08-15 10:47:02 | Checkpoint saved successfully!

2026-08-15 10:47:02 | Deleted old checkpoint: ./checkpoints\step_4845
2026-08-15 10:47:09 | Step 4860/6000 | Loss: 2.4268 | LR: 3.628610e-04
2026-08-15 10:47:12 |   >> Validation Loss: 2.3294
2026-08-15 10:47:12 |   --> Seen Generation @ step 4860:
Input: Translate to Vietnamese: Sorry, that question's not on here.
Output: Xin lỗi, câu hỏi không phải ở đây.
--------------------------------------------------
2026-08-15 10:47:12 | Saving checkpoint to ./checkpoints\step_4860...
2026-08-15 10:47:12 | Checkpoint saved successfully!

2026-08-15 10:47:12 | Deleted old checkpoint: ./checkpoints\step_4850
2026-08-15 10:47:19 | Step 4865/6000 | Loss: 2.4795 | LR: 3.625423e-04
2026-08-15 10:47:23 |   >> Validation Loss: 2.3327
2026-08-15 10:47:23 |   --> Seen Generation @ step 4865:
Input: Translate to Vietnamese: Sorry, that question's not on here.
Output: Xin lỗi, câu hỏi đó không phải ở đây.
--------------------------------------------------
2026-08-15 10:47:23 | Saving checkpoint to ./checkpoints\step_4865...
2026-08-15 10:47:23 | Checkpoint saved successfully!

2026-08-15 10:47:23 | Deleted old checkpoint: ./checkpoints\step_4855
2026-08-15 10:47:30 | Step 4870/6000 | Loss: 2.3525 | LR: 3.622234e-04
2026-08-15 10:47:33 |   >> Validation Loss: 2.3293
2026-08-15 10:47:33 |   --> Seen Generation @ step 4870:
Input: Translate to Vietnamese: Sorry, that question's not on here.
Output: Xin lỗi, câu hỏi đó không phải ở đây.
--------------------------------------------------
2026-08-15 10:47:33 | Saving checkpoint to ./checkpoints\step_4870...
2026-08-15 10:47:33 | Checkpoint saved successfully!

2026-08-15 10:47:33 | Deleted old checkpoint: ./checkpoints\step_4860
2026-08-15 10:47:40 | Step 4875/6000 | Loss: 2.2865 | LR: 3.619043e-04
2026-08-15 10:47:43 |   >> Validation Loss: 2.3285
2026-08-15 10:47:43 |   --> Seen Generation @ step 4875:
Input: Translate to Vietnamese: Sorry, that question's not on here.
Output: Xin lỗi, câu hỏi đó không phải ở đây.
--------------------------------------------------
2026-08-15 10:47:43 | Saving checkpoint to ./checkpoints\step_4875...
2026-08-15 10:47:43 | Checkpoint saved successfully!

2026-08-15 10:47:44 | Deleted old checkpoint: ./checkpoints\step_4865
2026-08-15 10:47:51 | Step 4880/6000 | Loss: 2.3225 | LR: 3.615850e-04
2026-08-15 10:47:54 |   >> Validation Loss: 2.3254
2026-08-15 10:47:54 |   --> Seen Generation @ step 4880:
Input: Translate to Vietnamese: Sorry, that question's not on here.
Output: Xin lỗi, câu hỏi đó không phải ở đây.
--------------------------------------------------
2026-08-15 10:47:54 | Saving checkpoint to ./checkpoints\step_4880...
2026-08-15 10:47:54 | Checkpoint saved successfully!

2026-08-15 10:47:54 | Deleted old checkpoint: ./checkpoints\step_4870
2026-08-15 10:48:01 | Step 4885/6000 | Loss: 2.3246 | LR: 3.612654e-04
2026-08-15 10:48:04 |   >> Validation Loss: 2.3258
2026-08-15 10:48:04 |   --> Seen Generation @ step 4885:
Input: Translate to Vietnamese: Sorry, that question's not on here.
Output: Xin lỗi, câu hỏi đó không phải ở đây.
--------------------------------------------------
2026-08-15 10:48:04 | Saving checkpoint to ./checkpoints\step_4885...
2026-08-15 10:48:04 | Checkpoint saved successfully!

2026-08-15 10:48:04 | Deleted old checkpoint: ./checkpoints\step_4875
2026-08-15 10:48:11 | Step 4890/6000 | Loss: 2.3601 | LR: 3.609456e-04
2026-08-15 10:48:14 |   >> Validation Loss: 2.3269
2026-08-15 10:48:14 |   --> Seen Generation @ step 4890:
Input: Translate to Vietnamese: Sorry, that question's not on here.
Output: Xin lỗi, câu hỏi đó không phải ở đây.
--------------------------------------------------
2026-08-15 10:48:14 | Saving checkpoint to ./checkpoints\step_4890...
2026-08-15 10:48:15 | Checkpoint saved successfully!

2026-08-15 10:48:15 | Deleted old checkpoint: ./checkpoints\step_4880
2026-08-15 10:48:22 | Step 4895/6000 | Loss: 2.3219 | LR: 3.606255e-04
2026-08-15 10:48:25 |   >> Validation Loss: 2.3266
2026-08-15 10:48:25 |   --> Seen Generation @ step 4895:
Input: Translate to Vietnamese: Sorry, that question's not on here.
Output: Xin lỗi, câu hỏi không ở đây.
--------------------------------------------------
2026-08-15 10:48:25 | Saving checkpoint to ./checkpoints\step_4895...
2026-08-15 10:48:25 | Checkpoint saved successfully!

2026-08-15 10:48:25 | Deleted old checkpoint: ./checkpoints\step_4885
2026-08-15 10:48:32 | Step 4900/6000 | Loss: 2.4261 | LR: 3.603053e-04
2026-08-15 10:48:35 |   >> Validation Loss: 2.3247
2026-08-15 10:48:35 |   --> Seen Generation @ step 4900:
Input: Translate to Vietnamese: Sorry, that question's not on here.
Output: Xin lỗi, câu hỏi không phải ở đây.
--------------------------------------------------
2026-08-15 10:48:35 | Saving checkpoint to ./checkpoints\step_4900...
2026-08-15 10:48:35 | Checkpoint saved successfully!

2026-08-15 10:48:35 | Deleted old checkpoint: ./checkpoints\step_4890
2026-08-15 10:48:42 | Step 4905/6000 | Loss: 2.3840 | LR: 3.599848e-04
2026-08-15 10:48:46 |   >> Validation Loss: 2.3252
2026-08-15 10:48:46 |   --> Seen Generation @ step 4905:
Input: Translate to Vietnamese: Sorry, that question's not on here.
Output: Xin lỗi, câu hỏi đó không phải ở đây.
--------------------------------------------------
2026-08-15 10:48:46 | Saving checkpoint to ./checkpoints\step_4905...
2026-08-15 10:48:46 | Checkpoint saved successfully!

2026-08-15 10:48:46 | Deleted old checkpoint: ./checkpoints\step_4895
2026-08-15 10:48:53 | Step 4910/6000 | Loss: 2.4141 | LR: 3.596641e-04
2026-08-15 10:48:56 |   >> Validation Loss: 2.3243
2026-08-15 10:48:56 |   --> Seen Generation @ step 4910:
Input: Translate to Vietnamese: Sorry, that question's not on here.
Output: Xin lỗi, câu hỏi đó không phải ở đây.
--------------------------------------------------
2026-08-15 10:48:56 | Saving checkpoint to ./checkpoints\step_4910...
2026-08-15 10:48:56 | Checkpoint saved successfully!

2026-08-15 10:48:56 | Deleted old checkpoint: ./checkpoints\step_4900
2026-08-15 10:49:03 | Step 4915/6000 | Loss: 2.3991 | LR: 3.593432e-04
2026-08-15 10:49:06 |   >> Validation Loss: 2.3252
2026-08-15 10:49:06 |   --> Seen Generation @ step 4915:
Input: Translate to Vietnamese: Sorry, that question's not on here.
Output: Xin lỗi, câu hỏi đó không phải ở đây.
--------------------------------------------------
2026-08-15 10:49:06 | Saving checkpoint to ./checkpoints\step_4915...
2026-08-15 10:49:06 | Checkpoint saved successfully!

2026-08-15 10:49:06 | Deleted old checkpoint: ./checkpoints\step_4905
2026-08-15 10:49:14 | Step 4920/6000 | Loss: 2.3842 | LR: 3.590220e-04
2026-08-15 10:49:17 |   >> Validation Loss: 2.3246
2026-08-15 10:49:17 |   --> Seen Generation @ step 4920:
Input: Translate to Vietnamese: Sorry, that question's not on here.
Output: Xin lỗi, câu hỏi đó không phải ở đây.
--------------------------------------------------
2026-08-15 10:49:17 | Saving checkpoint to ./checkpoints\step_4920...
2026-08-15 10:49:17 | Checkpoint saved successfully!

2026-08-15 10:49:17 | Deleted old checkpoint: ./checkpoints\step_4910
2026-08-15 10:49:24 | Step 4925/6000 | Loss: 2.2993 | LR: 3.587006e-04
2026-08-15 10:49:27 |   >> Validation Loss: 2.3241
2026-08-15 10:49:27 |   --> Seen Generation @ step 4925:
Input: Translate to Vietnamese: Sorry, that question's not on here.
Output: Xin lỗi, câu hỏi đó không phải ở đây.
--------------------------------------------------
2026-08-15 10:49:27 | Saving checkpoint to ./checkpoints\step_4925...
2026-08-15 10:49:28 | Checkpoint saved successfully!

2026-08-15 10:49:28 | Deleted old checkpoint: ./checkpoints\step_4915
2026-08-15 10:49:35 | Step 4930/6000 | Loss: 2.2863 | LR: 3.583790e-04
2026-08-15 10:49:38 |   >> Validation Loss: 2.3237
2026-08-15 10:49:38 |   --> Seen Generation @ step 4930:
Input: Translate to Vietnamese: Sorry, that question's not on here.
Output: Xin lỗi, câu hỏi đó không phải ở đây.
--------------------------------------------------
2026-08-15 10:49:38 | Saving checkpoint to ./checkpoints\step_4930...
2026-08-15 10:49:38 | Checkpoint saved successfully!

2026-08-15 10:49:38 | Deleted old checkpoint: ./checkpoints\step_4920
2026-08-15 10:49:45 | Step 4935/6000 | Loss: 2.3709 | LR: 3.580572e-04
2026-08-15 10:49:48 |   >> Validation Loss: 2.3236
2026-08-15 10:49:48 |   --> Seen Generation @ step 4935:
Input: Translate to Vietnamese: Sorry, that question's not on here.
Output: Xin lỗi, câu hỏi đó không phải ở đây.
--------------------------------------------------
2026-08-15 10:49:48 | Saving checkpoint to ./checkpoints\step_4935...
2026-08-15 10:49:48 | Checkpoint saved successfully!

2026-08-15 10:49:48 | Deleted old checkpoint: ./checkpoints\step_4925
2026-08-15 10:49:55 | Step 4940/6000 | Loss: 2.3244 | LR: 3.577352e-04
2026-08-15 10:49:58 |   >> Validation Loss: 2.3235
2026-08-15 10:49:58 |   --> Seen Generation @ step 4940:
Input: Translate to Vietnamese: Sorry, that question's not on here.
Output: Xin lỗi, câu hỏi đó không phải ở đây.
--------------------------------------------------
2026-08-15 10:49:58 | Saving checkpoint to ./checkpoints\step_4940...
2026-08-15 10:49:59 | Checkpoint saved successfully!

2026-08-15 10:49:59 | Deleted old checkpoint: ./checkpoints\step_4930
2026-08-15 10:50:06 | Step 4945/6000 | Loss: 2.3527 | LR: 3.574129e-04
2026-08-15 10:50:09 |   >> Validation Loss: 2.3239
2026-08-15 10:50:09 |   --> Seen Generation @ step 4945:
Input: Translate to Vietnamese: Sorry, that question's not on here.
Output: Xin lỗi, câu hỏi đó không phải ở đây.
--------------------------------------------------
2026-08-15 10:50:09 | Saving checkpoint to ./checkpoints\step_4945...
2026-08-15 10:50:09 | Checkpoint saved successfully!

2026-08-15 10:50:09 | Deleted old checkpoint: ./checkpoints\step_4935
2026-08-15 10:50:16 | Step 4950/6000 | Loss: 2.3168 | LR: 3.570904e-04
2026-08-15 10:50:19 |   >> Validation Loss: 2.3237
2026-08-15 10:50:19 |   --> Seen Generation @ step 4950:
Input: Translate to Vietnamese: Sorry, that question's not on here.
Output: Xin lỗi, câu hỏi đó không phải ở đây.
--------------------------------------------------
2026-08-15 10:50:19 | Saving checkpoint to ./checkpoints\step_4950...
2026-08-15 10:50:19 | Checkpoint saved successfully!

2026-08-15 10:50:19 | Deleted old checkpoint: ./checkpoints\step_4940
2026-08-15 10:50:26 | Step 4955/6000 | Loss: 2.4388 | LR: 3.567677e-04
2026-08-15 10:50:29 |   >> Validation Loss: 2.3235
2026-08-15 10:50:29 |   --> Seen Generation @ step 4955:
Input: Translate to Vietnamese: Sorry, that question's not on here.
Output: Xin lỗi, câu hỏi đó không phải ở đây.
--------------------------------------------------
2026-08-15 10:50:29 | Saving checkpoint to ./checkpoints\step_4955...
2026-08-15 10:50:30 | Checkpoint saved successfully!

2026-08-15 10:50:30 | Deleted old checkpoint: ./checkpoints\step_4945
2026-08-15 10:50:37 | Step 4960/6000 | Loss: 2.2896 | LR: 3.564448e-04
2026-08-15 10:50:40 |   >> Validation Loss: 2.3219
2026-08-15 10:50:40 |   --> Seen Generation @ step 4960:
Input: Translate to Vietnamese: Sorry, that question's not on here.
Output: Xin lỗi, câu hỏi không phải ở đây.
--------------------------------------------------
2026-08-15 10:50:40 | Saving checkpoint to ./checkpoints\step_4960...
2026-08-15 10:50:40 | Checkpoint saved successfully!

2026-08-15 10:50:40 | Deleted old checkpoint: ./checkpoints\step_4950
2026-08-15 10:50:47 | Step 4965/6000 | Loss: 2.3872 | LR: 3.561217e-04
2026-08-15 10:50:50 |   >> Validation Loss: 2.3228
2026-08-15 10:50:50 |   --> Seen Generation @ step 4965:
Input: Translate to Vietnamese: Sorry, that question's not on here.
Output: Xin lỗi, câu hỏi không ở đây.
--------------------------------------------------
2026-08-15 10:50:50 | Saving checkpoint to ./checkpoints\step_4965...
2026-08-15 10:50:50 | Checkpoint saved successfully!

2026-08-15 10:50:50 | Deleted old checkpoint: ./checkpoints\step_4955
2026-08-15 10:50:57 | Step 4970/6000 | Loss: 2.3290 | LR: 3.557983e-04
2026-08-15 10:51:01 |   >> Validation Loss: 2.3218
2026-08-15 10:51:01 |   --> Seen Generation @ step 4970:
Input: Translate to Vietnamese: Sorry, that question's not on here.
Output: Xin lỗi, câu hỏi đó không phải ở đây.
--------------------------------------------------
2026-08-15 10:51:01 | Saving checkpoint to ./checkpoints\step_4970...
2026-08-15 10:51:01 | Checkpoint saved successfully!

2026-08-15 10:51:01 | Deleted old checkpoint: ./checkpoints\step_4960
2026-08-15 10:51:08 | Step 4975/6000 | Loss: 2.3282 | LR: 3.554748e-04
2026-08-15 10:51:11 |   >> Validation Loss: 2.3214
2026-08-15 10:51:11 |   --> Seen Generation @ step 4975:
Input: Translate to Vietnamese: Sorry, that question's not on here.
Output: Xin lỗi, câu hỏi đó không phải ở đây.
--------------------------------------------------
2026-08-15 10:51:11 | Saving checkpoint to ./checkpoints\step_4975...
2026-08-15 10:51:11 | Checkpoint saved successfully!

2026-08-15 10:51:11 | Deleted old checkpoint: ./checkpoints\step_4965
2026-08-15 10:51:18 | Step 4980/6000 | Loss: 2.2512 | LR: 3.551510e-04
2026-08-15 10:51:21 |   >> Validation Loss: 2.3231
2026-08-15 10:51:21 |   --> Seen Generation @ step 4980:
Input: Translate to Vietnamese: Sorry, that question's not on here.
Output: Xin lỗi, câu hỏi đó không phải ở đây.
--------------------------------------------------
2026-08-15 10:51:21 | Saving checkpoint to ./checkpoints\step_4980...
2026-08-15 10:51:21 | Checkpoint saved successfully!

2026-08-15 10:51:21 | Deleted old checkpoint: ./checkpoints\step_4970
2026-08-15 10:51:28 | Step 4985/6000 | Loss: 2.2997 | LR: 3.548270e-04
2026-08-15 10:51:32 |   >> Validation Loss: 2.3207
2026-08-15 10:51:32 |   --> Seen Generation @ step 4985:
Input: Translate to Vietnamese: Sorry, that question's not on here.
Output: Xin lỗi, câu hỏi đó không phải ở đây.
--------------------------------------------------
2026-08-15 10:51:32 | Saving checkpoint to ./checkpoints\step_4985...
2026-08-15 10:51:32 | Checkpoint saved successfully!

2026-08-15 10:51:32 | Deleted old checkpoint: ./checkpoints\step_4975
2026-08-15 10:51:39 | Step 4990/6000 | Loss: 2.2809 | LR: 3.545028e-04
2026-08-15 10:51:42 |   >> Validation Loss: 2.3208
2026-08-15 10:51:42 |   --> Seen Generation @ step 4990:
Input: Translate to Vietnamese: Sorry, that question's not on here.
Output: Xin lỗi, câu hỏi đó không phải ở đây.
--------------------------------------------------
2026-08-15 10:51:42 | Saving checkpoint to ./checkpoints\step_4990...
2026-08-15 10:51:42 | Checkpoint saved successfully!

2026-08-15 10:51:42 | Deleted old checkpoint: ./checkpoints\step_4980
2026-08-15 10:51:49 | Step 4995/6000 | Loss: 2.3935 | LR: 3.541784e-04
2026-08-15 10:51:52 |   >> Validation Loss: 2.3208
2026-08-15 10:51:52 |   --> Seen Generation @ step 4995:
Input: Translate to Vietnamese: Sorry, that question's not on here.
Output: Xin lỗi, câu hỏi đó không phải ở đây.
--------------------------------------------------
2026-08-15 10:51:52 | Saving checkpoint to ./checkpoints\step_4995...
2026-08-15 10:51:52 | Checkpoint saved successfully!

2026-08-15 10:51:52 | Deleted old checkpoint: ./checkpoints\step_4985
2026-08-15 10:51:59 | Step 5000/6000 | Loss: 2.3093 | LR: 3.538538e-04
2026-08-15 10:52:03 |   >> Validation Loss: 2.3212
2026-08-15 10:52:03 |   --> Seen Generation @ step 5000:
Input: Translate to Vietnamese: Sorry, that question's not on here.
Output: Xin lỗi, câu hỏi đó không phải ở đây.
--------------------------------------------------
2026-08-15 10:52:03 | Saving checkpoint to ./checkpoints\step_5000...
2026-08-15 10:52:03 | Checkpoint saved successfully!

2026-08-15 10:52:03 | Deleted old checkpoint: ./checkpoints\step_4990
2026-08-15 10:52:10 | Step 5005/6000 | Loss: 2.3395 | LR: 3.535289e-04
2026-08-15 10:52:13 |   >> Validation Loss: 2.3195
2026-08-15 10:52:13 |   --> Seen Generation @ step 5005:
Input: Translate to Vietnamese: Sorry, that question's not on here.
Output: Xin lỗi, câu hỏi đó không phải ở đây.
--------------------------------------------------
2026-08-15 10:52:13 | Saving checkpoint to ./checkpoints\step_5005...
2026-08-15 10:52:13 | Checkpoint saved successfully!

2026-08-15 10:52:13 | Deleted old checkpoint: ./checkpoints\step_4995
2026-08-15 10:52:20 | Step 5010/6000 | Loss: 2.2959 | LR: 3.532039e-04
2026-08-15 10:52:23 |   >> Validation Loss: 2.3199
2026-08-15 10:52:23 |   --> Seen Generation @ step 5010:
Input: Translate to Vietnamese: Sorry, that question's not on here.
Output: Xin lỗi, câu hỏi đó không phải ở đây.
--------------------------------------------------
2026-08-15 10:52:23 | Saving checkpoint to ./checkpoints\step_5010...
2026-08-15 10:52:23 | Checkpoint saved successfully!

2026-08-15 10:52:23 | Deleted old checkpoint: ./checkpoints\step_5000
2026-08-15 10:52:30 | Step 5015/6000 | Loss: 2.3082 | LR: 3.528786e-04
2026-08-15 10:52:34 |   >> Validation Loss: 2.3191
2026-08-15 10:52:34 |   --> Seen Generation @ step 5015:
Input: Translate to Vietnamese: Sorry, that question's not on here.
Output: Xin lỗi, câu hỏi đó không phải ở đây.
--------------------------------------------------
2026-08-15 10:52:34 | Saving checkpoint to ./checkpoints\step_5015...
2026-08-15 10:52:34 | Checkpoint saved successfully!

2026-08-15 10:52:34 | Deleted old checkpoint: ./checkpoints\step_5005
2026-08-15 10:52:41 | Step 5020/6000 | Loss: 2.3575 | LR: 3.525531e-04
2026-08-15 10:52:44 |   >> Validation Loss: 2.3217
2026-08-15 10:52:44 |   --> Seen Generation @ step 5020:
Input: Translate to Vietnamese: Sorry, that question's not on here.
Output: Xin lỗi, câu hỏi đó không ở đây.
--------------------------------------------------
2026-08-15 10:52:44 | Saving checkpoint to ./checkpoints\step_5020...
2026-08-15 10:52:44 | Checkpoint saved successfully!

2026-08-15 10:52:44 | Deleted old checkpoint: ./checkpoints\step_5010
2026-08-15 10:52:51 | Step 5025/6000 | Loss: 2.3047 | LR: 3.522274e-04
2026-08-15 10:52:54 |   >> Validation Loss: 2.3209
2026-08-15 10:52:54 |   --> Seen Generation @ step 5025:
Input: Translate to Vietnamese: Sorry, that question's not on here.
Output: Xin lỗi, câu hỏi đó không phải ở đây.
--------------------------------------------------
2026-08-15 10:52:54 | Saving checkpoint to ./checkpoints\step_5025...
2026-08-15 10:52:54 | Checkpoint saved successfully!

2026-08-15 10:52:54 | Deleted old checkpoint: ./checkpoints\step_5015
2026-08-15 10:53:02 | Step 5030/6000 | Loss: 2.3906 | LR: 3.519015e-04
2026-08-15 10:53:05 |   >> Validation Loss: 2.3192
2026-08-15 10:53:05 |   --> Seen Generation @ step 5030:
Input: Translate to Vietnamese: Sorry, that question's not on here.
Output: Xin lỗi, câu hỏi đó không phải ở đây.
--------------------------------------------------
2026-08-15 10:53:05 | Saving checkpoint to ./checkpoints\step_5030...
2026-08-15 10:53:05 | Checkpoint saved successfully!

2026-08-15 10:53:05 | Deleted old checkpoint: ./checkpoints\step_5020
2026-08-15 10:53:12 | Step 5035/6000 | Loss: 2.2444 | LR: 3.515754e-04
2026-08-15 10:53:15 |   >> Validation Loss: 2.3202
2026-08-15 10:53:15 |   --> Seen Generation @ step 5035:
Input: Translate to Vietnamese: Sorry, that question's not on here.
Output: Xin lỗi, câu hỏi đó không phải ở đây.
--------------------------------------------------
2026-08-15 10:53:15 | Saving checkpoint to ./checkpoints\step_5035...
2026-08-15 10:53:15 | Checkpoint saved successfully!

2026-08-15 10:53:15 | Deleted old checkpoint: ./checkpoints\step_5025
2026-08-15 10:53:22 | Step 5040/6000 | Loss: 2.4095 | LR: 3.512491e-04
2026-08-15 10:53:25 |   >> Validation Loss: 2.3198
2026-08-15 10:53:25 |   --> Seen Generation @ step 5040:
Input: Translate to Vietnamese: Sorry, that question's not on here.
Output: Xin lỗi, câu hỏi đó không phải ở đây.
--------------------------------------------------
2026-08-15 10:53:25 | Saving checkpoint to ./checkpoints\step_5040...
2026-08-15 10:53:26 | Checkpoint saved successfully!

2026-08-15 10:53:26 | Deleted old checkpoint: ./checkpoints\step_5030
2026-08-15 10:53:33 | Step 5045/6000 | Loss: 2.3319 | LR: 3.509226e-04
2026-08-15 10:53:36 |   >> Validation Loss: 2.3219
2026-08-15 10:53:36 |   --> Seen Generation @ step 5045:
Input: Translate to Vietnamese: Sorry, that question's not on here.
Output: Xin lỗi, câu hỏi đó không phải ở đây.
--------------------------------------------------
2026-08-15 10:53:36 | Saving checkpoint to ./checkpoints\step_5045...
2026-08-15 10:53:36 | Checkpoint saved successfully!

2026-08-15 10:53:36 | Deleted old checkpoint: ./checkpoints\step_5035
2026-08-15 10:53:43 | Step 5050/6000 | Loss: 2.3077 | LR: 3.505959e-04
2026-08-15 10:53:46 |   >> Validation Loss: 2.3197
2026-08-15 10:53:46 |   --> Seen Generation @ step 5050:
Input: Translate to Vietnamese: Sorry, that question's not on here.
Output: Xin lỗi, câu hỏi đó không phải ở đây.
--------------------------------------------------
2026-08-15 10:53:46 | Saving checkpoint to ./checkpoints\step_5050...
2026-08-15 10:53:46 | Checkpoint saved successfully!

2026-08-15 10:53:46 | Deleted old checkpoint: ./checkpoints\step_5040
2026-08-15 10:53:53 | Step 5055/6000 | Loss: 2.3400 | LR: 3.502690e-04
2026-08-15 10:53:56 |   >> Validation Loss: 2.3209
2026-08-15 10:53:56 |   --> Seen Generation @ step 5055:
Input: Translate to Vietnamese: Sorry, that question's not on here.
Output: Xin lỗi, câu hỏi đó không phải ở đây.
--------------------------------------------------
2026-08-15 10:53:56 | Saving checkpoint to ./checkpoints\step_5055...
2026-08-15 10:53:57 | Checkpoint saved successfully!

2026-08-15 10:53:57 | Deleted old checkpoint: ./checkpoints\step_5045
2026-08-15 10:54:04 | Step 5060/6000 | Loss: 2.3552 | LR: 3.499418e-04
2026-08-15 10:54:07 |   >> Validation Loss: 2.3247
2026-08-15 10:54:07 |   --> Seen Generation @ step 5060:
Input: Translate to Vietnamese: Sorry, that question's not on here.
Output: Xin lỗi, câu hỏi đó không phải ở đây.
--------------------------------------------------
2026-08-15 10:54:07 | Saving checkpoint to ./checkpoints\step_5060...
2026-08-15 10:54:07 | Checkpoint saved successfully!

2026-08-15 10:54:07 | Deleted old checkpoint: ./checkpoints\step_5050
2026-08-15 10:54:14 | Step 5065/6000 | Loss: 2.3805 | LR: 3.496145e-04
2026-08-15 10:54:17 |   >> Validation Loss: 2.3202
2026-08-15 10:54:17 |   --> Seen Generation @ step 5065:
Input: Translate to Vietnamese: Sorry, that question's not on here.
Output: Xin lỗi, câu hỏi đó không phải ở đây.
--------------------------------------------------
2026-08-15 10:54:17 | Saving checkpoint to ./checkpoints\step_5065...
2026-08-15 10:54:17 | Checkpoint saved successfully!

2026-08-15 10:54:17 | Deleted old checkpoint: ./checkpoints\step_5055
2026-08-15 10:54:24 | Step 5070/6000 | Loss: 2.3748 | LR: 3.492870e-04
2026-08-15 10:54:28 |   >> Validation Loss: 2.3168
2026-08-15 10:54:28 |   --> Seen Generation @ step 5070:
Input: Translate to Vietnamese: Sorry, that question's not on here.
Output: Xin lỗi, câu hỏi đó không phải ở đây.
--------------------------------------------------
2026-08-15 10:54:28 | Saving checkpoint to ./checkpoints\step_5070...
2026-08-15 10:54:28 | Checkpoint saved successfully!

2026-08-15 10:54:28 | Deleted old checkpoint: ./checkpoints\step_5060
2026-08-15 10:54:35 | Step 5075/6000 | Loss: 2.3900 | LR: 3.489592e-04
2026-08-15 10:54:38 |   >> Validation Loss: 2.3173
2026-08-15 10:54:38 |   --> Seen Generation @ step 5075:
Input: Translate to Vietnamese: Sorry, that question's not on here.
Output: Xin lỗi, câu hỏi đó không phải ở đây.
--------------------------------------------------
2026-08-15 10:54:38 | Saving checkpoint to ./checkpoints\step_5075...
2026-08-15 10:54:38 | Checkpoint saved successfully!

2026-08-15 10:54:38 | Deleted old checkpoint: ./checkpoints\step_5065
2026-08-15 10:54:45 | Step 5080/6000 | Loss: 2.3057 | LR: 3.486313e-04
2026-08-15 10:54:48 |   >> Validation Loss: 2.3143
2026-08-15 10:54:48 |   --> Seen Generation @ step 5080:
Input: Translate to Vietnamese: Sorry, that question's not on here.
Output: Xin lỗi, câu hỏi đó không phải ở đây.
--------------------------------------------------
2026-08-15 10:54:48 | Saving checkpoint to ./checkpoints\step_5080...
2026-08-15 10:54:48 | Checkpoint saved successfully!

2026-08-15 10:54:48 | Deleted old checkpoint: ./checkpoints\step_5070
2026-08-15 10:54:56 | Step 5085/6000 | Loss: 2.3747 | LR: 3.483032e-04
2026-08-15 10:54:59 |   >> Validation Loss: 2.3142
2026-08-15 10:54:59 |   --> Seen Generation @ step 5085:
Input: Translate to Vietnamese: Sorry, that question's not on here.
Output: Xin lỗi, câu hỏi không phải ở đây.
--------------------------------------------------
2026-08-15 10:54:59 | Saving checkpoint to ./checkpoints\step_5085...
2026-08-15 10:54:59 | Checkpoint saved successfully!

2026-08-15 10:54:59 | Deleted old checkpoint: ./checkpoints\step_5075
2026-08-15 10:55:06 | Step 5090/6000 | Loss: 2.4116 | LR: 3.479748e-04
2026-08-15 10:55:09 |   >> Validation Loss: 2.3134
2026-08-15 10:55:09 |   --> Seen Generation @ step 5090:
Input: Translate to Vietnamese: Sorry, that question's not on here.
Output: Xin lỗi, câu hỏi không phải ở đây.
--------------------------------------------------
2026-08-15 10:55:09 | Saving checkpoint to ./checkpoints\step_5090...
2026-08-15 10:55:09 | Checkpoint saved successfully!

2026-08-15 10:55:09 | Deleted old checkpoint: ./checkpoints\step_5080
2026-08-15 10:55:16 | Step 5095/6000 | Loss: 2.4098 | LR: 3.476463e-04
2026-08-15 10:55:19 |   >> Validation Loss: 2.3126
2026-08-15 10:55:19 |   --> Seen Generation @ step 5095:
Input: Translate to Vietnamese: Sorry, that question's not on here.
Output: Xin lỗi, câu hỏi đó không phải ở đây.
--------------------------------------------------
2026-08-15 10:55:19 | Saving checkpoint to ./checkpoints\step_5095...
2026-08-15 10:55:20 | Checkpoint saved successfully!

2026-08-15 10:55:20 | Deleted old checkpoint: ./checkpoints\step_5085
2026-08-15 10:55:26 | Step 5100/6000 | Loss: 2.2445 | LR: 3.473175e-04
2026-08-15 10:55:30 |   >> Validation Loss: 2.3127
2026-08-15 10:55:30 |   --> Seen Generation @ step 5100:
Input: Translate to Vietnamese: Sorry, that question's not on here.
Output: Xin lỗi, câu hỏi đó không phải ở đây.
--------------------------------------------------
2026-08-15 10:55:30 | Saving checkpoint to ./checkpoints\step_5100...
2026-08-15 10:55:30 | Checkpoint saved successfully!

2026-08-15 10:55:30 | Deleted old checkpoint: ./checkpoints\step_5090
2026-08-15 10:55:37 | Step 5105/6000 | Loss: 2.3158 | LR: 3.469886e-04
2026-08-15 10:55:40 |   >> Validation Loss: 2.3122
2026-08-15 10:55:40 |   --> Seen Generation @ step 5105:
Input: Translate to Vietnamese: Sorry, that question's not on here.
Output: Xin lỗi, câu hỏi đó không phải ở đây.
--------------------------------------------------
2026-08-15 10:55:40 | Saving checkpoint to ./checkpoints\step_5105...
2026-08-15 10:55:40 | Checkpoint saved successfully!

2026-08-15 10:55:40 | Deleted old checkpoint: ./checkpoints\step_5095
2026-08-15 10:55:47 | Step 5110/6000 | Loss: 2.3833 | LR: 3.466594e-04
2026-08-15 10:55:50 |   >> Validation Loss: 2.3119
2026-08-15 10:55:50 |   --> Seen Generation @ step 5110:
Input: Translate to Vietnamese: Sorry, that question's not on here.
Output: Xin lỗi, câu hỏi đó không phải ở đây.
--------------------------------------------------
2026-08-15 10:55:50 | Saving checkpoint to ./checkpoints\step_5110...
2026-08-15 10:55:51 | Checkpoint saved successfully!

2026-08-15 10:55:51 | Deleted old checkpoint: ./checkpoints\step_5100
2026-08-15 10:55:58 | Step 5115/6000 | Loss: 2.3825 | LR: 3.463301e-04
2026-08-15 10:56:01 |   >> Validation Loss: 2.3117
2026-08-15 10:56:01 |   --> Seen Generation @ step 5115:
Input: Translate to Vietnamese: Sorry, that question's not on here.
Output: Xin lỗi, câu hỏi đó không phải ở đây.
--------------------------------------------------
2026-08-15 10:56:01 | Saving checkpoint to ./checkpoints\step_5115...
2026-08-15 10:56:01 | Checkpoint saved successfully!

2026-08-15 10:56:01 | Deleted old checkpoint: ./checkpoints\step_5105
2026-08-15 10:56:08 | Step 5120/6000 | Loss: 2.3363 | LR: 3.460006e-04
2026-08-15 10:56:11 |   >> Validation Loss: 2.3106
2026-08-15 10:56:11 |   --> Seen Generation @ step 5120:
Input: Translate to Vietnamese: Sorry, that question's not on here.
Output: Xin lỗi, câu hỏi đó không phải ở đây.
--------------------------------------------------
2026-08-15 10:56:11 | Saving checkpoint to ./checkpoints\step_5120...
2026-08-15 10:56:11 | Checkpoint saved successfully!

2026-08-15 10:56:11 | Deleted old checkpoint: ./checkpoints\step_5110
2026-08-15 10:56:19 | Step 5125/6000 | Loss: 2.2851 | LR: 3.456709e-04
2026-08-15 10:56:22 |   >> Validation Loss: 2.3121
2026-08-15 10:56:22 |   --> Seen Generation @ step 5125:
Input: Translate to Vietnamese: Sorry, that question's not on here.
Output: Xin lỗi, câu hỏi đó không phải ở đây.
--------------------------------------------------
2026-08-15 10:56:22 | Saving checkpoint to ./checkpoints\step_5125...
2026-08-15 10:56:22 | Checkpoint saved successfully!

2026-08-15 10:56:22 | Deleted old checkpoint: ./checkpoints\step_5115
2026-08-15 10:56:29 | Step 5130/6000 | Loss: 2.3152 | LR: 3.453409e-04
2026-08-15 10:56:32 |   >> Validation Loss: 2.3136
2026-08-15 10:56:32 |   --> Seen Generation @ step 5130:
Input: Translate to Vietnamese: Sorry, that question's not on here.
Output: Xin lỗi, câu hỏi đó không phải ở đây.
--------------------------------------------------
2026-08-15 10:56:32 | Saving checkpoint to ./checkpoints\step_5130...
2026-08-15 10:56:32 | Checkpoint saved successfully!

2026-08-15 10:56:32 | Deleted old checkpoint: ./checkpoints\step_5120
2026-08-15 10:56:40 | Step 5135/6000 | Loss: 2.3323 | LR: 3.450108e-04
2026-08-15 10:56:43 |   >> Validation Loss: 2.3131
2026-08-15 10:56:43 |   --> Seen Generation @ step 5135:
Input: Translate to Vietnamese: Sorry, that question's not on here.
Output: Xin lỗi, câu hỏi đó không phải ở đây.
--------------------------------------------------
2026-08-15 10:56:43 | Saving checkpoint to ./checkpoints\step_5135...
2026-08-15 10:56:43 | Checkpoint saved successfully!

2026-08-15 10:56:43 | Deleted old checkpoint: ./checkpoints\step_5125
2026-08-15 10:56:50 | Step 5140/6000 | Loss: 2.3198 | LR: 3.446805e-04
2026-08-15 10:56:54 |   >> Validation Loss: 2.3109
2026-08-15 10:56:54 |   --> Seen Generation @ step 5140:
Input: Translate to Vietnamese: Sorry, that question's not on here.
Output: Xin lỗi, câu hỏi đó không phải ở đây.
--------------------------------------------------
2026-08-15 10:56:54 | Saving checkpoint to ./checkpoints\step_5140...
2026-08-15 10:56:54 | Checkpoint saved successfully!

2026-08-15 10:56:54 | Deleted old checkpoint: ./checkpoints\step_5130
2026-08-15 10:57:01 | Step 5145/6000 | Loss: 2.3634 | LR: 3.443500e-04
2026-08-15 10:57:05 |   >> Validation Loss: 2.3110
2026-08-15 10:57:05 |   --> Seen Generation @ step 5145:
Input: Translate to Vietnamese: Sorry, that question's not on here.
Output: Xin lỗi, câu hỏi đó không phải ở đây.
--------------------------------------------------
2026-08-15 10:57:05 | Saving checkpoint to ./checkpoints\step_5145...
2026-08-15 10:57:05 | Checkpoint saved successfully!

2026-08-15 10:57:05 | Deleted old checkpoint: ./checkpoints\step_5135
2026-08-15 10:57:12 | Step 5150/6000 | Loss: 2.3300 | LR: 3.440193e-04
2026-08-15 10:57:15 |   >> Validation Loss: 2.3122
2026-08-15 10:57:15 |   --> Seen Generation @ step 5150:
Input: Translate to Vietnamese: Sorry, that question's not on here.
Output: Xin lỗi, câu hỏi đó không phải ở đây.
--------------------------------------------------
2026-08-15 10:57:15 | Saving checkpoint to ./checkpoints\step_5150...
2026-08-15 10:57:15 | Checkpoint saved successfully!

2026-08-15 10:57:15 | Deleted old checkpoint: ./checkpoints\step_5140
