2026-08-15 17:15:36 | === Training session started ===
2026-08-15 17:15:36 | Full schedule: warmup=1000, total=12000, currently at step=9155 (76.3% through decay)
2026-08-15 17:15:40 | Step 9160/12000 | Loss: 2.1329 | LR: 7.782506e-05
2026-08-15 17:15:42 |   >> Validation Loss: 2.1574
2026-08-15 17:15:42 |   --> Seen Generation @ step 9160:
Input: Translate to Vietnamese: The bird call the chicken to ask for dinner.
Output: Con chim gọi cho người chicken để hỏi bữa tối.
--------------------------------------------------
2026-08-15 17:15:42 | Saving checkpoint to ./checkpoints\step_9160...
2026-08-15 17:15:42 | Checkpoint saved successfully!

2026-08-15 17:15:42 | Deleted old checkpoint: ./checkpoints\step_9150
2026-08-15 17:15:46 | Step 9165/12000 | Loss: 2.1460 | LR: 7.756639e-05
2026-08-15 17:15:47 |   >> Validation Loss: 2.1571
2026-08-15 17:15:47 |   --> Seen Generation @ step 9165:
Input: Translate to Vietnamese: The bird call the chicken to ask for dinner.
Output: Con chim gọi là chicken để hỏi bữa tối.
--------------------------------------------------
2026-08-15 17:15:47 | Saving checkpoint to ./checkpoints\step_9165...
2026-08-15 17:15:48 | Checkpoint saved successfully!

2026-08-15 17:15:48 | Deleted old checkpoint: ./checkpoints\step_9155
2026-08-15 17:15:52 | Step 9170/12000 | Loss: 2.1186 | LR: 7.730808e-05
2026-08-15 17:15:53 |   >> Validation Loss: 2.1558
2026-08-15 17:15:53 |   --> Seen Generation @ step 9170:
Input: Translate to Vietnamese: The bird call the chicken to ask for dinner.
Output: Con chim gọi là chicken để hỏi bữa tối.
--------------------------------------------------
2026-08-15 17:15:53 | Saving checkpoint to ./checkpoints\step_9170...
2026-08-15 17:15:53 | Checkpoint saved successfully!

2026-08-15 17:15:53 | Deleted old checkpoint: ./checkpoints\step_9160
2026-08-15 17:15:58 | Step 9175/12000 | Loss: 2.1168 | LR: 7.705012e-05
2026-08-15 17:15:59 |   >> Validation Loss: 2.1553
2026-08-15 17:15:59 |   --> Seen Generation @ step 9175:
Input: Translate to Vietnamese: The bird call the chicken to ask for dinner.
Output: Con chim gọi cho người chicken để hỏi bữa tối.
--------------------------------------------------
2026-08-15 17:15:59 | Saving checkpoint to ./checkpoints\step_9175...
2026-08-15 17:15:59 | Checkpoint saved successfully!

2026-08-15 17:15:59 | Deleted old checkpoint: ./checkpoints\step_9165
2026-08-15 17:16:04 | Step 9180/12000 | Loss: 2.1350 | LR: 7.679251e-05
2026-08-15 17:16:05 |   >> Validation Loss: 2.1550
2026-08-15 17:16:05 |   --> Seen Generation @ step 9180:
Input: Translate to Vietnamese: The bird call the chicken to ask for dinner.
Output: Con chim gọi cho người chicken để hỏi bữa tối.
--------------------------------------------------
2026-08-15 17:16:05 | Saving checkpoint to ./checkpoints\step_9180...
2026-08-15 17:16:05 | Checkpoint saved successfully!

2026-08-15 17:16:05 | Deleted old checkpoint: ./checkpoints\step_9170
2026-08-15 17:16:09 | Step 9185/12000 | Loss: 2.1639 | LR: 7.653525e-05
2026-08-15 17:16:10 |   >> Validation Loss: 2.1546
2026-08-15 17:16:10 |   --> Seen Generation @ step 9185:
Input: Translate to Vietnamese: The bird call the chicken to ask for dinner.
Output: Con chim gọi là chicken để hỏi bữa tối.
--------------------------------------------------
2026-08-15 17:16:10 | Saving checkpoint to ./checkpoints\step_9185...
2026-08-15 17:16:10 | Checkpoint saved successfully!

2026-08-15 17:16:10 | Deleted old checkpoint: ./checkpoints\step_9175
2026-08-15 17:16:15 | Step 9190/12000 | Loss: 2.2128 | LR: 7.627835e-05
2026-08-15 17:16:16 |   >> Validation Loss: 2.1541
2026-08-15 17:16:16 |   --> Seen Generation @ step 9190:
Input: Translate to Vietnamese: The bird call the chicken to ask for dinner.
Output: Con chim gọi là chicken để hỏi bữa tối.
--------------------------------------------------
2026-08-15 17:16:16 | Saving checkpoint to ./checkpoints\step_9190...
2026-08-15 17:16:16 | Checkpoint saved successfully!

2026-08-15 17:16:16 | Deleted old checkpoint: ./checkpoints\step_9180
2026-08-15 17:16:20 | Step 9195/12000 | Loss: 2.1297 | LR: 7.602180e-05
2026-08-15 17:16:21 |   >> Validation Loss: 2.1536
2026-08-15 17:16:21 |   --> Seen Generation @ step 9195:
Input: Translate to Vietnamese: The bird call the chicken to ask for dinner.
Output: Con chim gọi là chicken để hỏi bữa tối.
--------------------------------------------------
2026-08-15 17:16:21 | Saving checkpoint to ./checkpoints\step_9195...
2026-08-15 17:16:21 | Checkpoint saved successfully!

2026-08-15 17:16:21 | Deleted old checkpoint: ./checkpoints\step_9185
2026-08-15 17:16:25 | Step 9200/12000 | Loss: 2.1891 | LR: 7.576561e-05
2026-08-15 17:16:27 |   >> Validation Loss: 2.1532
2026-08-15 17:16:27 |   --> Seen Generation @ step 9200:
Input: Translate to Vietnamese: The bird call the chicken to ask for dinner.
Output: Con chim gọi là chicken để hỏi bữa tối.
--------------------------------------------------
2026-08-15 17:16:27 | Saving checkpoint to ./checkpoints\step_9200...
2026-08-15 17:16:27 | Checkpoint saved successfully!

2026-08-15 17:16:27 | Deleted old checkpoint: ./checkpoints\step_9190
2026-08-15 17:16:31 | Step 9205/12000 | Loss: 2.1789 | LR: 7.550977e-05
2026-08-15 17:16:32 |   >> Validation Loss: 2.1528
2026-08-15 17:16:32 |   --> Seen Generation @ step 9205:
Input: Translate to Vietnamese: The bird call the chicken to ask for dinner.
Output: Con chim gọi cho người chicken để hỏi bữa tối.
--------------------------------------------------
2026-08-15 17:16:32 | Saving checkpoint to ./checkpoints\step_9205...
2026-08-15 17:16:32 | Checkpoint saved successfully!

2026-08-15 17:16:32 | Deleted old checkpoint: ./checkpoints\step_9195
2026-08-15 17:16:36 | Step 9210/12000 | Loss: 2.1921 | LR: 7.525429e-05
2026-08-15 17:16:37 |   >> Validation Loss: 2.1529
2026-08-15 17:16:37 |   --> Seen Generation @ step 9210:
Input: Translate to Vietnamese: The bird call the chicken to ask for dinner.
Output: Con chim gọi cho người chicken để hỏi bữa tối.
--------------------------------------------------
2026-08-15 17:16:37 | Saving checkpoint to ./checkpoints\step_9210...
2026-08-15 17:16:37 | Checkpoint saved successfully!

2026-08-15 17:16:37 | Deleted old checkpoint: ./checkpoints\step_9200
2026-08-15 17:16:42 | Step 9215/12000 | Loss: 2.1540 | LR: 7.499916e-05
2026-08-15 17:16:43 |   >> Validation Loss: 2.1537
2026-08-15 17:16:43 |   --> Seen Generation @ step 9215:
Input: Translate to Vietnamese: The bird call the chicken to ask for dinner.
Output: Con chim gọi cho người ăn tối.
--------------------------------------------------
2026-08-15 17:16:43 | Saving checkpoint to ./checkpoints\step_9215...
2026-08-15 17:16:43 | Checkpoint saved successfully!

2026-08-15 17:16:43 | Deleted old checkpoint: ./checkpoints\step_9205
2026-08-15 17:16:47 | Step 9220/12000 | Loss: 2.1821 | LR: 7.474439e-05
2026-08-15 17:16:48 |   >> Validation Loss: 2.1527
2026-08-15 17:16:48 |   --> Seen Generation @ step 9220:
Input: Translate to Vietnamese: The bird call the chicken to ask for dinner.
Output: Con chim gọi cho người chicken để hỏi bữa tối.
--------------------------------------------------
2026-08-15 17:16:48 | Saving checkpoint to ./checkpoints\step_9220...
2026-08-15 17:16:48 | Checkpoint saved successfully!

2026-08-15 17:16:48 | Deleted old checkpoint: ./checkpoints\step_9210
2026-08-15 17:16:53 | Step 9225/12000 | Loss: 2.1617 | LR: 7.448998e-05
2026-08-15 17:16:54 |   >> Validation Loss: 2.1526
2026-08-15 17:16:54 |   --> Seen Generation @ step 9225:
Input: Translate to Vietnamese: The bird call the chicken to ask for dinner.
Output: Con chim gọi cho người ăn tối.
--------------------------------------------------
2026-08-15 17:16:54 | Saving checkpoint to ./checkpoints\step_9225...
2026-08-15 17:16:54 | Checkpoint saved successfully!

2026-08-15 17:16:54 | Deleted old checkpoint: ./checkpoints\step_9215
2026-08-15 17:16:58 | Step 9230/12000 | Loss: 2.1506 | LR: 7.423593e-05
2026-08-15 17:16:59 |   >> Validation Loss: 2.1520
2026-08-15 17:16:59 |   --> Seen Generation @ step 9230:
Input: Translate to Vietnamese: The bird call the chicken to ask for dinner.
Output: Con chim gọi cho người chicken để hỏi bữa tối.
--------------------------------------------------
2026-08-15 17:16:59 | Saving checkpoint to ./checkpoints\step_9230...
2026-08-15 17:16:59 | Checkpoint saved successfully!

2026-08-15 17:16:59 | Deleted old checkpoint: ./checkpoints\step_9220
2026-08-15 17:17:03 | Step 9235/12000 | Loss: 2.1479 | LR: 7.398223e-05
2026-08-15 17:17:05 |   >> Validation Loss: 2.1519
2026-08-15 17:17:05 |   --> Seen Generation @ step 9235:
Input: Translate to Vietnamese: The bird call the chicken to ask for dinner.
Output: Con chim gọi cho người chicken để hỏi bữa tối.
--------------------------------------------------
2026-08-15 17:17:05 | Saving checkpoint to ./checkpoints\step_9235...
2026-08-15 17:17:05 | Checkpoint saved successfully!

2026-08-15 17:17:05 | Deleted old checkpoint: ./checkpoints\step_9225
2026-08-15 17:17:09 | Step 9240/12000 | Loss: 2.1963 | LR: 7.372890e-05
2026-08-15 17:17:10 |   >> Validation Loss: 2.1516
2026-08-15 17:17:10 |   --> Seen Generation @ step 9240:
Input: Translate to Vietnamese: The bird call the chicken to ask for dinner.
Output: Con chim gọi cho người ăn tối.
--------------------------------------------------
2026-08-15 17:17:10 | Saving checkpoint to ./checkpoints\step_9240...
2026-08-15 17:17:10 | Checkpoint saved successfully!

2026-08-15 17:17:10 | Deleted old checkpoint: ./checkpoints\step_9230
2026-08-15 17:17:14 | Step 9245/12000 | Loss: 2.1694 | LR: 7.347592e-05
2026-08-15 17:17:15 |   >> Validation Loss: 2.1513
2026-08-15 17:17:15 |   --> Seen Generation @ step 9245:
Input: Translate to Vietnamese: The bird call the chicken to ask for dinner.
Output: Con chim gọi cho người ăn tối.
--------------------------------------------------
2026-08-15 17:17:15 | Saving checkpoint to ./checkpoints\step_9245...
2026-08-15 17:17:16 | Checkpoint saved successfully!

2026-08-15 17:17:16 | Deleted old checkpoint: ./checkpoints\step_9235
2026-08-15 17:17:20 | Step 9250/12000 | Loss: 2.1461 | LR: 7.322330e-05
2026-08-15 17:17:21 |   >> Validation Loss: 2.1514
2026-08-15 17:17:21 |   --> Seen Generation @ step 9250:
Input: Translate to Vietnamese: The bird call the chicken to ask for dinner.
Output: Con chim gọi cho người ăn tối.
--------------------------------------------------
2026-08-15 17:17:21 | Saving checkpoint to ./checkpoints\step_9250...
2026-08-15 17:17:21 | Checkpoint saved successfully!

2026-08-15 17:17:21 | Deleted old checkpoint: ./checkpoints\step_9240
2026-08-15 17:17:25 | Step 9255/12000 | Loss: 2.1809 | LR: 7.297105e-05
2026-08-15 17:17:26 |   >> Validation Loss: 2.1511
2026-08-15 17:17:26 |   --> Seen Generation @ step 9255:
Input: Translate to Vietnamese: The bird call the chicken to ask for dinner.
Output: Con chim gọi cho người chicken để hỏi bữa tối.
--------------------------------------------------
2026-08-15 17:17:26 | Saving checkpoint to ./checkpoints\step_9255...
2026-08-15 17:17:26 | Checkpoint saved successfully!

2026-08-15 17:17:26 | Deleted old checkpoint: ./checkpoints\step_9245
2026-08-15 17:17:30 | Step 9260/12000 | Loss: 2.1993 | LR: 7.271915e-05
2026-08-15 17:17:31 |   >> Validation Loss: 2.1509
2026-08-15 17:17:31 |   --> Seen Generation @ step 9260:
Input: Translate to Vietnamese: The bird call the chicken to ask for dinner.
Output: Con chim gọi cho người chicken để hỏi bữa tối.
--------------------------------------------------
2026-08-15 17:17:31 | Saving checkpoint to ./checkpoints\step_9260...
2026-08-15 17:17:31 | Checkpoint saved successfully!

2026-08-15 17:17:31 | Deleted old checkpoint: ./checkpoints\step_9250
2026-08-15 17:17:36 | Step 9265/12000 | Loss: 2.1175 | LR: 7.246762e-05
2026-08-15 17:17:37 |   >> Validation Loss: 2.1512
2026-08-15 17:17:37 |   --> Seen Generation @ step 9265:
Input: Translate to Vietnamese: The bird call the chicken to ask for dinner.
Output: Con chim gọi cho người ăn tối.
--------------------------------------------------
2026-08-15 17:17:37 | Saving checkpoint to ./checkpoints\step_9265...
2026-08-15 17:17:37 | Checkpoint saved successfully!

2026-08-15 17:17:37 | Deleted old checkpoint: ./checkpoints\step_9255
2026-08-15 17:17:41 | Step 9270/12000 | Loss: 2.2148 | LR: 7.221645e-05
2026-08-15 17:17:42 |   >> Validation Loss: 2.1506
2026-08-15 17:17:42 |   --> Seen Generation @ step 9270:
Input: Translate to Vietnamese: The bird call the chicken to ask for dinner.
Output: Con chim gọi cho người chicken để hỏi bữa tối.
--------------------------------------------------
2026-08-15 17:17:42 | Saving checkpoint to ./checkpoints\step_9270...
2026-08-15 17:17:42 | Checkpoint saved successfully!

2026-08-15 17:17:42 | Deleted old checkpoint: ./checkpoints\step_9260
2026-08-15 17:17:47 | Step 9275/12000 | Loss: 2.1604 | LR: 7.196564e-05
2026-08-15 17:17:48 |   >> Validation Loss: 2.1504
2026-08-15 17:17:48 |   --> Seen Generation @ step 9275:
Input: Translate to Vietnamese: The bird call the chicken to ask for dinner.
Output: Con chim gọi cho người ăn tối.
--------------------------------------------------
2026-08-15 17:17:48 | Saving checkpoint to ./checkpoints\step_9275...
2026-08-15 17:17:48 | Checkpoint saved successfully!

2026-08-15 17:17:48 | Deleted old checkpoint: ./checkpoints\step_9265
2026-08-15 17:17:52 | Step 9280/12000 | Loss: 2.1614 | LR: 7.171519e-05
2026-08-15 17:17:53 |   >> Validation Loss: 2.1502
2026-08-15 17:17:53 |   --> Seen Generation @ step 9280:
Input: Translate to Vietnamese: The bird call the chicken to ask for dinner.
Output: Con chim gọi cho người ăn tối.
--------------------------------------------------
2026-08-15 17:17:53 | Saving checkpoint to ./checkpoints\step_9280...
2026-08-15 17:17:53 | Checkpoint saved successfully!

2026-08-15 17:17:53 | Deleted old checkpoint: ./checkpoints\step_9270
2026-08-15 17:17:57 | Step 9285/12000 | Loss: 2.1252 | LR: 7.146511e-05
2026-08-15 17:17:58 |   >> Validation Loss: 2.1502
2026-08-15 17:17:58 |   --> Seen Generation @ step 9285:
Input: Translate to Vietnamese: The bird call the chicken to ask for dinner.
Output: Con chim gọi cho người ăn tối.
--------------------------------------------------
2026-08-15 17:17:58 | Saving checkpoint to ./checkpoints\step_9285...
2026-08-15 17:17:58 | Checkpoint saved successfully!

2026-08-15 17:17:58 | Deleted old checkpoint: ./checkpoints\step_9275
2026-08-15 17:18:02 | Step 9290/12000 | Loss: 2.2008 | LR: 7.121539e-05
2026-08-15 17:18:03 |   >> Validation Loss: 2.1500
2026-08-15 17:18:03 |   --> Seen Generation @ step 9290:
Input: Translate to Vietnamese: The bird call the chicken to ask for dinner.
Output: Con chim gọi cho người ăn tối.
--------------------------------------------------
2026-08-15 17:18:03 | Saving checkpoint to ./checkpoints\step_9290...
2026-08-15 17:18:03 | Checkpoint saved successfully!

2026-08-15 17:18:03 | Deleted old checkpoint: ./checkpoints\step_9280
2026-08-15 17:18:08 | Step 9295/12000 | Loss: 2.1349 | LR: 7.096604e-05
2026-08-15 17:18:09 |   >> Validation Loss: 2.1497
2026-08-15 17:18:09 |   --> Seen Generation @ step 9295:
Input: Translate to Vietnamese: The bird call the chicken to ask for dinner.
Output: Con chim gọi cho người ăn tối.
--------------------------------------------------
2026-08-15 17:18:09 | Saving checkpoint to ./checkpoints\step_9295...
2026-08-15 17:18:09 | Checkpoint saved successfully!

2026-08-15 17:18:09 | Deleted old checkpoint: ./checkpoints\step_9285
2026-08-15 17:18:13 | Step 9300/12000 | Loss: 2.1457 | LR: 7.071705e-05
2026-08-15 17:18:14 |   >> Validation Loss: 2.1497
2026-08-15 17:18:14 |   --> Seen Generation @ step 9300:
Input: Translate to Vietnamese: The bird call the chicken to ask for dinner.
Output: Con chim gọi cho người ăn tối.
--------------------------------------------------
2026-08-15 17:18:14 | Saving checkpoint to ./checkpoints\step_9300...
2026-08-15 17:18:14 | Checkpoint saved successfully!

2026-08-15 17:18:14 | Deleted old checkpoint: ./checkpoints\step_9290
2026-08-15 17:18:18 | Step 9305/12000 | Loss: 2.1138 | LR: 7.046843e-05
2026-08-15 17:18:19 |   >> Validation Loss: 2.1497
2026-08-15 17:18:19 |   --> Seen Generation @ step 9305:
Input: Translate to Vietnamese: The bird call the chicken to ask for dinner.
Output: Con chim gọi cho người ăn tối.
--------------------------------------------------
2026-08-15 17:18:19 | Saving checkpoint to ./checkpoints\step_9305...
2026-08-15 17:18:19 | Checkpoint saved successfully!

2026-08-15 17:18:19 | Deleted old checkpoint: ./checkpoints\step_9295
2026-08-15 17:18:23 | Step 9310/12000 | Loss: 2.1572 | LR: 7.022017e-05
2026-08-15 17:18:24 |   >> Validation Loss: 2.1495
2026-08-15 17:18:24 |   --> Seen Generation @ step 9310:
Input: Translate to Vietnamese: The bird call the chicken to ask for dinner.
Output: Con chim gọi cho người ăn tối.
--------------------------------------------------
2026-08-15 17:18:24 | Saving checkpoint to ./checkpoints\step_9310...
2026-08-15 17:18:24 | Checkpoint saved successfully!

2026-08-15 17:18:24 | Deleted old checkpoint: ./checkpoints\step_9300
2026-08-15 17:18:29 | Step 9315/12000 | Loss: 2.1320 | LR: 6.997228e-05
2026-08-15 17:18:30 |   >> Validation Loss: 2.1492
2026-08-15 17:18:30 |   --> Seen Generation @ step 9315:
Input: Translate to Vietnamese: The bird call the chicken to ask for dinner.
Output: Con chim gọi cho người ăn tối.
--------------------------------------------------
2026-08-15 17:18:30 | Saving checkpoint to ./checkpoints\step_9315...
2026-08-15 17:18:30 | Checkpoint saved successfully!

2026-08-15 17:18:30 | Deleted old checkpoint: ./checkpoints\step_9305
2026-08-15 17:18:34 | Step 9320/12000 | Loss: 2.1494 | LR: 6.972475e-05
2026-08-15 17:18:35 |   >> Validation Loss: 2.1492
2026-08-15 17:18:35 |   --> Seen Generation @ step 9320:
Input: Translate to Vietnamese: The bird call the chicken to ask for dinner.
Output: Con chim gọi cho người ăn tối.
--------------------------------------------------
2026-08-15 17:18:35 | Saving checkpoint to ./checkpoints\step_9320...
2026-08-15 17:18:35 | Checkpoint saved successfully!

2026-08-15 17:18:35 | Deleted old checkpoint: ./checkpoints\step_9310
2026-08-15 17:18:39 | Step 9325/12000 | Loss: 2.1864 | LR: 6.947760e-05
2026-08-15 17:18:40 |   >> Validation Loss: 2.1491
2026-08-15 17:18:40 |   --> Seen Generation @ step 9325:
Input: Translate to Vietnamese: The bird call the chicken to ask for dinner.
Output: Con chim gọi cho người ăn tối.
--------------------------------------------------
2026-08-15 17:18:40 | Saving checkpoint to ./checkpoints\step_9325...
2026-08-15 17:18:40 | Checkpoint saved successfully!

2026-08-15 17:18:40 | Deleted old checkpoint: ./checkpoints\step_9315
2026-08-15 17:18:44 | Step 9330/12000 | Loss: 2.1717 | LR: 6.923081e-05
2026-08-15 17:18:45 |   >> Validation Loss: 2.1489
2026-08-15 17:18:45 |   --> Seen Generation @ step 9330:
Input: Translate to Vietnamese: The bird call the chicken to ask for dinner.
Output: Con chim gọi cho người ăn tối.
--------------------------------------------------
2026-08-15 17:18:45 | Saving checkpoint to ./checkpoints\step_9330...
2026-08-15 17:18:45 | Checkpoint saved successfully!

2026-08-15 17:18:45 | Deleted old checkpoint: ./checkpoints\step_9320
2026-08-15 17:18:49 | Step 9335/12000 | Loss: 2.2449 | LR: 6.898439e-05
2026-08-15 17:18:50 |   >> Validation Loss: 2.1487
2026-08-15 17:18:50 |   --> Seen Generation @ step 9335:
Input: Translate to Vietnamese: The bird call the chicken to ask for dinner.
Output: Con chim gọi cho người ăn tối.
--------------------------------------------------
2026-08-15 17:18:50 | Saving checkpoint to ./checkpoints\step_9335...
2026-08-15 17:18:50 | Checkpoint saved successfully!

2026-08-15 17:18:50 | Deleted old checkpoint: ./checkpoints\step_9325
2026-08-15 17:18:54 | Step 9340/12000 | Loss: 2.1348 | LR: 6.873834e-05
2026-08-15 17:18:55 |   >> Validation Loss: 2.1486
2026-08-15 17:18:55 |   --> Seen Generation @ step 9340:
Input: Translate to Vietnamese: The bird call the chicken to ask for dinner.
Output: Con chim gọi cho người ăn tối.
--------------------------------------------------
2026-08-15 17:18:55 | Saving checkpoint to ./checkpoints\step_9340...
2026-08-15 17:18:56 | Checkpoint saved successfully!

2026-08-15 17:18:56 | Deleted old checkpoint: ./checkpoints\step_9330
2026-08-15 17:19:00 | Step 9345/12000 | Loss: 2.1715 | LR: 6.849266e-05
2026-08-15 17:19:01 |   >> Validation Loss: 2.1487
2026-08-15 17:19:01 |   --> Seen Generation @ step 9345:
Input: Translate to Vietnamese: The bird call the chicken to ask for dinner.
Output: Con chim gọi cho người ăn tối.
--------------------------------------------------
2026-08-15 17:19:01 | Saving checkpoint to ./checkpoints\step_9345...
2026-08-15 17:19:01 | Checkpoint saved successfully!

2026-08-15 17:19:01 | Deleted old checkpoint: ./checkpoints\step_9335
2026-08-15 17:19:05 | Step 9350/12000 | Loss: 2.2001 | LR: 6.824735e-05
2026-08-15 17:19:06 |   >> Validation Loss: 2.1489
2026-08-15 17:19:06 |   --> Seen Generation @ step 9350:
Input: Translate to Vietnamese: The bird call the chicken to ask for dinner.
Output: Con chim gọi cho người ăn tối.
--------------------------------------------------
2026-08-15 17:19:06 | Saving checkpoint to ./checkpoints\step_9350...
2026-08-15 17:19:06 | Checkpoint saved successfully!

2026-08-15 17:19:06 | Deleted old checkpoint: ./checkpoints\step_9340
2026-08-15 17:19:10 | Step 9355/12000 | Loss: 2.0942 | LR: 6.800241e-05
2026-08-15 17:19:11 |   >> Validation Loss: 2.1485
2026-08-15 17:19:11 |   --> Seen Generation @ step 9355:
Input: Translate to Vietnamese: The bird call the chicken to ask for dinner.
Output: Con chim gọi cho người ăn tối.
--------------------------------------------------
2026-08-15 17:19:11 | Saving checkpoint to ./checkpoints\step_9355...
2026-08-15 17:19:11 | Checkpoint saved successfully!

2026-08-15 17:19:11 | Deleted old checkpoint: ./checkpoints\step_9345
2026-08-15 17:19:15 | Step 9360/12000 | Loss: 2.1694 | LR: 6.775784e-05
2026-08-15 17:19:16 |   >> Validation Loss: 2.1485
2026-08-15 17:19:16 |   --> Seen Generation @ step 9360:
Input: Translate to Vietnamese: The bird call the chicken to ask for dinner.
Output: Con chim gọi cho người ăn tối.
--------------------------------------------------
2026-08-15 17:19:16 | Saving checkpoint to ./checkpoints\step_9360...
2026-08-15 17:19:16 | Checkpoint saved successfully!

2026-08-15 17:19:16 | Deleted old checkpoint: ./checkpoints\step_9350
2026-08-15 17:19:20 | Step 9365/12000 | Loss: 2.1792 | LR: 6.751365e-05
2026-08-15 17:19:21 |   >> Validation Loss: 2.1483
2026-08-15 17:19:21 |   --> Seen Generation @ step 9365:
Input: Translate to Vietnamese: The bird call the chicken to ask for dinner.
Output: Con chim gọi cho người ăn tối.
--------------------------------------------------
2026-08-15 17:19:21 | Saving checkpoint to ./checkpoints\step_9365...
2026-08-15 17:19:21 | Checkpoint saved successfully!

2026-08-15 17:19:21 | Deleted old checkpoint: ./checkpoints\step_9355
2026-08-15 17:19:25 | Step 9370/12000 | Loss: 2.1017 | LR: 6.726982e-05
2026-08-15 17:19:26 |   >> Validation Loss: 2.1479
2026-08-15 17:19:27 |   --> Seen Generation @ step 9370:
Input: Translate to Vietnamese: The bird call the chicken to ask for dinner.
Output: Con chim gọi cho người ăn tối.
--------------------------------------------------
2026-08-15 17:19:27 | Saving checkpoint to ./checkpoints\step_9370...
2026-08-15 17:19:27 | Checkpoint saved successfully!

2026-08-15 17:19:27 | Deleted old checkpoint: ./checkpoints\step_9360
2026-08-15 17:19:31 | Step 9375/12000 | Loss: 2.1745 | LR: 6.702637e-05
2026-08-15 17:19:32 |   >> Validation Loss: 2.1478
2026-08-15 17:19:32 |   --> Seen Generation @ step 9375:
Input: Translate to Vietnamese: The bird call the chicken to ask for dinner.
Output: Con chim gọi cho người ăn tối.
--------------------------------------------------
2026-08-15 17:19:32 | Saving checkpoint to ./checkpoints\step_9375...
2026-08-15 17:19:32 | Checkpoint saved successfully!

2026-08-15 17:19:32 | Deleted old checkpoint: ./checkpoints\step_9365
2026-08-15 17:19:36 | Step 9380/12000 | Loss: 2.1632 | LR: 6.678329e-05
2026-08-15 17:19:37 |   >> Validation Loss: 2.1481
2026-08-15 17:19:37 |   --> Seen Generation @ step 9380:
Input: Translate to Vietnamese: The bird call the chicken to ask for dinner.
Output: Con chim gọi cho người ăn tối.
--------------------------------------------------
2026-08-15 17:19:37 | Saving checkpoint to ./checkpoints\step_9380...
2026-08-15 17:19:37 | Checkpoint saved successfully!

2026-08-15 17:19:37 | Deleted old checkpoint: ./checkpoints\step_9370
2026-08-15 17:19:41 | Step 9385/12000 | Loss: 2.1393 | LR: 6.654059e-05
2026-08-15 17:19:42 |   >> Validation Loss: 2.1480
2026-08-15 17:19:42 |   --> Seen Generation @ step 9385:
Input: Translate to Vietnamese: The bird call the chicken to ask for dinner.
Output: Con chim gọi cho người ăn tối.
--------------------------------------------------
2026-08-15 17:19:42 | Saving checkpoint to ./checkpoints\step_9385...
2026-08-15 17:19:42 | Checkpoint saved successfully!

2026-08-15 17:19:42 | Deleted old checkpoint: ./checkpoints\step_9375
2026-08-15 17:19:46 | Step 9390/12000 | Loss: 2.1775 | LR: 6.629825e-05
2026-08-15 17:19:48 |   >> Validation Loss: 2.1478
2026-08-15 17:19:48 |   --> Seen Generation @ step 9390:
Input: Translate to Vietnamese: The bird call the chicken to ask for dinner.
Output: Con chim gọi cho người ăn tối.
--------------------------------------------------
2026-08-15 17:19:48 | Saving checkpoint to ./checkpoints\step_9390...
2026-08-15 17:19:48 | Checkpoint saved successfully!

2026-08-15 17:19:48 | Deleted old checkpoint: ./checkpoints\step_9380
2026-08-15 17:19:52 | Step 9395/12000 | Loss: 2.0985 | LR: 6.605630e-05
2026-08-15 17:19:53 |   >> Validation Loss: 2.1475
2026-08-15 17:19:53 |   --> Seen Generation @ step 9395:
Input: Translate to Vietnamese: The bird call the chicken to ask for dinner.
Output: Con chim gọi cho người ăn tối.
--------------------------------------------------
2026-08-15 17:19:53 | Saving checkpoint to ./checkpoints\step_9395...
2026-08-15 17:19:53 | Checkpoint saved successfully!

2026-08-15 17:19:53 | Deleted old checkpoint: ./checkpoints\step_9385
2026-08-15 17:19:57 | Step 9400/12000 | Loss: 2.1815 | LR: 6.581472e-05
2026-08-15 17:19:58 |   >> Validation Loss: 2.1477
2026-08-15 17:19:58 |   --> Seen Generation @ step 9400:
Input: Translate to Vietnamese: The bird call the chicken to ask for dinner.
Output: Con chim gọi cho người ăn tối.
--------------------------------------------------
2026-08-15 17:19:58 | Saving checkpoint to ./checkpoints\step_9400...
2026-08-15 17:19:58 | Checkpoint saved successfully!

2026-08-15 17:19:58 | Deleted old checkpoint: ./checkpoints\step_9390
2026-08-15 17:20:02 | Step 9405/12000 | Loss: 2.1667 | LR: 6.557351e-05
2026-08-15 17:20:03 |   >> Validation Loss: 2.1473
2026-08-15 17:20:03 |   --> Seen Generation @ step 9405:
Input: Translate to Vietnamese: The bird call the chicken to ask for dinner.
Output: Con chim gọi cho người ăn tối.
--------------------------------------------------
2026-08-15 17:20:03 | Saving checkpoint to ./checkpoints\step_9405...
2026-08-15 17:20:03 | Checkpoint saved successfully!

2026-08-15 17:20:03 | Deleted old checkpoint: ./checkpoints\step_9395
2026-08-15 17:20:07 | Step 9410/12000 | Loss: 2.1475 | LR: 6.533268e-05
2026-08-15 17:20:08 |   >> Validation Loss: 2.1473
2026-08-15 17:20:08 |   --> Seen Generation @ step 9410:
Input: Translate to Vietnamese: The bird call the chicken to ask for dinner.
Output: Con chim gọi cho người ăn tối.
--------------------------------------------------
2026-08-15 17:20:08 | Saving checkpoint to ./checkpoints\step_9410...
2026-08-15 17:20:09 | Checkpoint saved successfully!

2026-08-15 17:20:09 | Deleted old checkpoint: ./checkpoints\step_9400
2026-08-15 17:20:13 | Step 9415/12000 | Loss: 2.1012 | LR: 6.509223e-05
2026-08-15 17:20:14 |   >> Validation Loss: 2.1477
2026-08-15 17:20:14 |   --> Seen Generation @ step 9415:
Input: Translate to Vietnamese: The bird call the chicken to ask for dinner.
Output: Con chim gọi cho người ăn tối.
--------------------------------------------------
2026-08-15 17:20:14 | Saving checkpoint to ./checkpoints\step_9415...
2026-08-15 17:20:14 | Checkpoint saved successfully!

2026-08-15 17:20:14 | Deleted old checkpoint: ./checkpoints\step_9405
2026-08-15 17:20:18 | Step 9420/12000 | Loss: 2.1847 | LR: 6.485215e-05
2026-08-15 17:20:19 |   >> Validation Loss: 2.1470
2026-08-15 17:20:19 |   --> Seen Generation @ step 9420:
Input: Translate to Vietnamese: The bird call the chicken to ask for dinner.
Output: Con chim gọi cho người ăn tối.
--------------------------------------------------
2026-08-15 17:20:19 | Saving checkpoint to ./checkpoints\step_9420...
2026-08-15 17:20:19 | Checkpoint saved successfully!

2026-08-15 17:20:19 | Deleted old checkpoint: ./checkpoints\step_9410
2026-08-15 17:20:23 | Step 9425/12000 | Loss: 2.1555 | LR: 6.461245e-05
2026-08-15 17:20:24 |   >> Validation Loss: 2.1469
2026-08-15 17:20:24 |   --> Seen Generation @ step 9425:
Input: Translate to Vietnamese: The bird call the chicken to ask for dinner.
Output: Con chim gọi cho người ăn tối.
--------------------------------------------------
2026-08-15 17:20:24 | Saving checkpoint to ./checkpoints\step_9425...
2026-08-15 17:20:24 | Checkpoint saved successfully!

2026-08-15 17:20:24 | Deleted old checkpoint: ./checkpoints\step_9415
2026-08-15 17:20:28 | Step 9430/12000 | Loss: 2.1649 | LR: 6.437313e-05
2026-08-15 17:20:29 |   >> Validation Loss: 2.1471
2026-08-15 17:20:29 |   --> Seen Generation @ step 9430:
Input: Translate to Vietnamese: The bird call the chicken to ask for dinner.
Output: Con chim gọi cho người ăn tối.
--------------------------------------------------
2026-08-15 17:20:29 | Saving checkpoint to ./checkpoints\step_9430...
2026-08-15 17:20:29 | Checkpoint saved successfully!

2026-08-15 17:20:29 | Deleted old checkpoint: ./checkpoints\step_9420
2026-08-15 17:20:34 | Step 9435/12000 | Loss: 2.1422 | LR: 6.413419e-05
2026-08-15 17:20:35 |   >> Validation Loss: 2.1468
2026-08-15 17:20:35 |   --> Seen Generation @ step 9435:
Input: Translate to Vietnamese: The bird call the chicken to ask for dinner.
Output: Con chim gọi cho người ăn tối.
--------------------------------------------------
2026-08-15 17:20:35 | Saving checkpoint to ./checkpoints\step_9435...
2026-08-15 17:20:35 | Checkpoint saved successfully!

2026-08-15 17:20:35 | Deleted old checkpoint: ./checkpoints\step_9425
2026-08-15 17:20:39 | Step 9440/12000 | Loss: 2.1535 | LR: 6.389563e-05
2026-08-15 17:20:40 |   >> Validation Loss: 2.1464
2026-08-15 17:20:40 |   --> Seen Generation @ step 9440:
Input: Translate to Vietnamese: The bird call the chicken to ask for dinner.
Output: Con chim gọi cho người ăn tối.
--------------------------------------------------
2026-08-15 17:20:40 | Saving checkpoint to ./checkpoints\step_9440...
2026-08-15 17:20:40 | Checkpoint saved successfully!

2026-08-15 17:20:40 | Deleted old checkpoint: ./checkpoints\step_9430
2026-08-15 17:20:44 | Step 9445/12000 | Loss: 2.1775 | LR: 6.365744e-05
2026-08-15 17:20:45 |   >> Validation Loss: 2.1464
2026-08-15 17:20:45 |   --> Seen Generation @ step 9445:
Input: Translate to Vietnamese: The bird call the chicken to ask for dinner.
Output: Con chim gọi cho người ăn tối.
--------------------------------------------------
2026-08-15 17:20:45 | Saving checkpoint to ./checkpoints\step_9445...
2026-08-15 17:20:45 | Checkpoint saved successfully!

2026-08-15 17:20:45 | Deleted old checkpoint: ./checkpoints\step_9435
2026-08-15 17:20:49 | Step 9450/12000 | Loss: 2.0966 | LR: 6.341964e-05
2026-08-15 17:20:50 |   >> Validation Loss: 2.1461
2026-08-15 17:20:50 |   --> Seen Generation @ step 9450:
Input: Translate to Vietnamese: The bird call the chicken to ask for dinner.
Output: Con chim gọi cho người ăn tối.
--------------------------------------------------
2026-08-15 17:20:50 | Saving checkpoint to ./checkpoints\step_9450...
2026-08-15 17:20:50 | Checkpoint saved successfully!

2026-08-15 17:20:50 | Deleted old checkpoint: ./checkpoints\step_9440
2026-08-15 17:20:54 | Step 9455/12000 | Loss: 2.1225 | LR: 6.318221e-05
2026-08-15 17:20:56 |   >> Validation Loss: 2.1461
2026-08-15 17:20:56 |   --> Seen Generation @ step 9455:
Input: Translate to Vietnamese: The bird call the chicken to ask for dinner.
Output: Con chim gọi cho người ăn tối.
--------------------------------------------------
2026-08-15 17:20:56 | Saving checkpoint to ./checkpoints\step_9455...
2026-08-15 17:20:56 | Checkpoint saved successfully!

2026-08-15 17:20:56 | Deleted old checkpoint: ./checkpoints\step_9445
2026-08-15 17:21:00 | Step 9460/12000 | Loss: 2.2192 | LR: 6.294517e-05
2026-08-15 17:21:01 |   >> Validation Loss: 2.1462
2026-08-15 17:21:01 |   --> Seen Generation @ step 9460:
Input: Translate to Vietnamese: The bird call the chicken to ask for dinner.
Output: Con chim gọi cho người ăn tối.
--------------------------------------------------
2026-08-15 17:21:01 | Saving checkpoint to ./checkpoints\step_9460...
2026-08-15 17:21:01 | Checkpoint saved successfully!

2026-08-15 17:21:01 | Deleted old checkpoint: ./checkpoints\step_9450
2026-08-15 17:21:05 | Step 9465/12000 | Loss: 2.1409 | LR: 6.270851e-05
2026-08-15 17:21:06 |   >> Validation Loss: 2.1464
2026-08-15 17:21:06 |   --> Seen Generation @ step 9465:
Input: Translate to Vietnamese: The bird call the chicken to ask for dinner.
Output: Con chim gọi cho người ăn tối.
--------------------------------------------------
2026-08-15 17:21:06 | Saving checkpoint to ./checkpoints\step_9465...
2026-08-15 17:21:06 | Checkpoint saved successfully!

2026-08-15 17:21:06 | Deleted old checkpoint: ./checkpoints\step_9455
2026-08-15 17:21:10 | Step 9470/12000 | Loss: 2.1937 | LR: 6.247223e-05
2026-08-15 17:21:11 |   >> Validation Loss: 2.1460
2026-08-15 17:21:11 |   --> Seen Generation @ step 9470:
Input: Translate to Vietnamese: The bird call the chicken to ask for dinner.
Output: Con chim gọi cho người ăn tối.
--------------------------------------------------
2026-08-15 17:21:11 | Saving checkpoint to ./checkpoints\step_9470...
2026-08-15 17:21:11 | Checkpoint saved successfully!

2026-08-15 17:21:11 | Deleted old checkpoint: ./checkpoints\step_9460
2026-08-15 17:21:15 | Step 9475/12000 | Loss: 2.1679 | LR: 6.223634e-05
2026-08-15 17:21:16 |   >> Validation Loss: 2.1462
2026-08-15 17:21:16 |   --> Seen Generation @ step 9475:
Input: Translate to Vietnamese: The bird call the chicken to ask for dinner.
Output: Con chim gọi cho người ăn tối.
--------------------------------------------------
2026-08-15 17:21:16 | Saving checkpoint to ./checkpoints\step_9475...
2026-08-15 17:21:16 | Checkpoint saved successfully!

2026-08-15 17:21:16 | Deleted old checkpoint: ./checkpoints\step_9465
2026-08-15 17:21:20 | Step 9480/12000 | Loss: 2.1867 | LR: 6.200082e-05
2026-08-15 17:21:21 |   >> Validation Loss: 2.1459
2026-08-15 17:21:21 |   --> Seen Generation @ step 9480:
Input: Translate to Vietnamese: The bird call the chicken to ask for dinner.
Output: Con chim gọi cho người ăn tối.
--------------------------------------------------
2026-08-15 17:21:21 | Saving checkpoint to ./checkpoints\step_9480...
2026-08-15 17:21:22 | Checkpoint saved successfully!

2026-08-15 17:21:22 | Deleted old checkpoint: ./checkpoints\step_9470
2026-08-15 17:21:26 | Step 9485/12000 | Loss: 2.1740 | LR: 6.176569e-05
2026-08-15 17:21:27 |   >> Validation Loss: 2.1458
2026-08-15 17:21:27 |   --> Seen Generation @ step 9485:
Input: Translate to Vietnamese: The bird call the chicken to ask for dinner.
Output: Con chim gọi cho người ăn tối.
--------------------------------------------------
2026-08-15 17:21:27 | Saving checkpoint to ./checkpoints\step_9485...
2026-08-15 17:21:27 | Checkpoint saved successfully!

2026-08-15 17:21:27 | Deleted old checkpoint: ./checkpoints\step_9475
2026-08-15 17:21:31 | Step 9490/12000 | Loss: 2.1535 | LR: 6.153095e-05
2026-08-15 17:21:32 |   >> Validation Loss: 2.1458
2026-08-15 17:21:32 |   --> Seen Generation @ step 9490:
Input: Translate to Vietnamese: The bird call the chicken to ask for dinner.
Output: Con chim gọi cho người ăn tối.
--------------------------------------------------
2026-08-15 17:21:32 | Saving checkpoint to ./checkpoints\step_9490...
2026-08-15 17:21:32 | Checkpoint saved successfully!

2026-08-15 17:21:32 | Deleted old checkpoint: ./checkpoints\step_9480
2026-08-15 17:21:36 | Step 9495/12000 | Loss: 2.1446 | LR: 6.129658e-05
2026-08-15 17:21:37 |   >> Validation Loss: 2.1457
2026-08-15 17:21:37 |   --> Seen Generation @ step 9495:
Input: Translate to Vietnamese: The bird call the chicken to ask for dinner.
Output: Con chim gọi cho người ăn tối.
--------------------------------------------------
2026-08-15 17:21:37 | Saving checkpoint to ./checkpoints\step_9495...
2026-08-15 17:21:37 | Checkpoint saved successfully!

2026-08-15 17:21:37 | Deleted old checkpoint: ./checkpoints\step_9485
2026-08-15 17:21:41 | Step 9500/12000 | Loss: 2.1738 | LR: 6.106261e-05
2026-08-15 17:21:42 |   >> Validation Loss: 2.1456
2026-08-15 17:21:42 |   --> Seen Generation @ step 9500:
Input: Translate to Vietnamese: The bird call the chicken to ask for dinner.
Output: Con chim gọi cho người ăn tối.
--------------------------------------------------
2026-08-15 17:21:42 | Saving checkpoint to ./checkpoints\step_9500...
2026-08-15 17:21:42 | Checkpoint saved successfully!

2026-08-15 17:21:42 | Deleted old checkpoint: ./checkpoints\step_9490
2026-08-15 17:21:46 | Step 9505/12000 | Loss: 2.1449 | LR: 6.082901e-05
2026-08-15 17:21:47 |   >> Validation Loss: 2.1457
2026-08-15 17:21:47 |   --> Seen Generation @ step 9505:
Input: Translate to Vietnamese: The bird call the chicken to ask for dinner.
Output: Con chim gọi cho người ăn tối.
--------------------------------------------------
2026-08-15 17:21:47 | Saving checkpoint to ./checkpoints\step_9505...
2026-08-15 17:21:47 | Checkpoint saved successfully!

2026-08-15 17:21:47 | Deleted old checkpoint: ./checkpoints\step_9495
2026-08-15 17:21:51 | Step 9510/12000 | Loss: 2.1511 | LR: 6.059581e-05
2026-08-15 17:21:52 |   >> Validation Loss: 2.1453
2026-08-15 17:21:52 |   --> Seen Generation @ step 9510:
Input: Translate to Vietnamese: The bird call the chicken to ask for dinner.
Output: Con chim gọi cho người ăn tối.
--------------------------------------------------
2026-08-15 17:21:52 | Saving checkpoint to ./checkpoints\step_9510...
2026-08-15 17:21:53 | Checkpoint saved successfully!

2026-08-15 17:21:53 | Deleted old checkpoint: ./checkpoints\step_9500
2026-08-15 17:21:57 | Step 9515/12000 | Loss: 2.1946 | LR: 6.036299e-05
2026-08-15 17:21:58 |   >> Validation Loss: 2.1452
2026-08-15 17:21:58 |   --> Seen Generation @ step 9515:
Input: Translate to Vietnamese: The bird call the chicken to ask for dinner.
Output: Con chim gọi cho người ăn tối.
--------------------------------------------------
2026-08-15 17:21:58 | Saving checkpoint to ./checkpoints\step_9515...
2026-08-15 17:21:58 | Checkpoint saved successfully!

2026-08-15 17:21:58 | Deleted old checkpoint: ./checkpoints\step_9505
2026-08-15 17:22:02 | Step 9520/12000 | Loss: 2.1690 | LR: 6.013055e-05
2026-08-15 17:22:03 |   >> Validation Loss: 2.1448
2026-08-15 17:22:03 |   --> Seen Generation @ step 9520:
Input: Translate to Vietnamese: The bird call the chicken to ask for dinner.
Output: Con chim gọi cho người ăn tối.
--------------------------------------------------
2026-08-15 17:22:03 | Saving checkpoint to ./checkpoints\step_9520...
2026-08-15 17:22:03 | Checkpoint saved successfully!

2026-08-15 17:22:03 | Deleted old checkpoint: ./checkpoints\step_9510
2026-08-15 17:22:07 | Step 9525/12000 | Loss: 2.1293 | LR: 5.989851e-05
2026-08-15 17:22:08 |   >> Validation Loss: 2.1443
2026-08-15 17:22:08 |   --> Seen Generation @ step 9525:
Input: Translate to Vietnamese: The bird call the chicken to ask for dinner.
Output: Con chim gọi cho người ăn tối.
--------------------------------------------------
2026-08-15 17:22:08 | Saving checkpoint to ./checkpoints\step_9525...
2026-08-15 17:22:08 | Checkpoint saved successfully!

2026-08-15 17:22:08 | Deleted old checkpoint: ./checkpoints\step_9515
2026-08-15 17:22:12 | Step 9530/12000 | Loss: 2.1281 | LR: 5.966685e-05
2026-08-15 17:22:13 |   >> Validation Loss: 2.1448
2026-08-15 17:22:13 |   --> Seen Generation @ step 9530:
Input: Translate to Vietnamese: The bird call the chicken to ask for dinner.
Output: Con chim gọi cho người ăn tối.
--------------------------------------------------
2026-08-15 17:22:13 | Saving checkpoint to ./checkpoints\step_9530...
2026-08-15 17:22:14 | Checkpoint saved successfully!

2026-08-15 17:22:14 | Deleted old checkpoint: ./checkpoints\step_9520
2026-08-15 17:22:18 | Step 9535/12000 | Loss: 2.1727 | LR: 5.943558e-05
2026-08-15 17:22:19 |   >> Validation Loss: 2.1447
2026-08-15 17:22:19 |   --> Seen Generation @ step 9535:
Input: Translate to Vietnamese: The bird call the chicken to ask for dinner.
Output: Con chim gọi là chicken để hỏi bữa tối.
--------------------------------------------------
2026-08-15 17:22:19 | Saving checkpoint to ./checkpoints\step_9535...
2026-08-15 17:22:19 | Checkpoint saved successfully!

2026-08-15 17:22:19 | Deleted old checkpoint: ./checkpoints\step_9525
2026-08-15 17:22:23 | Step 9540/12000 | Loss: 2.1045 | LR: 5.920470e-05
2026-08-15 17:22:24 |   >> Validation Loss: 2.1449
2026-08-15 17:22:24 |   --> Seen Generation @ step 9540:
Input: Translate to Vietnamese: The bird call the chicken to ask for dinner.
Output: Con chim gọi cho người ăn tối.
--------------------------------------------------
2026-08-15 17:22:24 | Saving checkpoint to ./checkpoints\step_9540...
2026-08-15 17:22:24 | Checkpoint saved successfully!

2026-08-15 17:22:24 | Deleted old checkpoint: ./checkpoints\step_9530
2026-08-15 17:22:28 | Step 9545/12000 | Loss: 2.1470 | LR: 5.897421e-05
2026-08-15 17:22:29 |   >> Validation Loss: 2.1445
2026-08-15 17:22:29 |   --> Seen Generation @ step 9545:
Input: Translate to Vietnamese: The bird call the chicken to ask for dinner.
Output: Con chim gọi cho người ăn tối.
--------------------------------------------------
2026-08-15 17:22:29 | Saving checkpoint to ./checkpoints\step_9545...
2026-08-15 17:22:29 | Checkpoint saved successfully!

2026-08-15 17:22:29 | Deleted old checkpoint: ./checkpoints\step_9535
2026-08-15 17:22:33 | Step 9550/12000 | Loss: 2.1714 | LR: 5.874410e-05
2026-08-15 17:22:34 |   >> Validation Loss: 2.1441
2026-08-15 17:22:34 |   --> Seen Generation @ step 9550:
Input: Translate to Vietnamese: The bird call the chicken to ask for dinner.
Output: Con chim gọi cho người ăn tối.
--------------------------------------------------
2026-08-15 17:22:34 | Saving checkpoint to ./checkpoints\step_9550...
2026-08-15 17:22:35 | Checkpoint saved successfully!

2026-08-15 17:22:35 | Deleted old checkpoint: ./checkpoints\step_9540
2026-08-15 17:22:39 | Step 9555/12000 | Loss: 2.1702 | LR: 5.851439e-05
2026-08-15 17:22:40 |   >> Validation Loss: 2.1445
2026-08-15 17:22:40 |   --> Seen Generation @ step 9555:
Input: Translate to Vietnamese: The bird call the chicken to ask for dinner.
Output: Con chim gọi cho người ăn tối.
--------------------------------------------------
2026-08-15 17:22:40 | Saving checkpoint to ./checkpoints\step_9555...
2026-08-15 17:22:40 | Checkpoint saved successfully!

2026-08-15 17:22:40 | Deleted old checkpoint: ./checkpoints\step_9545
2026-08-15 17:22:44 | Step 9560/12000 | Loss: 2.1522 | LR: 5.828507e-05
2026-08-15 17:22:46 |   >> Validation Loss: 2.1441
2026-08-15 17:22:46 |   --> Seen Generation @ step 9560:
Input: Translate to Vietnamese: The bird call the chicken to ask for dinner.
Output: Con chim gọi cho người ăn tối.
--------------------------------------------------
2026-08-15 17:22:46 | Saving checkpoint to ./checkpoints\step_9560...
2026-08-15 17:22:46 | Checkpoint saved successfully!

2026-08-15 17:22:46 | Deleted old checkpoint: ./checkpoints\step_9550
2026-08-15 17:22:50 | Step 9565/12000 | Loss: 2.1464 | LR: 5.805613e-05
2026-08-15 17:22:51 |   >> Validation Loss: 2.1438
2026-08-15 17:22:51 |   --> Seen Generation @ step 9565:
Input: Translate to Vietnamese: The bird call the chicken to ask for dinner.
Output: Con chim gọi cho người ăn tối.
--------------------------------------------------
2026-08-15 17:22:51 | Saving checkpoint to ./checkpoints\step_9565...
2026-08-15 17:22:51 | Checkpoint saved successfully!

2026-08-15 17:22:51 | Deleted old checkpoint: ./checkpoints\step_9555
2026-08-15 17:22:55 | Step 9570/12000 | Loss: 2.1312 | LR: 5.782759e-05
2026-08-15 17:22:56 |   >> Validation Loss: 2.1443
2026-08-15 17:22:57 |   --> Seen Generation @ step 9570:
Input: Translate to Vietnamese: The bird call the chicken to ask for dinner.
Output: Con chim gọi cho người ăn tối.
--------------------------------------------------
2026-08-15 17:22:57 | Saving checkpoint to ./checkpoints\step_9570...
2026-08-15 17:22:57 | Checkpoint saved successfully!

2026-08-15 17:22:57 | Deleted old checkpoint: ./checkpoints\step_9560
2026-08-15 17:23:01 | Step 9575/12000 | Loss: 2.1509 | LR: 5.759945e-05
2026-08-15 17:23:02 |   >> Validation Loss: 2.1436
2026-08-15 17:23:02 |   --> Seen Generation @ step 9575:
Input: Translate to Vietnamese: The bird call the chicken to ask for dinner.
Output: Con chim gọi cho người ăn tối.
--------------------------------------------------
2026-08-15 17:23:02 | Saving checkpoint to ./checkpoints\step_9575...
2026-08-15 17:23:02 | Checkpoint saved successfully!

2026-08-15 17:23:02 | Deleted old checkpoint: ./checkpoints\step_9565
2026-08-15 17:23:06 | Step 9580/12000 | Loss: 2.1682 | LR: 5.737169e-05
2026-08-15 17:23:07 |   >> Validation Loss: 2.1436
2026-08-15 17:23:07 |   --> Seen Generation @ step 9580:
Input: Translate to Vietnamese: The bird call the chicken to ask for dinner.
Output: Con chim gọi cho người ăn tối.
--------------------------------------------------
2026-08-15 17:23:07 | Saving checkpoint to ./checkpoints\step_9580...
2026-08-15 17:23:07 | Checkpoint saved successfully!

2026-08-15 17:23:07 | Deleted old checkpoint: ./checkpoints\step_9570
2026-08-15 17:23:11 | Step 9585/12000 | Loss: 2.1942 | LR: 5.714433e-05
2026-08-15 17:23:12 |   >> Validation Loss: 2.1443
2026-08-15 17:23:12 |   --> Seen Generation @ step 9585:
Input: Translate to Vietnamese: The bird call the chicken to ask for dinner.
Output: Con chim gọi cho người ăn tối.
--------------------------------------------------
2026-08-15 17:23:12 | Saving checkpoint to ./checkpoints\step_9585...
2026-08-15 17:23:12 | Checkpoint saved successfully!

2026-08-15 17:23:12 | Deleted old checkpoint: ./checkpoints\step_9575
2026-08-15 17:23:16 | Step 9590/12000 | Loss: 2.0883 | LR: 5.691736e-05
2026-08-15 17:23:17 |   >> Validation Loss: 2.1436
2026-08-15 17:23:18 |   --> Seen Generation @ step 9590:
Input: Translate to Vietnamese: The bird call the chicken to ask for dinner.
Output: Con chim gọi cho người ăn tối.
--------------------------------------------------
2026-08-15 17:23:18 | Saving checkpoint to ./checkpoints\step_9590...
2026-08-15 17:23:18 | Checkpoint saved successfully!

2026-08-15 17:23:18 | Deleted old checkpoint: ./checkpoints\step_9580
2026-08-15 17:23:22 | Step 9595/12000 | Loss: 2.1742 | LR: 5.669078e-05
2026-08-15 17:23:23 |   >> Validation Loss: 2.1433
2026-08-15 17:23:23 |   --> Seen Generation @ step 9595:
Input: Translate to Vietnamese: The bird call the chicken to ask for dinner.
Output: Con chim gọi cho người ăn tối.
--------------------------------------------------
2026-08-15 17:23:23 | Saving checkpoint to ./checkpoints\step_9595...
2026-08-15 17:23:23 | Checkpoint saved successfully!

2026-08-15 17:23:23 | Deleted old checkpoint: ./checkpoints\step_9585
2026-08-15 17:23:27 | Step 9600/12000 | Loss: 2.1949 | LR: 5.646460e-05
2026-08-15 17:23:28 |   >> Validation Loss: 2.1438
2026-08-15 17:23:28 |   --> Seen Generation @ step 9600:
Input: Translate to Vietnamese: The bird call the chicken to ask for dinner.
Output: Con chim gọi cho người ăn tối.
--------------------------------------------------
2026-08-15 17:23:28 | Saving checkpoint to ./checkpoints\step_9600...
2026-08-15 17:23:28 | Checkpoint saved successfully!

2026-08-15 17:23:28 | Deleted old checkpoint: ./checkpoints\step_9590
2026-08-15 17:23:32 | Step 9605/12000 | Loss: 2.1579 | LR: 5.623881e-05
2026-08-15 17:23:33 |   >> Validation Loss: 2.1432
2026-08-15 17:23:33 |   --> Seen Generation @ step 9605:
Input: Translate to Vietnamese: The bird call the chicken to ask for dinner.
Output: Con chim gọi cho người ăn tối.
--------------------------------------------------
2026-08-15 17:23:33 | Saving checkpoint to ./checkpoints\step_9605...
2026-08-15 17:23:33 | Checkpoint saved successfully!

2026-08-15 17:23:33 | Deleted old checkpoint: ./checkpoints\step_9595
2026-08-15 17:23:37 | Step 9610/12000 | Loss: 2.1742 | LR: 5.601342e-05
2026-08-15 17:23:38 |   >> Validation Loss: 2.1434
2026-08-15 17:23:38 |   --> Seen Generation @ step 9610:
Input: Translate to Vietnamese: The bird call the chicken to ask for dinner.
Output: Con chim gọi cho người ăn tối.
--------------------------------------------------
2026-08-15 17:23:38 | Saving checkpoint to ./checkpoints\step_9610...
2026-08-15 17:23:39 | Checkpoint saved successfully!

2026-08-15 17:23:39 | Deleted old checkpoint: ./checkpoints\step_9600
2026-08-15 17:23:43 | Step 9615/12000 | Loss: 2.2039 | LR: 5.578842e-05
2026-08-15 17:23:44 |   >> Validation Loss: 2.1432
2026-08-15 17:23:44 |   --> Seen Generation @ step 9615:
Input: Translate to Vietnamese: The bird call the chicken to ask for dinner.
Output: Con chim gọi cho người ăn tối.
--------------------------------------------------
2026-08-15 17:23:44 | Saving checkpoint to ./checkpoints\step_9615...
2026-08-15 17:23:44 | Checkpoint saved successfully!

2026-08-15 17:23:44 | Deleted old checkpoint: ./checkpoints\step_9605
2026-08-15 17:23:48 | Step 9620/12000 | Loss: 2.1549 | LR: 5.556382e-05
2026-08-15 17:23:49 |   >> Validation Loss: 2.1434
2026-08-15 17:23:49 |   --> Seen Generation @ step 9620:
Input: Translate to Vietnamese: The bird call the chicken to ask for dinner.
Output: Con chim gọi cho người ăn tối.
--------------------------------------------------
2026-08-15 17:23:49 | Saving checkpoint to ./checkpoints\step_9620...
2026-08-15 17:23:49 | Checkpoint saved successfully!

2026-08-15 17:23:49 | Deleted old checkpoint: ./checkpoints\step_9610
2026-08-15 17:23:53 | Step 9625/12000 | Loss: 2.1516 | LR: 5.533962e-05
2026-08-15 17:23:54 |   >> Validation Loss: 2.1432
2026-08-15 17:23:54 |   --> Seen Generation @ step 9625:
Input: Translate to Vietnamese: The bird call the chicken to ask for dinner.
Output: Con chim gọi cho người ăn tối.
--------------------------------------------------
2026-08-15 17:23:54 | Saving checkpoint to ./checkpoints\step_9625...
2026-08-15 17:23:54 | Checkpoint saved successfully!

2026-08-15 17:23:54 | Deleted old checkpoint: ./checkpoints\step_9615
2026-08-15 17:23:58 | Step 9630/12000 | Loss: 2.1383 | LR: 5.511581e-05
2026-08-15 17:23:59 |   >> Validation Loss: 2.1429
2026-08-15 17:23:59 |   --> Seen Generation @ step 9630:
Input: Translate to Vietnamese: The bird call the chicken to ask for dinner.
Output: Con chim gọi cho người ăn tối.
--------------------------------------------------
2026-08-15 17:23:59 | Saving checkpoint to ./checkpoints\step_9630...
2026-08-15 17:24:00 | Checkpoint saved successfully!

2026-08-15 17:24:00 | Deleted old checkpoint: ./checkpoints\step_9620
2026-08-15 17:24:04 | Step 9635/12000 | Loss: 2.1672 | LR: 5.489240e-05
2026-08-15 17:24:05 |   >> Validation Loss: 2.1431
2026-08-15 17:24:05 |   --> Seen Generation @ step 9635:
Input: Translate to Vietnamese: The bird call the chicken to ask for dinner.
Output: Con chim gọi cho người ăn tối.
--------------------------------------------------
2026-08-15 17:24:05 | Saving checkpoint to ./checkpoints\step_9635...
2026-08-15 17:24:05 | Checkpoint saved successfully!

2026-08-15 17:24:05 | Deleted old checkpoint: ./checkpoints\step_9625
2026-08-15 17:24:09 | Step 9640/12000 | Loss: 2.1406 | LR: 5.466939e-05
2026-08-15 17:24:10 |   >> Validation Loss: 2.1427
2026-08-15 17:24:10 |   --> Seen Generation @ step 9640:
Input: Translate to Vietnamese: The bird call the chicken to ask for dinner.
Output: Con chim gọi cho người ăn tối.
--------------------------------------------------
2026-08-15 17:24:10 | Saving checkpoint to ./checkpoints\step_9640...
2026-08-15 17:24:10 | Checkpoint saved successfully!

2026-08-15 17:24:10 | Deleted old checkpoint: ./checkpoints\step_9630
2026-08-15 17:24:14 | Step 9645/12000 | Loss: 2.1491 | LR: 5.444677e-05
2026-08-15 17:24:15 |   >> Validation Loss: 2.1429
2026-08-15 17:24:15 |   --> Seen Generation @ step 9645:
Input: Translate to Vietnamese: The bird call the chicken to ask for dinner.
Output: Con chim gọi cho người ăn tối.
--------------------------------------------------
2026-08-15 17:24:15 | Saving checkpoint to ./checkpoints\step_9645...
2026-08-15 17:24:15 | Checkpoint saved successfully!

2026-08-15 17:24:15 | Deleted old checkpoint: ./checkpoints\step_9635
2026-08-15 17:24:19 | Step 9650/12000 | Loss: 2.1653 | LR: 5.422456e-05
2026-08-15 17:24:20 |   >> Validation Loss: 2.1429
2026-08-15 17:24:21 |   --> Seen Generation @ step 9650:
Input: Translate to Vietnamese: The bird call the chicken to ask for dinner.
Output: Con chim gọi cho người ăn tối.
--------------------------------------------------
2026-08-15 17:24:21 | Saving checkpoint to ./checkpoints\step_9650...
2026-08-15 17:24:21 | Checkpoint saved successfully!

2026-08-15 17:24:21 | Deleted old checkpoint: ./checkpoints\step_9640
2026-08-15 17:24:25 | Step 9655/12000 | Loss: 2.1179 | LR: 5.400274e-05
2026-08-15 17:24:26 |   >> Validation Loss: 2.1427
2026-08-15 17:24:26 |   --> Seen Generation @ step 9655:
Input: Translate to Vietnamese: The bird call the chicken to ask for dinner.
Output: Con chim gọi cho người ăn tối.
--------------------------------------------------
2026-08-15 17:24:26 | Saving checkpoint to ./checkpoints\step_9655...
2026-08-15 17:24:26 | Checkpoint saved successfully!

2026-08-15 17:24:26 | Deleted old checkpoint: ./checkpoints\step_9645
2026-08-15 17:24:30 | Step 9660/12000 | Loss: 2.1784 | LR: 5.378133e-05
2026-08-15 17:24:31 |   >> Validation Loss: 2.1425
2026-08-15 17:24:31 |   --> Seen Generation @ step 9660:
Input: Translate to Vietnamese: The bird call the chicken to ask for dinner.
Output: Con chim gọi cho người ăn tối.
--------------------------------------------------
2026-08-15 17:24:31 | Saving checkpoint to ./checkpoints\step_9660...
2026-08-15 17:24:31 | Checkpoint saved successfully!

2026-08-15 17:24:31 | Deleted old checkpoint: ./checkpoints\step_9650
2026-08-15 17:24:35 | Step 9665/12000 | Loss: 2.1361 | LR: 5.356031e-05
2026-08-15 17:24:36 |   >> Validation Loss: 2.1423
2026-08-15 17:24:36 |   --> Seen Generation @ step 9665:
Input: Translate to Vietnamese: The bird call the chicken to ask for dinner.
Output: Con chim gọi cho người ăn tối.
--------------------------------------------------
2026-08-15 17:24:36 | Saving checkpoint to ./checkpoints\step_9665...
2026-08-15 17:24:36 | Checkpoint saved successfully!

2026-08-15 17:24:36 | Deleted old checkpoint: ./checkpoints\step_9655
2026-08-15 17:24:40 | Step 9670/12000 | Loss: 2.1334 | LR: 5.333969e-05
2026-08-15 17:24:41 |   >> Validation Loss: 2.1419
2026-08-15 17:24:42 |   --> Seen Generation @ step 9670:
Input: Translate to Vietnamese: The bird call the chicken to ask for dinner.
Output: Con chim gọi cho người ăn tối.
--------------------------------------------------
2026-08-15 17:24:42 | Saving checkpoint to ./checkpoints\step_9670...
2026-08-15 17:24:42 | Checkpoint saved successfully!

2026-08-15 17:24:42 | Deleted old checkpoint: ./checkpoints\step_9660
2026-08-15 17:24:46 | Step 9675/12000 | Loss: 2.1244 | LR: 5.311948e-05
2026-08-15 17:24:47 |   >> Validation Loss: 2.1420
2026-08-15 17:24:47 |   --> Seen Generation @ step 9675:
Input: Translate to Vietnamese: The bird call the chicken to ask for dinner.
Output: Con chim gọi cho người ăn tối.
--------------------------------------------------
2026-08-15 17:24:47 | Saving checkpoint to ./checkpoints\step_9675...
2026-08-15 17:24:47 | Checkpoint saved successfully!

2026-08-15 17:24:47 | Deleted old checkpoint: ./checkpoints\step_9665
2026-08-15 17:24:51 | Step 9680/12000 | Loss: 2.1869 | LR: 5.289967e-05
2026-08-15 17:24:52 |   >> Validation Loss: 2.1427
2026-08-15 17:24:52 |   --> Seen Generation @ step 9680:
Input: Translate to Vietnamese: The bird call the chicken to ask for dinner.
Output: Con chim gọi cho người ăn tối.
--------------------------------------------------
2026-08-15 17:24:52 | Saving checkpoint to ./checkpoints\step_9680...
2026-08-15 17:24:52 | Checkpoint saved successfully!

2026-08-15 17:24:52 | Deleted old checkpoint: ./checkpoints\step_9670
2026-08-15 17:24:56 | Step 9685/12000 | Loss: 2.2122 | LR: 5.268026e-05
2026-08-15 17:24:57 |   >> Validation Loss: 2.1420
2026-08-15 17:24:57 |   --> Seen Generation @ step 9685:
Input: Translate to Vietnamese: The bird call the chicken to ask for dinner.
Output: Con chim gọi là "cái" để hỏi bữa tối.
--------------------------------------------------
2026-08-15 17:24:57 | Saving checkpoint to ./checkpoints\step_9685...
2026-08-15 17:24:57 | Checkpoint saved successfully!

2026-08-15 17:24:57 | Deleted old checkpoint: ./checkpoints\step_9675
2026-08-15 17:25:01 | Step 9690/12000 | Loss: 2.1324 | LR: 5.246125e-05
2026-08-15 17:25:02 |   >> Validation Loss: 2.1420
2026-08-15 17:25:03 |   --> Seen Generation @ step 9690:
Input: Translate to Vietnamese: The bird call the chicken to ask for dinner.
Output: Con chim gọi là chicken để hỏi bữa tối.
--------------------------------------------------
2026-08-15 17:25:03 | Saving checkpoint to ./checkpoints\step_9690...
2026-08-15 17:25:03 | Checkpoint saved successfully!

2026-08-15 17:25:03 | Deleted old checkpoint: ./checkpoints\step_9680
2026-08-15 17:25:07 | Step 9695/12000 | Loss: 2.1840 | LR: 5.224264e-05
2026-08-15 17:25:08 |   >> Validation Loss: 2.1421
2026-08-15 17:25:08 |   --> Seen Generation @ step 9695:
Input: Translate to Vietnamese: The bird call the chicken to ask for dinner.
Output: Con chim gọi cho người ăn tối.
--------------------------------------------------
2026-08-15 17:25:08 | Saving checkpoint to ./checkpoints\step_9695...
2026-08-15 17:25:08 | Checkpoint saved successfully!

2026-08-15 17:25:08 | Deleted old checkpoint: ./checkpoints\step_9685
2026-08-15 17:25:12 | Step 9700/12000 | Loss: 2.1475 | LR: 5.202444e-05
2026-08-15 17:25:13 |   >> Validation Loss: 2.1418
2026-08-15 17:25:13 |   --> Seen Generation @ step 9700:
Input: Translate to Vietnamese: The bird call the chicken to ask for dinner.
Output: Con chim gọi cho người ăn tối.
--------------------------------------------------
2026-08-15 17:25:13 | Saving checkpoint to ./checkpoints\step_9700...
2026-08-15 17:25:13 | Checkpoint saved successfully!

2026-08-15 17:25:13 | Deleted old checkpoint: ./checkpoints\step_9690
2026-08-15 17:25:17 | Step 9705/12000 | Loss: 2.1461 | LR: 5.180664e-05
2026-08-15 17:25:18 |   >> Validation Loss: 2.1419
2026-08-15 17:25:18 |   --> Seen Generation @ step 9705:
Input: Translate to Vietnamese: The bird call the chicken to ask for dinner.
Output: Con chim gọi cho người ăn tối.
--------------------------------------------------
2026-08-15 17:25:18 | Saving checkpoint to ./checkpoints\step_9705...
2026-08-15 17:25:18 | Checkpoint saved successfully!

2026-08-15 17:25:18 | Deleted old checkpoint: ./checkpoints\step_9695
2026-08-15 17:25:22 | Step 9710/12000 | Loss: 2.1406 | LR: 5.158924e-05
2026-08-15 17:25:24 |   >> Validation Loss: 2.1421
2026-08-15 17:25:24 |   --> Seen Generation @ step 9710:
Input: Translate to Vietnamese: The bird call the chicken to ask for dinner.
Output: Con chim gọi cho người ăn tối.
--------------------------------------------------
2026-08-15 17:25:24 | Saving checkpoint to ./checkpoints\step_9710...
2026-08-15 17:25:24 | Checkpoint saved successfully!

2026-08-15 17:25:24 | Deleted old checkpoint: ./checkpoints\step_9700
2026-08-15 17:25:28 | Step 9715/12000 | Loss: 2.1615 | LR: 5.137225e-05
2026-08-15 17:25:29 |   >> Validation Loss: 2.1419
2026-08-15 17:25:29 |   --> Seen Generation @ step 9715:
Input: Translate to Vietnamese: The bird call the chicken to ask for dinner.
Output: Con chim gọi cho người ăn tối.
--------------------------------------------------
2026-08-15 17:25:29 | Saving checkpoint to ./checkpoints\step_9715...
2026-08-15 17:25:29 | Checkpoint saved successfully!

2026-08-15 17:25:29 | Deleted old checkpoint: ./checkpoints\step_9705
2026-08-15 17:25:33 | Step 9720/12000 | Loss: 2.1180 | LR: 5.115567e-05
2026-08-15 17:25:34 |   >> Validation Loss: 2.1415
2026-08-15 17:25:34 |   --> Seen Generation @ step 9720:
Input: Translate to Vietnamese: The bird call the chicken to ask for dinner.
Output: Con chim gọi cho người ăn tối.
--------------------------------------------------
2026-08-15 17:25:34 | Saving checkpoint to ./checkpoints\step_9720...
2026-08-15 17:25:34 | Checkpoint saved successfully!

2026-08-15 17:25:34 | Deleted old checkpoint: ./checkpoints\step_9710
2026-08-15 17:25:38 | Step 9725/12000 | Loss: 2.1284 | LR: 5.093949e-05
2026-08-15 17:25:39 |   >> Validation Loss: 2.1415
2026-08-15 17:25:39 |   --> Seen Generation @ step 9725:
Input: Translate to Vietnamese: The bird call the chicken to ask for dinner.
Output: Con chim gọi cho người ăn tối.
--------------------------------------------------
2026-08-15 17:25:39 | Saving checkpoint to ./checkpoints\step_9725...
2026-08-15 17:25:39 | Checkpoint saved successfully!

2026-08-15 17:25:39 | Deleted old checkpoint: ./checkpoints\step_9715
2026-08-15 17:25:43 | Step 9730/12000 | Loss: 2.1243 | LR: 5.072372e-05
2026-08-15 17:25:45 |   >> Validation Loss: 2.1416
2026-08-15 17:25:45 |   --> Seen Generation @ step 9730:
Input: Translate to Vietnamese: The bird call the chicken to ask for dinner.
Output: Con chim gọi cho người ăn tối.
--------------------------------------------------
2026-08-15 17:25:45 | Saving checkpoint to ./checkpoints\step_9730...
2026-08-15 17:25:45 | Checkpoint saved successfully!

2026-08-15 17:25:45 | Deleted old checkpoint: ./checkpoints\step_9720
2026-08-15 17:25:49 | Step 9735/12000 | Loss: 2.1484 | LR: 5.050835e-05
2026-08-15 17:25:50 |   >> Validation Loss: 2.1415
2026-08-15 17:25:50 |   --> Seen Generation @ step 9735:
Input: Translate to Vietnamese: The bird call the chicken to ask for dinner.
Output: Con chim gọi cho người ăn tối.
--------------------------------------------------
2026-08-15 17:25:50 | Saving checkpoint to ./checkpoints\step_9735...
2026-08-15 17:25:50 | Checkpoint saved successfully!

2026-08-15 17:25:50 | Deleted old checkpoint: ./checkpoints\step_9725
2026-08-15 17:25:54 | Step 9740/12000 | Loss: 2.1123 | LR: 5.029339e-05
2026-08-15 17:25:55 |   >> Validation Loss: 2.1413
2026-08-15 17:25:55 |   --> Seen Generation @ step 9740:
Input: Translate to Vietnamese: The bird call the chicken to ask for dinner.
Output: Con chim gọi cho người ăn tối.
--------------------------------------------------
2026-08-15 17:25:55 | Saving checkpoint to ./checkpoints\step_9740...
2026-08-15 17:25:55 | Checkpoint saved successfully!

2026-08-15 17:25:55 | Deleted old checkpoint: ./checkpoints\step_9730
2026-08-15 17:25:59 | Step 9745/12000 | Loss: 2.1648 | LR: 5.007884e-05
2026-08-15 17:26:00 |   >> Validation Loss: 2.1413
2026-08-15 17:26:00 |   --> Seen Generation @ step 9745:
Input: Translate to Vietnamese: The bird call the chicken to ask for dinner.
Output: Con chim gọi cho người ăn tối.
--------------------------------------------------
2026-08-15 17:26:00 | Saving checkpoint to ./checkpoints\step_9745...
2026-08-15 17:26:00 | Checkpoint saved successfully!

2026-08-15 17:26:00 | Deleted old checkpoint: ./checkpoints\step_9735
2026-08-15 17:26:04 | Step 9750/12000 | Loss: 2.1872 | LR: 4.986469e-05
2026-08-15 17:26:06 |   >> Validation Loss: 2.1410
2026-08-15 17:26:06 |   --> Seen Generation @ step 9750:
Input: Translate to Vietnamese: The bird call the chicken to ask for dinner.
Output: Con chim gọi cho người ăn tối.
--------------------------------------------------
2026-08-15 17:26:06 | Saving checkpoint to ./checkpoints\step_9750...
2026-08-15 17:26:06 | Checkpoint saved successfully!

2026-08-15 17:26:06 | Deleted old checkpoint: ./checkpoints\step_9740
2026-08-15 17:26:10 | Step 9755/12000 | Loss: 2.1679 | LR: 4.965095e-05
2026-08-15 17:26:11 |   >> Validation Loss: 2.1409
2026-08-15 17:26:11 |   --> Seen Generation @ step 9755:
Input: Translate to Vietnamese: The bird call the chicken to ask for dinner.
Output: Con chim gọi cho người ăn tối.
--------------------------------------------------
2026-08-15 17:26:11 | Saving checkpoint to ./checkpoints\step_9755...
2026-08-15 17:26:11 | Checkpoint saved successfully!

2026-08-15 17:26:11 | Deleted old checkpoint: ./checkpoints\step_9745
2026-08-15 17:26:15 | Step 9760/12000 | Loss: 2.1336 | LR: 4.943762e-05
2026-08-15 17:26:16 |   >> Validation Loss: 2.1411
2026-08-15 17:26:16 |   --> Seen Generation @ step 9760:
Input: Translate to Vietnamese: The bird call the chicken to ask for dinner.
Output: Con chim gọi cho người ăn tối.
--------------------------------------------------
2026-08-15 17:26:16 | Saving checkpoint to ./checkpoints\step_9760...
2026-08-15 17:26:16 | Checkpoint saved successfully!

2026-08-15 17:26:16 | Deleted old checkpoint: ./checkpoints\step_9750
2026-08-15 17:26:20 | Step 9765/12000 | Loss: 2.2251 | LR: 4.922470e-05
2026-08-15 17:26:21 |   >> Validation Loss: 2.1409
2026-08-15 17:26:21 |   --> Seen Generation @ step 9765:
Input: Translate to Vietnamese: The bird call the chicken to ask for dinner.
Output: Con chim gọi cho người ăn tối.
--------------------------------------------------
2026-08-15 17:26:21 | Saving checkpoint to ./checkpoints\step_9765...
2026-08-15 17:26:22 | Checkpoint saved successfully!

2026-08-15 17:26:22 | Deleted old checkpoint: ./checkpoints\step_9755
2026-08-15 17:26:26 | Step 9770/12000 | Loss: 2.2116 | LR: 4.901219e-05
2026-08-15 17:26:27 |   >> Validation Loss: 2.1410
2026-08-15 17:26:27 |   --> Seen Generation @ step 9770:
Input: Translate to Vietnamese: The bird call the chicken to ask for dinner.
Output: Con chim gọi cho người ăn tối.
--------------------------------------------------
2026-08-15 17:26:27 | Saving checkpoint to ./checkpoints\step_9770...
2026-08-15 17:26:27 | Checkpoint saved successfully!

2026-08-15 17:26:27 | Deleted old checkpoint: ./checkpoints\step_9760
2026-08-15 17:26:31 | Step 9775/12000 | Loss: 2.1603 | LR: 4.880009e-05
2026-08-15 17:26:32 |   >> Validation Loss: 2.1409
2026-08-15 17:26:32 |   --> Seen Generation @ step 9775:
Input: Translate to Vietnamese: The bird call the chicken to ask for dinner.
Output: Con chim gọi là chicken để hỏi bữa tối.
--------------------------------------------------
2026-08-15 17:26:32 | Saving checkpoint to ./checkpoints\step_9775...
2026-08-15 17:26:32 | Checkpoint saved successfully!

2026-08-15 17:26:32 | Deleted old checkpoint: ./checkpoints\step_9765
2026-08-15 17:26:36 | Step 9780/12000 | Loss: 2.1101 | LR: 4.858840e-05
2026-08-15 17:26:37 |   >> Validation Loss: 2.1410
2026-08-15 17:26:37 |   --> Seen Generation @ step 9780:
Input: Translate to Vietnamese: The bird call the chicken to ask for dinner.
Output: Con chim gọi cho người ăn tối.
--------------------------------------------------
2026-08-15 17:26:37 | Saving checkpoint to ./checkpoints\step_9780...
2026-08-15 17:26:37 | Checkpoint saved successfully!

2026-08-15 17:26:37 | Deleted old checkpoint: ./checkpoints\step_9770
2026-08-15 17:26:41 | Step 9785/12000 | Loss: 2.1291 | LR: 4.837712e-05
2026-08-15 17:26:42 |   >> Validation Loss: 2.1407
2026-08-15 17:26:42 |   --> Seen Generation @ step 9785:
Input: Translate to Vietnamese: The bird call the chicken to ask for dinner.
Output: Con chim gọi cho người ăn tối.
--------------------------------------------------
2026-08-15 17:26:42 | Saving checkpoint to ./checkpoints\step_9785...
2026-08-15 17:26:43 | Checkpoint saved successfully!

2026-08-15 17:26:43 | Deleted old checkpoint: ./checkpoints\step_9775
2026-08-15 17:26:47 | Step 9790/12000 | Loss: 2.1732 | LR: 4.816625e-05
2026-08-15 17:26:48 |   >> Validation Loss: 2.1405
2026-08-15 17:26:48 |   --> Seen Generation @ step 9790:
Input: Translate to Vietnamese: The bird call the chicken to ask for dinner.
Output: Con chim gọi cho người ăn tối.
--------------------------------------------------
2026-08-15 17:26:48 | Saving checkpoint to ./checkpoints\step_9790...
2026-08-15 17:26:48 | Checkpoint saved successfully!

2026-08-15 17:26:48 | Deleted old checkpoint: ./checkpoints\step_9780
2026-08-15 17:26:52 | Step 9795/12000 | Loss: 2.1582 | LR: 4.795580e-05
2026-08-15 17:26:53 |   >> Validation Loss: 2.1410
2026-08-15 17:26:53 |   --> Seen Generation @ step 9795:
Input: Translate to Vietnamese: The bird call the chicken to ask for dinner.
Output: Con chim gọi cho người ăn tối.
--------------------------------------------------
2026-08-15 17:26:53 | Saving checkpoint to ./checkpoints\step_9795...
2026-08-15 17:26:53 | Checkpoint saved successfully!

2026-08-15 17:26:53 | Deleted old checkpoint: ./checkpoints\step_9785
2026-08-15 17:26:57 | Step 9800/12000 | Loss: 2.1896 | LR: 4.774575e-05
2026-08-15 17:26:58 |   >> Validation Loss: 2.1406
2026-08-15 17:26:58 |   --> Seen Generation @ step 9800:
Input: Translate to Vietnamese: The bird call the chicken to ask for dinner.
Output: Con chim gọi là chicken để hỏi bữa tối.
--------------------------------------------------
2026-08-15 17:26:58 | Saving checkpoint to ./checkpoints\step_9800...
2026-08-15 17:26:58 | Checkpoint saved successfully!

2026-08-15 17:26:58 | Deleted old checkpoint: ./checkpoints\step_9790
2026-08-15 17:27:02 | Step 9805/12000 | Loss: 2.1679 | LR: 4.753612e-05
2026-08-15 17:27:03 |   >> Validation Loss: 2.1406
2026-08-15 17:27:03 |   --> Seen Generation @ step 9805:
Input: Translate to Vietnamese: The bird call the chicken to ask for dinner.
Output: Con chim gọi là chicken để hỏi bữa tối.
--------------------------------------------------
2026-08-15 17:27:03 | Saving checkpoint to ./checkpoints\step_9805...
2026-08-15 17:27:03 | Checkpoint saved successfully!

2026-08-15 17:27:03 | Deleted old checkpoint: ./checkpoints\step_9795
2026-08-15 17:27:08 | Step 9810/12000 | Loss: 2.1468 | LR: 4.732690e-05
2026-08-15 17:27:09 |   >> Validation Loss: 2.1405
2026-08-15 17:27:09 |   --> Seen Generation @ step 9810:
Input: Translate to Vietnamese: The bird call the chicken to ask for dinner.
Output: Con chim gọi cho người ăn tối.
--------------------------------------------------
2026-08-15 17:27:09 | Saving checkpoint to ./checkpoints\step_9810...
2026-08-15 17:27:09 | Checkpoint saved successfully!

2026-08-15 17:27:09 | Deleted old checkpoint: ./checkpoints\step_9800
2026-08-15 17:27:13 | Step 9815/12000 | Loss: 2.1036 | LR: 4.711809e-05
2026-08-15 17:27:14 |   >> Validation Loss: 2.1411
2026-08-15 17:27:14 |   --> Seen Generation @ step 9815:
Input: Translate to Vietnamese: The bird call the chicken to ask for dinner.
Output: Con chim gọi cho người ăn tối.
--------------------------------------------------
2026-08-15 17:27:14 | Saving checkpoint to ./checkpoints\step_9815...
2026-08-15 17:27:14 | Checkpoint saved successfully!

2026-08-15 17:27:14 | Deleted old checkpoint: ./checkpoints\step_9805
2026-08-15 17:27:18 | Step 9820/12000 | Loss: 2.1346 | LR: 4.690970e-05
2026-08-15 17:27:19 |   >> Validation Loss: 2.1410
2026-08-15 17:27:19 |   --> Seen Generation @ step 9820:
Input: Translate to Vietnamese: The bird call the chicken to ask for dinner.
Output: Con chim gọi cho người ăn tối.
--------------------------------------------------
2026-08-15 17:27:19 | Saving checkpoint to ./checkpoints\step_9820...
2026-08-15 17:27:19 | Checkpoint saved successfully!

2026-08-15 17:27:19 | Deleted old checkpoint: ./checkpoints\step_9810
2026-08-15 17:27:23 | Step 9825/12000 | Loss: 2.1725 | LR: 4.670172e-05
2026-08-15 17:27:24 |   >> Validation Loss: 2.1407
2026-08-15 17:27:24 |   --> Seen Generation @ step 9825:
Input: Translate to Vietnamese: The bird call the chicken to ask for dinner.
Output: Con chim gọi cho người ăn tối.
--------------------------------------------------
2026-08-15 17:27:24 | Saving checkpoint to ./checkpoints\step_9825...
2026-08-15 17:27:24 | Checkpoint saved successfully!

2026-08-15 17:27:24 | Deleted old checkpoint: ./checkpoints\step_9815
2026-08-15 17:27:28 | Step 9830/12000 | Loss: 2.1782 | LR: 4.649416e-05
2026-08-15 17:27:29 |   >> Validation Loss: 2.1404
2026-08-15 17:27:29 |   --> Seen Generation @ step 9830:
Input: Translate to Vietnamese: The bird call the chicken to ask for dinner.
Output: Con chim gọi cho người ăn tối.
--------------------------------------------------
2026-08-15 17:27:29 | Saving checkpoint to ./checkpoints\step_9830...
2026-08-15 17:27:30 | Checkpoint saved successfully!

2026-08-15 17:27:30 | Deleted old checkpoint: ./checkpoints\step_9820
2026-08-15 17:27:34 | Step 9835/12000 | Loss: 2.1457 | LR: 4.628701e-05
2026-08-15 17:27:35 |   >> Validation Loss: 2.1404
2026-08-15 17:27:35 |   --> Seen Generation @ step 9835:
Input: Translate to Vietnamese: The bird call the chicken to ask for dinner.
Output: Con chim gọi cho người ăn tối.
--------------------------------------------------
2026-08-15 17:27:35 | Saving checkpoint to ./checkpoints\step_9835...
2026-08-15 17:27:35 | Checkpoint saved successfully!

2026-08-15 17:27:35 | Deleted old checkpoint: ./checkpoints\step_9825
2026-08-15 17:27:39 | Step 9840/12000 | Loss: 2.1453 | LR: 4.608027e-05
2026-08-15 17:27:40 |   >> Validation Loss: 2.1400
2026-08-15 17:27:40 |   --> Seen Generation @ step 9840:
Input: Translate to Vietnamese: The bird call the chicken to ask for dinner.
Output: Con chim gọi cho người ăn tối.
--------------------------------------------------
2026-08-15 17:27:40 | Saving checkpoint to ./checkpoints\step_9840...
2026-08-15 17:27:40 | Checkpoint saved successfully!

2026-08-15 17:27:40 | Deleted old checkpoint: ./checkpoints\step_9830
2026-08-15 17:27:44 | Step 9845/12000 | Loss: 2.1582 | LR: 4.587396e-05
2026-08-15 17:27:45 |   >> Validation Loss: 2.1400
2026-08-15 17:27:45 |   --> Seen Generation @ step 9845:
Input: Translate to Vietnamese: The bird call the chicken to ask for dinner.
Output: Con chim gọi cho người ăn tối.
--------------------------------------------------
2026-08-15 17:27:45 | Saving checkpoint to ./checkpoints\step_9845...
2026-08-15 17:27:45 | Checkpoint saved successfully!

2026-08-15 17:27:45 | Deleted old checkpoint: ./checkpoints\step_9835
2026-08-15 17:27:49 | Step 9850/12000 | Loss: 2.1840 | LR: 4.566806e-05
2026-08-15 17:27:50 |   >> Validation Loss: 2.1402
2026-08-15 17:27:50 |   --> Seen Generation @ step 9850:
Input: Translate to Vietnamese: The bird call the chicken to ask for dinner.
Output: Con chim gọi cho người ăn tối.
--------------------------------------------------
2026-08-15 17:27:50 | Saving checkpoint to ./checkpoints\step_9850...
2026-08-15 17:27:50 | Checkpoint saved successfully!

2026-08-15 17:27:50 | Deleted old checkpoint: ./checkpoints\step_9840
2026-08-15 17:27:55 | Step 9855/12000 | Loss: 2.1574 | LR: 4.546257e-05
2026-08-15 17:27:56 |   >> Validation Loss: 2.1401
2026-08-15 17:27:56 |   --> Seen Generation @ step 9855:
Input: Translate to Vietnamese: The bird call the chicken to ask for dinner.
Output: Con chim gọi cho người ăn tối.
--------------------------------------------------
2026-08-15 17:27:56 | Saving checkpoint to ./checkpoints\step_9855...
2026-08-15 17:27:56 | Checkpoint saved successfully!

2026-08-15 17:27:56 | Deleted old checkpoint: ./checkpoints\step_9845
2026-08-15 17:28:00 | Step 9860/12000 | Loss: 2.1613 | LR: 4.525750e-05
2026-08-15 17:28:01 |   >> Validation Loss: 2.1401
2026-08-15 17:28:01 |   --> Seen Generation @ step 9860:
Input: Translate to Vietnamese: The bird call the chicken to ask for dinner.
Output: Con chim gọi cho người ăn tối.
--------------------------------------------------
2026-08-15 17:28:01 | Saving checkpoint to ./checkpoints\step_9860...
2026-08-15 17:28:01 | Checkpoint saved successfully!

2026-08-15 17:28:01 | Deleted old checkpoint: ./checkpoints\step_9850
2026-08-15 17:28:05 | Step 9865/12000 | Loss: 2.1646 | LR: 4.505285e-05
2026-08-15 17:28:06 |   >> Validation Loss: 2.1400
2026-08-15 17:28:06 |   --> Seen Generation @ step 9865:
Input: Translate to Vietnamese: The bird call the chicken to ask for dinner.
Output: Con chim gọi cho người ăn tối.
--------------------------------------------------
2026-08-15 17:28:06 | Saving checkpoint to ./checkpoints\step_9865...
2026-08-15 17:28:06 | Checkpoint saved successfully!

2026-08-15 17:28:06 | Deleted old checkpoint: ./checkpoints\step_9855
2026-08-15 17:28:10 | Step 9870/12000 | Loss: 2.1781 | LR: 4.484862e-05
2026-08-15 17:28:11 |   >> Validation Loss: 2.1396
2026-08-15 17:28:11 |   --> Seen Generation @ step 9870:
Input: Translate to Vietnamese: The bird call the chicken to ask for dinner.
Output: Con chim gọi cho người ăn tối.
--------------------------------------------------
2026-08-15 17:28:11 | Saving checkpoint to ./checkpoints\step_9870...
2026-08-15 17:28:12 | Checkpoint saved successfully!

2026-08-15 17:28:12 | Deleted old checkpoint: ./checkpoints\step_9860
2026-08-15 17:28:16 | Step 9875/12000 | Loss: 2.1825 | LR: 4.464481e-05
2026-08-15 17:28:17 |   >> Validation Loss: 2.1393
2026-08-15 17:28:17 |   --> Seen Generation @ step 9875:
Input: Translate to Vietnamese: The bird call the chicken to ask for dinner.
Output: Con chim gọi cho người ăn tối.
--------------------------------------------------
2026-08-15 17:28:17 | Saving checkpoint to ./checkpoints\step_9875...
2026-08-15 17:28:17 | Checkpoint saved successfully!

2026-08-15 17:28:17 | Deleted old checkpoint: ./checkpoints\step_9865
2026-08-15 17:28:21 | Step 9880/12000 | Loss: 2.1428 | LR: 4.444141e-05
2026-08-15 17:28:22 |   >> Validation Loss: 2.1394
2026-08-15 17:28:22 |   --> Seen Generation @ step 9880:
Input: Translate to Vietnamese: The bird call the chicken to ask for dinner.
Output: Con chim gọi cho người ăn tối.
--------------------------------------------------
2026-08-15 17:28:22 | Saving checkpoint to ./checkpoints\step_9880...
2026-08-15 17:28:22 | Checkpoint saved successfully!

2026-08-15 17:28:22 | Deleted old checkpoint: ./checkpoints\step_9870
2026-08-15 17:28:26 | Step 9885/12000 | Loss: 2.1770 | LR: 4.423843e-05
2026-08-15 17:28:27 |   >> Validation Loss: 2.1397
2026-08-15 17:28:27 |   --> Seen Generation @ step 9885:
Input: Translate to Vietnamese: The bird call the chicken to ask for dinner.
Output: Con chim gọi cho người ăn tối.
--------------------------------------------------
2026-08-15 17:28:27 | Saving checkpoint to ./checkpoints\step_9885...
2026-08-15 17:28:27 | Checkpoint saved successfully!

2026-08-15 17:28:27 | Deleted old checkpoint: ./checkpoints\step_9875
2026-08-15 17:28:32 | Step 9890/12000 | Loss: 2.1573 | LR: 4.403588e-05
2026-08-15 17:28:33 |   >> Validation Loss: 2.1398
2026-08-15 17:28:33 |   --> Seen Generation @ step 9890:
Input: Translate to Vietnamese: The bird call the chicken to ask for dinner.
Output: Con chim gọi cho người ăn tối.
--------------------------------------------------
2026-08-15 17:28:33 | Saving checkpoint to ./checkpoints\step_9890...
2026-08-15 17:28:33 | Checkpoint saved successfully!

2026-08-15 17:28:33 | Deleted old checkpoint: ./checkpoints\step_9880
2026-08-15 17:28:37 | Step 9895/12000 | Loss: 2.1375 | LR: 4.383374e-05
2026-08-15 17:28:38 |   >> Validation Loss: 2.1394
2026-08-15 17:28:38 |   --> Seen Generation @ step 9895:
Input: Translate to Vietnamese: The bird call the chicken to ask for dinner.
Output: Con chim gọi cho người ăn tối.
--------------------------------------------------
2026-08-15 17:28:38 | Saving checkpoint to ./checkpoints\step_9895...
2026-08-15 17:28:38 | Checkpoint saved successfully!

2026-08-15 17:28:38 | Deleted old checkpoint: ./checkpoints\step_9885
2026-08-15 17:28:42 | Step 9900/12000 | Loss: 2.1893 | LR: 4.363203e-05
2026-08-15 17:28:43 |   >> Validation Loss: 2.1394
2026-08-15 17:28:44 |   --> Seen Generation @ step 9900:
Input: Translate to Vietnamese: The bird call the chicken to ask for dinner.
Output: Con chim gọi cho người ăn tối.
--------------------------------------------------
2026-08-15 17:28:44 | Saving checkpoint to ./checkpoints\step_9900...
2026-08-15 17:28:44 | Checkpoint saved successfully!

2026-08-15 17:28:44 | Deleted old checkpoint: ./checkpoints\step_9890
2026-08-15 17:28:48 | Step 9905/12000 | Loss: 2.1384 | LR: 4.343073e-05
2026-08-15 17:28:49 |   >> Validation Loss: 2.1398
2026-08-15 17:28:49 |   --> Seen Generation @ step 9905:
Input: Translate to Vietnamese: The bird call the chicken to ask for dinner.
Output: Con chim gọi cho người ăn tối.
--------------------------------------------------
2026-08-15 17:28:49 | Saving checkpoint to ./checkpoints\step_9905...
2026-08-15 17:28:49 | Checkpoint saved successfully!

2026-08-15 17:28:49 | Deleted old checkpoint: ./checkpoints\step_9895
2026-08-15 17:28:53 | Step 9910/12000 | Loss: 2.0926 | LR: 4.322986e-05
2026-08-15 17:28:54 |   >> Validation Loss: 2.1392
2026-08-15 17:28:54 |   --> Seen Generation @ step 9910:
Input: Translate to Vietnamese: The bird call the chicken to ask for dinner.
Output: Con chim gọi cho người ăn tối.
--------------------------------------------------
2026-08-15 17:28:54 | Saving checkpoint to ./checkpoints\step_9910...
2026-08-15 17:28:54 | Checkpoint saved successfully!

2026-08-15 17:28:54 | Deleted old checkpoint: ./checkpoints\step_9900
2026-08-15 17:28:58 | Step 9915/12000 | Loss: 2.1942 | LR: 4.302940e-05
2026-08-15 17:28:59 |   >> Validation Loss: 2.1392
2026-08-15 17:28:59 |   --> Seen Generation @ step 9915:
Input: Translate to Vietnamese: The bird call the chicken to ask for dinner.
Output: Con chim gọi cho người ăn tối.
--------------------------------------------------
2026-08-15 17:28:59 | Saving checkpoint to ./checkpoints\step_9915...
2026-08-15 17:28:59 | Checkpoint saved successfully!

2026-08-15 17:28:59 | Deleted old checkpoint: ./checkpoints\step_9905
2026-08-15 17:29:03 | Step 9920/12000 | Loss: 2.1902 | LR: 4.282937e-05
2026-08-15 17:29:04 |   >> Validation Loss: 2.1390
2026-08-15 17:29:04 |   --> Seen Generation @ step 9920:
Input: Translate to Vietnamese: The bird call the chicken to ask for dinner.
Output: Con chim gọi cho người ăn tối.
--------------------------------------------------
2026-08-15 17:29:04 | Saving checkpoint to ./checkpoints\step_9920...
2026-08-15 17:29:04 | Checkpoint saved successfully!

2026-08-15 17:29:04 | Deleted old checkpoint: ./checkpoints\step_9910
2026-08-15 17:29:09 | Step 9925/12000 | Loss: 2.1666 | LR: 4.262977e-05
2026-08-15 17:29:10 |   >> Validation Loss: 2.1388
2026-08-15 17:29:10 |   --> Seen Generation @ step 9925:
Input: Translate to Vietnamese: The bird call the chicken to ask for dinner.
Output: Con chim gọi cho người ăn tối.
--------------------------------------------------
2026-08-15 17:29:10 | Saving checkpoint to ./checkpoints\step_9925...
2026-08-15 17:29:10 | Checkpoint saved successfully!

2026-08-15 17:29:10 | Deleted old checkpoint: ./checkpoints\step_9915
2026-08-15 17:29:14 | Step 9930/12000 | Loss: 2.1391 | LR: 4.243058e-05
2026-08-15 17:29:15 |   >> Validation Loss: 2.1388
2026-08-15 17:29:15 |   --> Seen Generation @ step 9930:
Input: Translate to Vietnamese: The bird call the chicken to ask for dinner.
Output: Con chim gọi cho người ăn tối.
--------------------------------------------------
2026-08-15 17:29:15 | Saving checkpoint to ./checkpoints\step_9930...
2026-08-15 17:29:15 | Checkpoint saved successfully!

2026-08-15 17:29:15 | Deleted old checkpoint: ./checkpoints\step_9920
2026-08-15 17:29:19 | Step 9935/12000 | Loss: 2.1287 | LR: 4.223182e-05
2026-08-15 17:29:20 |   >> Validation Loss: 2.1387
2026-08-15 17:29:20 |   --> Seen Generation @ step 9935:
Input: Translate to Vietnamese: The bird call the chicken to ask for dinner.
Output: Con chim gọi cho người ăn tối.
--------------------------------------------------
2026-08-15 17:29:20 | Saving checkpoint to ./checkpoints\step_9935...
2026-08-15 17:29:20 | Checkpoint saved successfully!

2026-08-15 17:29:20 | Deleted old checkpoint: ./checkpoints\step_9925
2026-08-15 17:29:24 | Step 9940/12000 | Loss: 2.1307 | LR: 4.203348e-05
2026-08-15 17:29:25 |   >> Validation Loss: 2.1384
2026-08-15 17:29:26 |   --> Seen Generation @ step 9940:
Input: Translate to Vietnamese: The bird call the chicken to ask for dinner.
Output: Con chim gọi cho người ăn tối.
--------------------------------------------------
2026-08-15 17:29:26 | Saving checkpoint to ./checkpoints\step_9940...
2026-08-15 17:29:26 | Checkpoint saved successfully!

2026-08-15 17:29:26 | Deleted old checkpoint: ./checkpoints\step_9930
2026-08-15 17:29:30 | Step 9945/12000 | Loss: 2.2307 | LR: 4.183557e-05
2026-08-15 17:29:31 |   >> Validation Loss: 2.1385
2026-08-15 17:29:31 |   --> Seen Generation @ step 9945:
Input: Translate to Vietnamese: The bird call the chicken to ask for dinner.
Output: Con chim gọi cho người ăn tối.
--------------------------------------------------
2026-08-15 17:29:31 | Saving checkpoint to ./checkpoints\step_9945...
2026-08-15 17:29:31 | Checkpoint saved successfully!

2026-08-15 17:29:31 | Deleted old checkpoint: ./checkpoints\step_9935
2026-08-15 17:29:35 | Step 9950/12000 | Loss: 2.1275 | LR: 4.163808e-05
2026-08-15 17:29:36 |   >> Validation Loss: 2.1385
2026-08-15 17:29:36 |   --> Seen Generation @ step 9950:
Input: Translate to Vietnamese: The bird call the chicken to ask for dinner.
Output: Con chim gọi cho người ăn tối.
--------------------------------------------------
2026-08-15 17:29:36 | Saving checkpoint to ./checkpoints\step_9950...
2026-08-15 17:29:36 | Checkpoint saved successfully!

2026-08-15 17:29:36 | Deleted old checkpoint: ./checkpoints\step_9940
2026-08-15 17:29:40 | Step 9955/12000 | Loss: 2.1353 | LR: 4.144101e-05
2026-08-15 17:29:41 |   >> Validation Loss: 2.1387
2026-08-15 17:29:41 |   --> Seen Generation @ step 9955:
Input: Translate to Vietnamese: The bird call the chicken to ask for dinner.
Output: Con chim gọi cho người ăn tối.
--------------------------------------------------
2026-08-15 17:29:41 | Saving checkpoint to ./checkpoints\step_9955...
2026-08-15 17:29:41 | Checkpoint saved successfully!

2026-08-15 17:29:41 | Deleted old checkpoint: ./checkpoints\step_9945
2026-08-15 17:29:45 | Step 9960/12000 | Loss: 2.1407 | LR: 4.124437e-05
2026-08-15 17:29:46 |   >> Validation Loss: 2.1384
2026-08-15 17:29:47 |   --> Seen Generation @ step 9960:
Input: Translate to Vietnamese: The bird call the chicken to ask for dinner.
Output: Con chim gọi cho người ăn tối.
--------------------------------------------------
2026-08-15 17:29:47 | Saving checkpoint to ./checkpoints\step_9960...
2026-08-15 17:29:47 | Checkpoint saved successfully!

2026-08-15 17:29:47 | Deleted old checkpoint: ./checkpoints\step_9950
2026-08-15 17:29:51 | Step 9965/12000 | Loss: 2.1770 | LR: 4.104816e-05
2026-08-15 17:29:52 |   >> Validation Loss: 2.1381
2026-08-15 17:29:52 |   --> Seen Generation @ step 9965:
Input: Translate to Vietnamese: The bird call the chicken to ask for dinner.
Output: Con chim gọi cho người ăn tối.
--------------------------------------------------
2026-08-15 17:29:52 | Saving checkpoint to ./checkpoints\step_9965...
2026-08-15 17:29:52 | Checkpoint saved successfully!

2026-08-15 17:29:52 | Deleted old checkpoint: ./checkpoints\step_9955
2026-08-15 17:29:56 | Step 9970/12000 | Loss: 2.1970 | LR: 4.085237e-05
2026-08-15 17:29:57 |   >> Validation Loss: 2.1380
2026-08-15 17:29:57 |   --> Seen Generation @ step 9970:
Input: Translate to Vietnamese: The bird call the chicken to ask for dinner.
Output: Con chim gọi cho người ăn tối.
--------------------------------------------------
2026-08-15 17:29:57 | Saving checkpoint to ./checkpoints\step_9970...
2026-08-15 17:29:57 | Checkpoint saved successfully!

2026-08-15 17:29:57 | Deleted old checkpoint: ./checkpoints\step_9960
2026-08-15 17:30:01 | Step 9975/12000 | Loss: 2.1170 | LR: 4.065701e-05
2026-08-15 17:30:02 |   >> Validation Loss: 2.1380
2026-08-15 17:30:02 |   --> Seen Generation @ step 9975:
Input: Translate to Vietnamese: The bird call the chicken to ask for dinner.
Output: Con chim gọi cho người ăn tối.
--------------------------------------------------
2026-08-15 17:30:02 | Saving checkpoint to ./checkpoints\step_9975...
2026-08-15 17:30:02 | Checkpoint saved successfully!

2026-08-15 17:30:02 | Deleted old checkpoint: ./checkpoints\step_9965
2026-08-15 17:30:06 | Step 9980/12000 | Loss: 2.1189 | LR: 4.046208e-05
2026-08-15 17:30:07 |   >> Validation Loss: 2.1380
2026-08-15 17:30:07 |   --> Seen Generation @ step 9980:
Input: Translate to Vietnamese: The bird call the chicken to ask for dinner.
Output: Con chim gọi cho người ăn tối.
--------------------------------------------------
2026-08-15 17:30:07 | Saving checkpoint to ./checkpoints\step_9980...
2026-08-15 17:30:08 | Checkpoint saved successfully!

2026-08-15 17:30:08 | Deleted old checkpoint: ./checkpoints\step_9970
2026-08-15 17:30:12 | Step 9985/12000 | Loss: 2.1616 | LR: 4.026757e-05
2026-08-15 17:30:13 |   >> Validation Loss: 2.1381
2026-08-15 17:30:13 |   --> Seen Generation @ step 9985:
Input: Translate to Vietnamese: The bird call the chicken to ask for dinner.
Output: Con chim gọi cho người ăn tối.
--------------------------------------------------
2026-08-15 17:30:13 | Saving checkpoint to ./checkpoints\step_9985...
2026-08-15 17:30:13 | Checkpoint saved successfully!

2026-08-15 17:30:13 | Deleted old checkpoint: ./checkpoints\step_9975
2026-08-15 17:30:17 | Step 9990/12000 | Loss: 2.1705 | LR: 4.007349e-05
2026-08-15 17:30:18 |   >> Validation Loss: 2.1379
2026-08-15 17:30:18 |   --> Seen Generation @ step 9990:
Input: Translate to Vietnamese: The bird call the chicken to ask for dinner.
Output: Con chim gọi cho người ăn tối.
--------------------------------------------------
2026-08-15 17:30:18 | Saving checkpoint to ./checkpoints\step_9990...
2026-08-15 17:30:18 | Checkpoint saved successfully!

2026-08-15 17:30:18 | Deleted old checkpoint: ./checkpoints\step_9980
2026-08-15 17:30:22 | Step 9995/12000 | Loss: 2.1827 | LR: 3.987984e-05
2026-08-15 17:30:23 |   >> Validation Loss: 2.1379
2026-08-15 17:30:23 |   --> Seen Generation @ step 9995:
Input: Translate to Vietnamese: The bird call the chicken to ask for dinner.
Output: Con chim gọi cho người ăn tối.
--------------------------------------------------
2026-08-15 17:30:23 | Saving checkpoint to ./checkpoints\step_9995...
2026-08-15 17:30:23 | Checkpoint saved successfully!

2026-08-15 17:30:23 | Deleted old checkpoint: ./checkpoints\step_9985
2026-08-15 17:30:27 | Step 10000/12000 | Loss: 2.1713 | LR: 3.968662e-05
2026-08-15 17:30:28 |   >> Validation Loss: 2.1377
2026-08-15 17:30:28 |   --> Seen Generation @ step 10000:
Input: Translate to Vietnamese: The bird call the chicken to ask for dinner.
Output: Con chim gọi cho người ăn tối.
--------------------------------------------------
2026-08-15 17:30:28 | Saving checkpoint to ./checkpoints\step_10000...
2026-08-15 17:30:29 | Checkpoint saved successfully!

2026-08-15 17:30:29 | Deleted old checkpoint: ./checkpoints\step_9990
2026-08-15 17:30:33 | Step 10005/12000 | Loss: 2.1612 | LR: 3.949382e-05
2026-08-15 17:30:34 |   >> Validation Loss: 2.1377
2026-08-15 17:30:34 |   --> Seen Generation @ step 10005:
Input: Translate to Vietnamese: The bird call the chicken to ask for dinner.
Output: Con chim gọi cho người ăn tối.
--------------------------------------------------
2026-08-15 17:30:34 | Saving checkpoint to ./checkpoints\step_10005...
2026-08-15 17:30:34 | Checkpoint saved successfully!

2026-08-15 17:30:34 | Deleted old checkpoint: ./checkpoints\step_9995
2026-08-15 17:30:38 | Step 10010/12000 | Loss: 2.1430 | LR: 3.930146e-05
2026-08-15 17:30:39 |   >> Validation Loss: 2.1377
2026-08-15 17:30:39 |   --> Seen Generation @ step 10010:
Input: Translate to Vietnamese: The bird call the chicken to ask for dinner.
Output: Con chim gọi cho người ăn tối.
--------------------------------------------------
2026-08-15 17:30:39 | Saving checkpoint to ./checkpoints\step_10010...
2026-08-15 17:30:39 | Checkpoint saved successfully!

2026-08-15 17:30:39 | Deleted old checkpoint: ./checkpoints\step_10000
2026-08-15 17:30:43 | Step 10015/12000 | Loss: 2.1179 | LR: 3.910952e-05
2026-08-15 17:30:44 |   >> Validation Loss: 2.1376
2026-08-15 17:30:44 |   --> Seen Generation @ step 10015:
Input: Translate to Vietnamese: The bird call the chicken to ask for dinner.
Output: Con chim gọi cho người ăn tối.
--------------------------------------------------
2026-08-15 17:30:44 | Saving checkpoint to ./checkpoints\step_10015...
2026-08-15 17:30:44 | Checkpoint saved successfully!

2026-08-15 17:30:44 | Deleted old checkpoint: ./checkpoints\step_10005
2026-08-15 17:30:48 | Step 10020/12000 | Loss: 2.1379 | LR: 3.891802e-05
2026-08-15 17:30:50 |   >> Validation Loss: 2.1377
2026-08-15 17:30:50 |   --> Seen Generation @ step 10020:
Input: Translate to Vietnamese: The bird call the chicken to ask for dinner.
Output: Con chim gọi cho người ăn tối.
--------------------------------------------------
2026-08-15 17:30:50 | Saving checkpoint to ./checkpoints\step_10020...
2026-08-15 17:30:50 | Checkpoint saved successfully!

2026-08-15 17:30:50 | Deleted old checkpoint: ./checkpoints\step_10010
2026-08-15 17:30:54 | Step 10025/12000 | Loss: 2.1633 | LR: 3.872694e-05
2026-08-15 17:30:55 |   >> Validation Loss: 2.1376
2026-08-15 17:30:55 |   --> Seen Generation @ step 10025:
Input: Translate to Vietnamese: The bird call the chicken to ask for dinner.
Output: Con chim gọi cho người ăn tối.
--------------------------------------------------
2026-08-15 17:30:55 | Saving checkpoint to ./checkpoints\step_10025...
2026-08-15 17:30:55 | Checkpoint saved successfully!

2026-08-15 17:30:55 | Deleted old checkpoint: ./checkpoints\step_10015
2026-08-15 17:30:59 | Step 10030/12000 | Loss: 2.2000 | LR: 3.853630e-05
2026-08-15 17:31:00 |   >> Validation Loss: 2.1375
2026-08-15 17:31:00 |   --> Seen Generation @ step 10030:
Input: Translate to Vietnamese: The bird call the chicken to ask for dinner.
Output: Con chim gọi cho người ăn tối.
--------------------------------------------------
2026-08-15 17:31:00 | Saving checkpoint to ./checkpoints\step_10030...
2026-08-15 17:31:00 | Checkpoint saved successfully!

2026-08-15 17:31:00 | Deleted old checkpoint: ./checkpoints\step_10020
2026-08-15 17:31:04 | Step 10035/12000 | Loss: 2.0826 | LR: 3.834609e-05
2026-08-15 17:31:05 |   >> Validation Loss: 2.1378
2026-08-15 17:31:05 |   --> Seen Generation @ step 10035:
Input: Translate to Vietnamese: The bird call the chicken to ask for dinner.
Output: Con chim gọi cho người ăn tối.
--------------------------------------------------
2026-08-15 17:31:05 | Saving checkpoint to ./checkpoints\step_10035...
2026-08-15 17:31:05 | Checkpoint saved successfully!

2026-08-15 17:31:05 | Deleted old checkpoint: ./checkpoints\step_10025
2026-08-15 17:31:10 | Step 10040/12000 | Loss: 2.1336 | LR: 3.815631e-05
2026-08-15 17:31:11 |   >> Validation Loss: 2.1377
2026-08-15 17:31:11 |   --> Seen Generation @ step 10040:
Input: Translate to Vietnamese: The bird call the chicken to ask for dinner.
Output: Con chim gọi cho người ăn tối.
--------------------------------------------------
2026-08-15 17:31:11 | Saving checkpoint to ./checkpoints\step_10040...
2026-08-15 17:31:11 | Checkpoint saved successfully!

2026-08-15 17:31:11 | Deleted old checkpoint: ./checkpoints\step_10030
2026-08-15 17:31:15 | Step 10045/12000 | Loss: 2.1559 | LR: 3.796696e-05
2026-08-15 17:31:16 |   >> Validation Loss: 2.1374
2026-08-15 17:31:16 |   --> Seen Generation @ step 10045:
Input: Translate to Vietnamese: The bird call the chicken to ask for dinner.
Output: Con chim gọi cho người ăn tối.
--------------------------------------------------
2026-08-15 17:31:16 | Saving checkpoint to ./checkpoints\step_10045...
2026-08-15 17:31:16 | Checkpoint saved successfully!

2026-08-15 17:31:16 | Deleted old checkpoint: ./checkpoints\step_10035
2026-08-15 17:31:20 | Step 10050/12000 | Loss: 2.1696 | LR: 3.777804e-05
2026-08-15 17:31:21 |   >> Validation Loss: 2.1372
2026-08-15 17:31:21 |   --> Seen Generation @ step 10050:
Input: Translate to Vietnamese: The bird call the chicken to ask for dinner.
Output: Con chim gọi cho người ăn tối.
--------------------------------------------------
2026-08-15 17:31:21 | Saving checkpoint to ./checkpoints\step_10050...
2026-08-15 17:31:21 | Checkpoint saved successfully!

2026-08-15 17:31:21 | Deleted old checkpoint: ./checkpoints\step_10040
2026-08-15 17:31:25 | Step 10055/12000 | Loss: 2.1915 | LR: 3.758956e-05
2026-08-15 17:31:26 |   >> Validation Loss: 2.1371
2026-08-15 17:31:26 |   --> Seen Generation @ step 10055:
Input: Translate to Vietnamese: The bird call the chicken to ask for dinner.
Output: Con chim gọi cho người ăn tối.
--------------------------------------------------
2026-08-15 17:31:26 | Saving checkpoint to ./checkpoints\step_10055...
2026-08-15 17:31:26 | Checkpoint saved successfully!

2026-08-15 17:31:26 | Deleted old checkpoint: ./checkpoints\step_10045
2026-08-15 17:31:31 | Step 10060/12000 | Loss: 2.1293 | LR: 3.740151e-05
2026-08-15 17:31:32 |   >> Validation Loss: 2.1375
2026-08-15 17:31:32 |   --> Seen Generation @ step 10060:
Input: Translate to Vietnamese: The bird call the chicken to ask for dinner.
Output: Con chim gọi cho người ăn tối.
--------------------------------------------------
2026-08-15 17:31:32 | Saving checkpoint to ./checkpoints\step_10060...
2026-08-15 17:31:32 | Checkpoint saved successfully!

2026-08-15 17:31:32 | Deleted old checkpoint: ./checkpoints\step_10050
2026-08-15 17:31:36 | Step 10065/12000 | Loss: 2.1203 | LR: 3.721389e-05
2026-08-15 17:31:37 |   >> Validation Loss: 2.1374
2026-08-15 17:31:37 |   --> Seen Generation @ step 10065:
Input: Translate to Vietnamese: The bird call the chicken to ask for dinner.
Output: Con chim gọi cho người ăn tối.
--------------------------------------------------
2026-08-15 17:31:37 | Saving checkpoint to ./checkpoints\step_10065...
2026-08-15 17:31:37 | Checkpoint saved successfully!

2026-08-15 17:31:37 | Deleted old checkpoint: ./checkpoints\step_10055
2026-08-15 17:31:41 | Step 10070/12000 | Loss: 2.1778 | LR: 3.702671e-05
2026-08-15 17:31:42 |   >> Validation Loss: 2.1371
2026-08-15 17:31:42 |   --> Seen Generation @ step 10070:
Input: Translate to Vietnamese: The bird call the chicken to ask for dinner.
Output: Con chim gọi cho người ăn tối.
--------------------------------------------------
2026-08-15 17:31:42 | Saving checkpoint to ./checkpoints\step_10070...
2026-08-15 17:31:42 | Checkpoint saved successfully!

2026-08-15 17:31:42 | Deleted old checkpoint: ./checkpoints\step_10060
2026-08-15 17:31:46 | Step 10075/12000 | Loss: 2.1561 | LR: 3.683996e-05
2026-08-15 17:31:47 |   >> Validation Loss: 2.1370
2026-08-15 17:31:47 |   --> Seen Generation @ step 10075:
Input: Translate to Vietnamese: The bird call the chicken to ask for dinner.
Output: Con chim gọi cho người ăn tối.
--------------------------------------------------
2026-08-15 17:31:47 | Saving checkpoint to ./checkpoints\step_10075...
2026-08-15 17:31:47 | Checkpoint saved successfully!

2026-08-15 17:31:47 | Deleted old checkpoint: ./checkpoints\step_10065
2026-08-15 17:31:52 | Step 10080/12000 | Loss: 2.1875 | LR: 3.665364e-05
2026-08-15 17:31:53 |   >> Validation Loss: 2.1370
2026-08-15 17:31:53 |   --> Seen Generation @ step 10080:
Input: Translate to Vietnamese: The bird call the chicken to ask for dinner.
Output: Con chim gọi cho người ăn tối.
--------------------------------------------------
2026-08-15 17:31:53 | Saving checkpoint to ./checkpoints\step_10080...
2026-08-15 17:31:53 | Checkpoint saved successfully!

2026-08-15 17:31:53 | Deleted old checkpoint: ./checkpoints\step_10070
2026-08-15 17:31:57 | Step 10085/12000 | Loss: 2.0703 | LR: 3.646777e-05
2026-08-15 17:31:58 |   >> Validation Loss: 2.1367
2026-08-15 17:31:58 |   --> Seen Generation @ step 10085:
Input: Translate to Vietnamese: The bird call the chicken to ask for dinner.
Output: Con chim gọi cho người ăn tối.
--------------------------------------------------
2026-08-15 17:31:58 | Saving checkpoint to ./checkpoints\step_10085...
2026-08-15 17:31:58 | Checkpoint saved successfully!

2026-08-15 17:31:58 | Deleted old checkpoint: ./checkpoints\step_10075
2026-08-15 17:32:02 | Step 10090/12000 | Loss: 2.1884 | LR: 3.628232e-05
2026-08-15 17:32:03 |   >> Validation Loss: 2.1367
2026-08-15 17:32:03 |   --> Seen Generation @ step 10090:
Input: Translate to Vietnamese: The bird call the chicken to ask for dinner.
Output: Con chim gọi cho người ăn tối.
--------------------------------------------------
2026-08-15 17:32:03 | Saving checkpoint to ./checkpoints\step_10090...
2026-08-15 17:32:03 | Checkpoint saved successfully!

2026-08-15 17:32:03 | Deleted old checkpoint: ./checkpoints\step_10080
2026-08-15 17:32:07 | Step 10095/12000 | Loss: 2.1867 | LR: 3.609731e-05
2026-08-15 17:32:08 |   >> Validation Loss: 2.1369
2026-08-15 17:32:08 |   --> Seen Generation @ step 10095:
Input: Translate to Vietnamese: The bird call the chicken to ask for dinner.
Output: Con chim gọi cho người ăn tối.
--------------------------------------------------
2026-08-15 17:32:08 | Saving checkpoint to ./checkpoints\step_10095...
2026-08-15 17:32:08 | Checkpoint saved successfully!

2026-08-15 17:32:08 | Deleted old checkpoint: ./checkpoints\step_10085
2026-08-15 17:32:12 | Step 10100/12000 | Loss: 2.1597 | LR: 3.591274e-05
2026-08-15 17:32:14 |   >> Validation Loss: 2.1367
2026-08-15 17:32:14 |   --> Seen Generation @ step 10100:
Input: Translate to Vietnamese: The bird call the chicken to ask for dinner.
Output: Con chim gọi cho người ăn tối.
--------------------------------------------------
2026-08-15 17:32:14 | Saving checkpoint to ./checkpoints\step_10100...
2026-08-15 17:32:14 | Checkpoint saved successfully!

2026-08-15 17:32:14 | Deleted old checkpoint: ./checkpoints\step_10090
2026-08-15 17:32:18 | Step 10105/12000 | Loss: 2.1318 | LR: 3.572861e-05
2026-08-15 17:32:19 |   >> Validation Loss: 2.1369
2026-08-15 17:32:19 |   --> Seen Generation @ step 10105:
Input: Translate to Vietnamese: The bird call the chicken to ask for dinner.
Output: Con chim gọi cho người ăn tối.
--------------------------------------------------
2026-08-15 17:32:19 | Saving checkpoint to ./checkpoints\step_10105...
2026-08-15 17:32:19 | Checkpoint saved successfully!

2026-08-15 17:32:19 | Deleted old checkpoint: ./checkpoints\step_10095
2026-08-15 17:32:23 | Step 10110/12000 | Loss: 2.1657 | LR: 3.554491e-05
2026-08-15 17:32:24 |   >> Validation Loss: 2.1366
2026-08-15 17:32:24 |   --> Seen Generation @ step 10110:
Input: Translate to Vietnamese: The bird call the chicken to ask for dinner.
Output: Con chim gọi cho người ăn tối.
--------------------------------------------------
2026-08-15 17:32:24 | Saving checkpoint to ./checkpoints\step_10110...
2026-08-15 17:32:24 | Checkpoint saved successfully!

2026-08-15 17:32:24 | Deleted old checkpoint: ./checkpoints\step_10100
2026-08-15 17:32:28 | Step 10115/12000 | Loss: 2.1176 | LR: 3.536165e-05
2026-08-15 17:32:29 |   >> Validation Loss: 2.1363
2026-08-15 17:32:29 |   --> Seen Generation @ step 10115:
Input: Translate to Vietnamese: The bird call the chicken to ask for dinner.
Output: Con chim gọi cho người ăn tối.
--------------------------------------------------
2026-08-15 17:32:29 | Saving checkpoint to ./checkpoints\step_10115...
2026-08-15 17:32:29 | Checkpoint saved successfully!

2026-08-15 17:32:29 | Deleted old checkpoint: ./checkpoints\step_10105
2026-08-15 17:32:34 | Step 10120/12000 | Loss: 2.1774 | LR: 3.517883e-05
2026-08-15 17:32:35 |   >> Validation Loss: 2.1361
2026-08-15 17:32:35 |   --> Seen Generation @ step 10120:
Input: Translate to Vietnamese: The bird call the chicken to ask for dinner.
Output: Con chim gọi cho người ăn tối.
--------------------------------------------------
2026-08-15 17:32:35 | Saving checkpoint to ./checkpoints\step_10120...
2026-08-15 17:32:35 | Checkpoint saved successfully!

2026-08-15 17:32:35 | Deleted old checkpoint: ./checkpoints\step_10110
2026-08-15 17:32:39 | Step 10125/12000 | Loss: 2.1652 | LR: 3.499644e-05
2026-08-15 17:32:40 |   >> Validation Loss: 2.1362
2026-08-15 17:32:40 |   --> Seen Generation @ step 10125:
Input: Translate to Vietnamese: The bird call the chicken to ask for dinner.
Output: Con chim gọi cho người ăn tối.
--------------------------------------------------
2026-08-15 17:32:40 | Saving checkpoint to ./checkpoints\step_10125...
2026-08-15 17:32:40 | Checkpoint saved successfully!

2026-08-15 17:32:40 | Deleted old checkpoint: ./checkpoints\step_10115
2026-08-15 17:32:44 | Step 10130/12000 | Loss: 2.1318 | LR: 3.481449e-05
2026-08-15 17:32:45 |   >> Validation Loss: 2.1365
2026-08-15 17:32:45 |   --> Seen Generation @ step 10130:
Input: Translate to Vietnamese: The bird call the chicken to ask for dinner.
Output: Con chim gọi cho người ăn tối.
--------------------------------------------------
2026-08-15 17:32:45 | Saving checkpoint to ./checkpoints\step_10130...
2026-08-15 17:32:45 | Checkpoint saved successfully!

2026-08-15 17:32:45 | Deleted old checkpoint: ./checkpoints\step_10120
2026-08-15 17:32:49 | Step 10135/12000 | Loss: 2.1106 | LR: 3.463299e-05
2026-08-15 17:32:50 |   >> Validation Loss: 2.1362
2026-08-15 17:32:50 |   --> Seen Generation @ step 10135:
Input: Translate to Vietnamese: The bird call the chicken to ask for dinner.
Output: Con chim gọi cho người ăn tối.
--------------------------------------------------
2026-08-15 17:32:50 | Saving checkpoint to ./checkpoints\step_10135...
2026-08-15 17:32:50 | Checkpoint saved successfully!

2026-08-15 17:32:50 | Deleted old checkpoint: ./checkpoints\step_10125
2026-08-15 17:32:54 | Step 10140/12000 | Loss: 2.1470 | LR: 3.445192e-05
2026-08-15 17:32:56 |   >> Validation Loss: 2.1360
2026-08-15 17:32:56 |   --> Seen Generation @ step 10140:
Input: Translate to Vietnamese: The bird call the chicken to ask for dinner.
Output: Con chim gọi cho người ăn tối.
--------------------------------------------------
2026-08-15 17:32:56 | Saving checkpoint to ./checkpoints\step_10140...
2026-08-15 17:32:56 | Checkpoint saved successfully!

2026-08-15 17:32:56 | Deleted old checkpoint: ./checkpoints\step_10130
2026-08-15 17:33:00 | Step 10145/12000 | Loss: 2.1314 | LR: 3.427129e-05
2026-08-15 17:33:01 |   >> Validation Loss: 2.1363
2026-08-15 17:33:01 |   --> Seen Generation @ step 10145:
Input: Translate to Vietnamese: The bird call the chicken to ask for dinner.
Output: Con chim gọi cho người ăn tối.
--------------------------------------------------
2026-08-15 17:33:01 | Saving checkpoint to ./checkpoints\step_10145...
2026-08-15 17:33:01 | Checkpoint saved successfully!

2026-08-15 17:33:01 | Deleted old checkpoint: ./checkpoints\step_10135
2026-08-15 17:33:05 | Step 10150/12000 | Loss: 2.1819 | LR: 3.409110e-05
2026-08-15 17:33:06 |   >> Validation Loss: 2.1360
2026-08-15 17:33:06 |   --> Seen Generation @ step 10150:
Input: Translate to Vietnamese: The bird call the chicken to ask for dinner.
Output: Con chim gọi cho người ăn tối.
--------------------------------------------------
2026-08-15 17:33:06 | Saving checkpoint to ./checkpoints\step_10150...
2026-08-15 17:33:06 | Checkpoint saved successfully!

2026-08-15 17:33:06 | Deleted old checkpoint: ./checkpoints\step_10140
2026-08-15 17:33:10 | Step 10155/12000 | Loss: 2.1247 | LR: 3.391135e-05
2026-08-15 17:33:11 |   >> Validation Loss: 2.1358
2026-08-15 17:33:11 |   --> Seen Generation @ step 10155:
Input: Translate to Vietnamese: The bird call the chicken to ask for dinner.
Output: Con chim gọi cho người ăn tối.
--------------------------------------------------
2026-08-15 17:33:11 | Saving checkpoint to ./checkpoints\step_10155...
2026-08-15 17:33:11 | Checkpoint saved successfully!

2026-08-15 17:33:11 | Deleted old checkpoint: ./checkpoints\step_10145
2026-08-15 17:33:15 | Step 10160/12000 | Loss: 2.1734 | LR: 3.373204e-05
2026-08-15 17:33:16 |   >> Validation Loss: 2.1361
2026-08-15 17:33:16 |   --> Seen Generation @ step 10160:
Input: Translate to Vietnamese: The bird call the chicken to ask for dinner.
Output: Con chim gọi cho người ăn tối.
--------------------------------------------------
2026-08-15 17:33:16 | Saving checkpoint to ./checkpoints\step_10160...
2026-08-15 17:33:17 | Checkpoint saved successfully!

2026-08-15 17:33:17 | Deleted old checkpoint: ./checkpoints\step_10150
2026-08-15 17:33:21 | Step 10165/12000 | Loss: 2.1226 | LR: 3.355317e-05
2026-08-15 17:33:22 |   >> Validation Loss: 2.1359
2026-08-15 17:33:22 |   --> Seen Generation @ step 10165:
Input: Translate to Vietnamese: The bird call the chicken to ask for dinner.
Output: Con chim gọi cho người ăn tối.
--------------------------------------------------
2026-08-15 17:33:22 | Saving checkpoint to ./checkpoints\step_10165...
2026-08-15 17:33:22 | Checkpoint saved successfully!

2026-08-15 17:33:22 | Deleted old checkpoint: ./checkpoints\step_10155
2026-08-15 17:33:26 | Step 10170/12000 | Loss: 2.1092 | LR: 3.337475e-05
2026-08-15 17:33:27 |   >> Validation Loss: 2.1358
2026-08-15 17:33:27 |   --> Seen Generation @ step 10170:
Input: Translate to Vietnamese: The bird call the chicken to ask for dinner.
Output: Con chim gọi cho người ăn tối.
--------------------------------------------------
2026-08-15 17:33:27 | Saving checkpoint to ./checkpoints\step_10170...
2026-08-15 17:33:27 | Checkpoint saved successfully!

2026-08-15 17:33:27 | Deleted old checkpoint: ./checkpoints\step_10160
2026-08-15 17:33:31 | Step 10175/12000 | Loss: 2.1922 | LR: 3.319676e-05
2026-08-15 17:33:32 |   >> Validation Loss: 2.1361
2026-08-15 17:33:32 |   --> Seen Generation @ step 10175:
Input: Translate to Vietnamese: The bird call the chicken to ask for dinner.
Output: Con chim gọi cho người ăn tối.
--------------------------------------------------
2026-08-15 17:33:32 | Saving checkpoint to ./checkpoints\step_10175...
2026-08-15 17:33:32 | Checkpoint saved successfully!

2026-08-15 17:33:32 | Deleted old checkpoint: ./checkpoints\step_10165
2026-08-15 17:33:36 | Step 10180/12000 | Loss: 2.1606 | LR: 3.301922e-05
2026-08-15 17:33:37 |   >> Validation Loss: 2.1360
2026-08-15 17:33:37 |   --> Seen Generation @ step 10180:
Input: Translate to Vietnamese: The bird call the chicken to ask for dinner.
Output: Con chim gọi cho người ăn tối.
--------------------------------------------------
2026-08-15 17:33:37 | Saving checkpoint to ./checkpoints\step_10180...
2026-08-15 17:33:37 | Checkpoint saved successfully!

2026-08-15 17:33:37 | Deleted old checkpoint: ./checkpoints\step_10170
2026-08-15 17:33:42 | Step 10185/12000 | Loss: 2.1877 | LR: 3.284212e-05
2026-08-15 17:33:43 |   >> Validation Loss: 2.1357
2026-08-15 17:33:43 |   --> Seen Generation @ step 10185:
Input: Translate to Vietnamese: The bird call the chicken to ask for dinner.
Output: Con chim gọi cho người ăn tối.
--------------------------------------------------
2026-08-15 17:33:43 | Saving checkpoint to ./checkpoints\step_10185...
2026-08-15 17:33:43 | Checkpoint saved successfully!

2026-08-15 17:33:43 | Deleted old checkpoint: ./checkpoints\step_10175
2026-08-15 17:33:47 | Step 10190/12000 | Loss: 2.0753 | LR: 3.266546e-05
2026-08-15 17:33:48 |   >> Validation Loss: 2.1356
2026-08-15 17:33:48 |   --> Seen Generation @ step 10190:
Input: Translate to Vietnamese: The bird call the chicken to ask for dinner.
Output: Con chim gọi cho người ăn tối.
--------------------------------------------------
2026-08-15 17:33:48 | Saving checkpoint to ./checkpoints\step_10190...
2026-08-15 17:33:48 | Checkpoint saved successfully!

2026-08-15 17:33:48 | Deleted old checkpoint: ./checkpoints\step_10180
2026-08-15 17:33:52 | Step 10195/12000 | Loss: 2.1450 | LR: 3.248925e-05
2026-08-15 17:33:53 |   >> Validation Loss: 2.1360
2026-08-15 17:33:53 |   --> Seen Generation @ step 10195:
Input: Translate to Vietnamese: The bird call the chicken to ask for dinner.
Output: Con chim gọi cho người ăn tối.
--------------------------------------------------
2026-08-15 17:33:53 | Saving checkpoint to ./checkpoints\step_10195...
2026-08-15 17:33:53 | Checkpoint saved successfully!

2026-08-15 17:33:53 | Deleted old checkpoint: ./checkpoints\step_10185
2026-08-15 17:33:57 | Step 10200/12000 | Loss: 2.1437 | LR: 3.231348e-05
2026-08-15 17:33:58 |   >> Validation Loss: 2.1356
2026-08-15 17:33:58 |   --> Seen Generation @ step 10200:
Input: Translate to Vietnamese: The bird call the chicken to ask for dinner.
Output: Con chim gọi cho người ăn tối.
--------------------------------------------------
2026-08-15 17:33:58 | Saving checkpoint to ./checkpoints\step_10200...
2026-08-15 17:33:58 | Checkpoint saved successfully!

2026-08-15 17:33:58 | Deleted old checkpoint: ./checkpoints\step_10190
2026-08-15 17:34:02 | Step 10205/12000 | Loss: 2.1251 | LR: 3.213815e-05
2026-08-15 17:34:03 |   >> Validation Loss: 2.1354
2026-08-15 17:34:04 |   --> Seen Generation @ step 10205:
Input: Translate to Vietnamese: The bird call the chicken to ask for dinner.
Output: Con chim gọi cho người ăn tối.
--------------------------------------------------
2026-08-15 17:34:04 | Saving checkpoint to ./checkpoints\step_10205...
2026-08-15 17:34:04 | Checkpoint saved successfully!

2026-08-15 17:34:04 | Deleted old checkpoint: ./checkpoints\step_10195
2026-08-15 17:34:08 | Step 10210/12000 | Loss: 2.1390 | LR: 3.196327e-05
2026-08-15 17:34:09 |   >> Validation Loss: 2.1352
2026-08-15 17:34:09 |   --> Seen Generation @ step 10210:
Input: Translate to Vietnamese: The bird call the chicken to ask for dinner.
Output: Con chim gọi cho người ăn tối.
--------------------------------------------------
2026-08-15 17:34:09 | Saving checkpoint to ./checkpoints\step_10210...
2026-08-15 17:34:09 | Checkpoint saved successfully!

2026-08-15 17:34:09 | Deleted old checkpoint: ./checkpoints\step_10200
2026-08-15 17:34:13 | Step 10215/12000 | Loss: 2.1602 | LR: 3.178884e-05
2026-08-15 17:34:14 |   >> Validation Loss: 2.1356
2026-08-15 17:34:14 |   --> Seen Generation @ step 10215:
Input: Translate to Vietnamese: The bird call the chicken to ask for dinner.
Output: Con chim gọi cho người ăn tối.
--------------------------------------------------
2026-08-15 17:34:14 | Saving checkpoint to ./checkpoints\step_10215...
2026-08-15 17:34:14 | Checkpoint saved successfully!

2026-08-15 17:34:14 | Deleted old checkpoint: ./checkpoints\step_10205
2026-08-15 17:34:18 | Step 10220/12000 | Loss: 2.1261 | LR: 3.161484e-05
2026-08-15 17:34:19 |   >> Validation Loss: 2.1354
2026-08-15 17:34:19 |   --> Seen Generation @ step 10220:
Input: Translate to Vietnamese: The bird call the chicken to ask for dinner.
Output: Con chim gọi cho người ăn tối.
--------------------------------------------------
2026-08-15 17:34:19 | Saving checkpoint to ./checkpoints\step_10220...
2026-08-15 17:34:19 | Checkpoint saved successfully!

2026-08-15 17:34:19 | Deleted old checkpoint: ./checkpoints\step_10210
2026-08-15 17:34:23 | Step 10225/12000 | Loss: 2.1931 | LR: 3.144130e-05
2026-08-15 17:34:24 |   >> Validation Loss: 2.1356
2026-08-15 17:34:24 |   --> Seen Generation @ step 10225:
Input: Translate to Vietnamese: The bird call the chicken to ask for dinner.
Output: Con chim gọi cho người ăn tối.
--------------------------------------------------
2026-08-15 17:34:24 | Saving checkpoint to ./checkpoints\step_10225...
2026-08-15 17:34:25 | Checkpoint saved successfully!

2026-08-15 17:34:25 | Deleted old checkpoint: ./checkpoints\step_10215
2026-08-15 17:34:29 | Step 10230/12000 | Loss: 2.2362 | LR: 3.126819e-05
2026-08-15 17:34:30 |   >> Validation Loss: 2.1354
2026-08-15 17:34:30 |   --> Seen Generation @ step 10230:
Input: Translate to Vietnamese: The bird call the chicken to ask for dinner.
Output: Con chim gọi cho người ăn tối.
--------------------------------------------------
2026-08-15 17:34:30 | Saving checkpoint to ./checkpoints\step_10230...
2026-08-15 17:34:30 | Checkpoint saved successfully!

2026-08-15 17:34:30 | Deleted old checkpoint: ./checkpoints\step_10220
2026-08-15 17:34:34 | Step 10235/12000 | Loss: 2.1738 | LR: 3.109554e-05
2026-08-15 17:34:35 |   >> Validation Loss: 2.1350
2026-08-15 17:34:35 |   --> Seen Generation @ step 10235:
Input: Translate to Vietnamese: The bird call the chicken to ask for dinner.
Output: Con chim gọi cho người ăn tối.
--------------------------------------------------
2026-08-15 17:34:35 | Saving checkpoint to ./checkpoints\step_10235...
2026-08-15 17:34:35 | Checkpoint saved successfully!

2026-08-15 17:34:35 | Deleted old checkpoint: ./checkpoints\step_10225
2026-08-15 17:34:39 | Step 10240/12000 | Loss: 2.1520 | LR: 3.092333e-05
2026-08-15 17:34:40 |   >> Validation Loss: 2.1348
2026-08-15 17:34:41 |   --> Seen Generation @ step 10240:
Input: Translate to Vietnamese: The bird call the chicken to ask for dinner.
Output: Con chim gọi cho người ăn tối.
--------------------------------------------------
2026-08-15 17:34:41 | Saving checkpoint to ./checkpoints\step_10240...
2026-08-15 17:34:41 | Checkpoint saved successfully!

2026-08-15 17:34:41 | Deleted old checkpoint: ./checkpoints\step_10230
2026-08-15 17:34:45 | Step 10245/12000 | Loss: 2.1191 | LR: 3.075157e-05
2026-08-15 17:34:46 |   >> Validation Loss: 2.1348
2026-08-15 17:34:46 |   --> Seen Generation @ step 10245:
Input: Translate to Vietnamese: The bird call the chicken to ask for dinner.
Output: Con chim gọi cho người ăn tối.
--------------------------------------------------
2026-08-15 17:34:46 | Saving checkpoint to ./checkpoints\step_10245...
2026-08-15 17:34:46 | Checkpoint saved successfully!

2026-08-15 17:34:46 | Deleted old checkpoint: ./checkpoints\step_10235
2026-08-15 17:34:50 | Step 10250/12000 | Loss: 2.1722 | LR: 3.058025e-05
2026-08-15 17:34:51 |   >> Validation Loss: 2.1352
2026-08-15 17:34:51 |   --> Seen Generation @ step 10250:
Input: Translate to Vietnamese: The bird call the chicken to ask for dinner.
Output: Con chim gọi cho người ăn tối.
--------------------------------------------------
2026-08-15 17:34:51 | Saving checkpoint to ./checkpoints\step_10250...
2026-08-15 17:34:51 | Checkpoint saved successfully!

2026-08-15 17:34:51 | Deleted old checkpoint: ./checkpoints\step_10240
2026-08-15 17:34:55 | Step 10255/12000 | Loss: 2.1428 | LR: 3.040938e-05
2026-08-15 17:34:56 |   >> Validation Loss: 2.1350
2026-08-15 17:34:56 |   --> Seen Generation @ step 10255:
Input: Translate to Vietnamese: The bird call the chicken to ask for dinner.
Output: Con chim gọi cho người ăn tối.
--------------------------------------------------
2026-08-15 17:34:56 | Saving checkpoint to ./checkpoints\step_10255...
2026-08-15 17:34:56 | Checkpoint saved successfully!

2026-08-15 17:34:56 | Deleted old checkpoint: ./checkpoints\step_10245
2026-08-15 17:35:00 | Step 10260/12000 | Loss: 2.1832 | LR: 3.023896e-05
2026-08-15 17:35:01 |   >> Validation Loss: 2.1350
2026-08-15 17:35:01 |   --> Seen Generation @ step 10260:
Input: Translate to Vietnamese: The bird call the chicken to ask for dinner.
Output: Con chim gọi cho người ăn tối.
--------------------------------------------------
2026-08-15 17:35:01 | Saving checkpoint to ./checkpoints\step_10260...
2026-08-15 17:35:02 | Checkpoint saved successfully!

2026-08-15 17:35:02 | Deleted old checkpoint: ./checkpoints\step_10250
2026-08-15 17:35:06 | Step 10265/12000 | Loss: 2.1518 | LR: 3.006899e-05
2026-08-15 17:35:07 |   >> Validation Loss: 2.1349
2026-08-15 17:35:07 |   --> Seen Generation @ step 10265:
Input: Translate to Vietnamese: The bird call the chicken to ask for dinner.
Output: Con chim gọi cho người ăn tối.
--------------------------------------------------
2026-08-15 17:35:07 | Saving checkpoint to ./checkpoints\step_10265...
2026-08-15 17:35:07 | Checkpoint saved successfully!

2026-08-15 17:35:07 | Deleted old checkpoint: ./checkpoints\step_10255
2026-08-15 17:35:11 | Step 10270/12000 | Loss: 2.1624 | LR: 2.989947e-05
2026-08-15 17:35:12 |   >> Validation Loss: 2.1350
2026-08-15 17:35:12 |   --> Seen Generation @ step 10270:
Input: Translate to Vietnamese: The bird call the chicken to ask for dinner.
Output: Con chim gọi cho người ăn tối.
--------------------------------------------------
2026-08-15 17:35:12 | Saving checkpoint to ./checkpoints\step_10270...
2026-08-15 17:35:12 | Checkpoint saved successfully!

2026-08-15 17:35:12 | Deleted old checkpoint: ./checkpoints\step_10260
2026-08-15 17:35:16 | Step 10275/12000 | Loss: 2.1137 | LR: 2.973040e-05
2026-08-15 17:35:17 |   >> Validation Loss: 2.1350
2026-08-15 17:35:17 |   --> Seen Generation @ step 10275:
Input: Translate to Vietnamese: The bird call the chicken to ask for dinner.
Output: Con chim gọi cho người ăn tối.
--------------------------------------------------
2026-08-15 17:35:17 | Saving checkpoint to ./checkpoints\step_10275...
2026-08-15 17:35:17 | Checkpoint saved successfully!

2026-08-15 17:35:17 | Deleted old checkpoint: ./checkpoints\step_10265
2026-08-15 17:35:22 | Step 10280/12000 | Loss: 2.1903 | LR: 2.956177e-05
2026-08-15 17:35:23 |   >> Validation Loss: 2.1345
2026-08-15 17:35:23 |   --> Seen Generation @ step 10280:
Input: Translate to Vietnamese: The bird call the chicken to ask for dinner.
Output: Con chim gọi cho người ăn tối.
--------------------------------------------------
2026-08-15 17:35:23 | Saving checkpoint to ./checkpoints\step_10280...
2026-08-15 17:35:23 | Checkpoint saved successfully!

2026-08-15 17:35:23 | Deleted old checkpoint: ./checkpoints\step_10270
2026-08-15 17:35:27 | Step 10285/12000 | Loss: 2.1017 | LR: 2.939359e-05
2026-08-15 17:35:28 |   >> Validation Loss: 2.1344
2026-08-15 17:35:28 |   --> Seen Generation @ step 10285:
Input: Translate to Vietnamese: The bird call the chicken to ask for dinner.
Output: Con chim gọi cho người ăn tối.
--------------------------------------------------
2026-08-15 17:35:28 | Saving checkpoint to ./checkpoints\step_10285...
2026-08-15 17:35:28 | Checkpoint saved successfully!

2026-08-15 17:35:28 | Deleted old checkpoint: ./checkpoints\step_10275
2026-08-15 17:35:32 | Step 10290/12000 | Loss: 2.1466 | LR: 2.922587e-05
2026-08-15 17:35:33 |   >> Validation Loss: 2.1344
2026-08-15 17:35:33 |   --> Seen Generation @ step 10290:
Input: Translate to Vietnamese: The bird call the chicken to ask for dinner.
Output: Con chim gọi cho người ăn tối.
--------------------------------------------------
2026-08-15 17:35:33 | Saving checkpoint to ./checkpoints\step_10290...
2026-08-15 17:35:33 | Checkpoint saved successfully!

2026-08-15 17:35:33 | Deleted old checkpoint: ./checkpoints\step_10280
2026-08-15 17:35:37 | Step 10295/12000 | Loss: 2.1540 | LR: 2.905859e-05
2026-08-15 17:35:38 |   >> Validation Loss: 2.1344
2026-08-15 17:35:38 |   --> Seen Generation @ step 10295:
Input: Translate to Vietnamese: The bird call the chicken to ask for dinner.
Output: Con chim gọi cho người ăn tối.
--------------------------------------------------
2026-08-15 17:35:38 | Saving checkpoint to ./checkpoints\step_10295...
2026-08-15 17:35:38 | Checkpoint saved successfully!

2026-08-15 17:35:38 | Deleted old checkpoint: ./checkpoints\step_10285
2026-08-15 17:35:43 | Step 10300/12000 | Loss: 2.1493 | LR: 2.889177e-05
2026-08-15 17:35:44 |   >> Validation Loss: 2.1343
2026-08-15 17:35:44 |   --> Seen Generation @ step 10300:
Input: Translate to Vietnamese: The bird call the chicken to ask for dinner.
Output: Con chim gọi cho người ăn tối.
--------------------------------------------------
2026-08-15 17:35:44 | Saving checkpoint to ./checkpoints\step_10300...
2026-08-15 17:35:44 | Checkpoint saved successfully!

2026-08-15 17:35:44 | Deleted old checkpoint: ./checkpoints\step_10290
2026-08-15 17:35:48 | Step 10305/12000 | Loss: 2.1537 | LR: 2.872539e-05
2026-08-15 17:35:49 |   >> Validation Loss: 2.1343
2026-08-15 17:35:49 |   --> Seen Generation @ step 10305:
Input: Translate to Vietnamese: The bird call the chicken to ask for dinner.
Output: Con chim gọi cho người ăn tối.
--------------------------------------------------
2026-08-15 17:35:49 | Saving checkpoint to ./checkpoints\step_10305...
2026-08-15 17:35:49 | Checkpoint saved successfully!

2026-08-15 17:35:49 | Deleted old checkpoint: ./checkpoints\step_10295
2026-08-15 17:35:53 | Step 10310/12000 | Loss: 2.1751 | LR: 2.855947e-05
2026-08-15 17:35:54 |   >> Validation Loss: 2.1343
2026-08-15 17:35:54 |   --> Seen Generation @ step 10310:
Input: Translate to Vietnamese: The bird call the chicken to ask for dinner.
Output: Con chim gọi cho người ăn tối.
--------------------------------------------------
2026-08-15 17:35:54 | Saving checkpoint to ./checkpoints\step_10310...
2026-08-15 17:35:54 | Checkpoint saved successfully!

2026-08-15 17:35:54 | Deleted old checkpoint: ./checkpoints\step_10300
2026-08-15 17:35:58 | Step 10315/12000 | Loss: 2.1278 | LR: 2.839400e-05
2026-08-15 17:35:59 |   >> Validation Loss: 2.1345
2026-08-15 17:35:59 |   --> Seen Generation @ step 10315:
Input: Translate to Vietnamese: The bird call the chicken to ask for dinner.
Output: Con chim gọi cho người ăn tối.
--------------------------------------------------
2026-08-15 17:35:59 | Saving checkpoint to ./checkpoints\step_10315...
2026-08-15 17:35:59 | Checkpoint saved successfully!

2026-08-15 17:35:59 | Deleted old checkpoint: ./checkpoints\step_10305
2026-08-15 17:36:03 | Step 10320/12000 | Loss: 2.1393 | LR: 2.822898e-05
2026-08-15 17:36:05 |   >> Validation Loss: 2.1342
2026-08-15 17:36:05 |   --> Seen Generation @ step 10320:
Input: Translate to Vietnamese: The bird call the chicken to ask for dinner.
Output: Con chim gọi cho người ăn tối.
--------------------------------------------------
2026-08-15 17:36:05 | Saving checkpoint to ./checkpoints\step_10320...
2026-08-15 17:36:05 | Checkpoint saved successfully!

2026-08-15 17:36:05 | Deleted old checkpoint: ./checkpoints\step_10310
2026-08-15 17:36:09 | Step 10325/12000 | Loss: 2.1549 | LR: 2.806441e-05
2026-08-15 17:36:10 |   >> Validation Loss: 2.1340
2026-08-15 17:36:10 |   --> Seen Generation @ step 10325:
Input: Translate to Vietnamese: The bird call the chicken to ask for dinner.
Output: Con chim gọi cho người ăn tối.
--------------------------------------------------
2026-08-15 17:36:10 | Saving checkpoint to ./checkpoints\step_10325...
2026-08-15 17:36:10 | Checkpoint saved successfully!

2026-08-15 17:36:10 | Deleted old checkpoint: ./checkpoints\step_10315
2026-08-15 17:36:14 | Step 10330/12000 | Loss: 2.1316 | LR: 2.790030e-05
2026-08-15 17:36:15 |   >> Validation Loss: 2.1339
2026-08-15 17:36:15 |   --> Seen Generation @ step 10330:
Input: Translate to Vietnamese: The bird call the chicken to ask for dinner.
Output: Con chim gọi cho người ăn tối.
--------------------------------------------------
2026-08-15 17:36:15 | Saving checkpoint to ./checkpoints\step_10330...
2026-08-15 17:36:15 | Checkpoint saved successfully!

2026-08-15 17:36:15 | Deleted old checkpoint: ./checkpoints\step_10320
2026-08-15 17:36:19 | Step 10335/12000 | Loss: 2.1050 | LR: 2.773663e-05
2026-08-15 17:36:20 |   >> Validation Loss: 2.1340
2026-08-15 17:36:20 |   --> Seen Generation @ step 10335:
Input: Translate to Vietnamese: The bird call the chicken to ask for dinner.
Output: Con chim gọi cho người ăn tối.
--------------------------------------------------
2026-08-15 17:36:20 | Saving checkpoint to ./checkpoints\step_10335...
2026-08-15 17:36:20 | Checkpoint saved successfully!

2026-08-15 17:36:20 | Deleted old checkpoint: ./checkpoints\step_10325
2026-08-15 17:36:24 | Step 10340/12000 | Loss: 2.1173 | LR: 2.757343e-05
2026-08-15 17:36:25 |   >> Validation Loss: 2.1340
2026-08-15 17:36:26 |   --> Seen Generation @ step 10340:
Input: Translate to Vietnamese: The bird call the chicken to ask for dinner.
Output: Con chim gọi cho người ăn tối.
--------------------------------------------------
2026-08-15 17:36:26 | Saving checkpoint to ./checkpoints\step_10340...
2026-08-15 17:36:26 | Checkpoint saved successfully!

2026-08-15 17:36:26 | Deleted old checkpoint: ./checkpoints\step_10330
2026-08-15 17:36:30 | Step 10345/12000 | Loss: 2.1399 | LR: 2.741067e-05
2026-08-15 17:36:31 |   >> Validation Loss: 2.1340
2026-08-15 17:36:31 |   --> Seen Generation @ step 10345:
Input: Translate to Vietnamese: The bird call the chicken to ask for dinner.
Output: Con chim gọi cho người ăn tối.
--------------------------------------------------
2026-08-15 17:36:31 | Saving checkpoint to ./checkpoints\step_10345...
2026-08-15 17:36:31 | Checkpoint saved successfully!

2026-08-15 17:36:31 | Deleted old checkpoint: ./checkpoints\step_10335
2026-08-15 17:36:35 | Step 10350/12000 | Loss: 2.1275 | LR: 2.724837e-05
2026-08-15 17:36:36 |   >> Validation Loss: 2.1340
2026-08-15 17:36:36 |   --> Seen Generation @ step 10350:
Input: Translate to Vietnamese: The bird call the chicken to ask for dinner.
Output: Con chim gọi cho người ăn tối.
--------------------------------------------------
2026-08-15 17:36:36 | Saving checkpoint to ./checkpoints\step_10350...
2026-08-15 17:36:36 | Checkpoint saved successfully!

2026-08-15 17:36:36 | Deleted old checkpoint: ./checkpoints\step_10340
2026-08-15 17:36:40 | Step 10355/12000 | Loss: 2.1779 | LR: 2.708652e-05
2026-08-15 17:36:41 |   >> Validation Loss: 2.1339
2026-08-15 17:36:41 |   --> Seen Generation @ step 10355:
Input: Translate to Vietnamese: The bird call the chicken to ask for dinner.
Output: Con chim gọi cho người ăn tối.
--------------------------------------------------
2026-08-15 17:36:41 | Saving checkpoint to ./checkpoints\step_10355...
2026-08-15 17:36:41 | Checkpoint saved successfully!

2026-08-15 17:36:41 | Deleted old checkpoint: ./checkpoints\step_10345
2026-08-15 17:36:46 | Step 10360/12000 | Loss: 2.1308 | LR: 2.692513e-05
2026-08-15 17:36:47 |   >> Validation Loss: 2.1338
2026-08-15 17:36:47 |   --> Seen Generation @ step 10360:
Input: Translate to Vietnamese: The bird call the chicken to ask for dinner.
Output: Con chim gọi cho người ăn tối.
--------------------------------------------------
2026-08-15 17:36:47 | Saving checkpoint to ./checkpoints\step_10360...
2026-08-15 17:36:47 | Checkpoint saved successfully!

2026-08-15 17:36:47 | Deleted old checkpoint: ./checkpoints\step_10350
2026-08-15 17:36:51 | Step 10365/12000 | Loss: 2.1348 | LR: 2.676419e-05
2026-08-15 17:36:52 |   >> Validation Loss: 2.1339
2026-08-15 17:36:52 |   --> Seen Generation @ step 10365:
Input: Translate to Vietnamese: The bird call the chicken to ask for dinner.
Output: Con chim gọi cho người ăn tối.
--------------------------------------------------
2026-08-15 17:36:52 | Saving checkpoint to ./checkpoints\step_10365...
2026-08-15 17:36:52 | Checkpoint saved successfully!

2026-08-15 17:36:52 | Deleted old checkpoint: ./checkpoints\step_10355
2026-08-15 17:36:56 | Step 10370/12000 | Loss: 2.1538 | LR: 2.660371e-05
2026-08-15 17:36:57 |   >> Validation Loss: 2.1340
2026-08-15 17:36:58 |   --> Seen Generation @ step 10370:
Input: Translate to Vietnamese: The bird call the chicken to ask for dinner.
Output: Con chim gọi cho người ăn tối.
--------------------------------------------------
2026-08-15 17:36:58 | Saving checkpoint to ./checkpoints\step_10370...
2026-08-15 17:36:58 | Checkpoint saved successfully!

2026-08-15 17:36:58 | Deleted old checkpoint: ./checkpoints\step_10360
2026-08-15 17:37:02 | Step 10375/12000 | Loss: 2.1643 | LR: 2.644368e-05
2026-08-15 17:37:03 |   >> Validation Loss: 2.1341
2026-08-15 17:37:03 |   --> Seen Generation @ step 10375:
Input: Translate to Vietnamese: The bird call the chicken to ask for dinner.
Output: Con chim gọi cho người ăn tối.
--------------------------------------------------
2026-08-15 17:37:03 | Saving checkpoint to ./checkpoints\step_10375...
2026-08-15 17:37:03 | Checkpoint saved successfully!

2026-08-15 17:37:03 | Deleted old checkpoint: ./checkpoints\step_10365
2026-08-15 17:37:07 | Step 10380/12000 | Loss: 2.1875 | LR: 2.628411e-05
2026-08-15 17:37:08 |   >> Validation Loss: 2.1340
2026-08-15 17:37:08 |   --> Seen Generation @ step 10380:
Input: Translate to Vietnamese: The bird call the chicken to ask for dinner.
Output: Con chim gọi cho người ăn tối.
--------------------------------------------------
2026-08-15 17:37:08 | Saving checkpoint to ./checkpoints\step_10380...
2026-08-15 17:37:08 | Checkpoint saved successfully!

2026-08-15 17:37:08 | Deleted old checkpoint: ./checkpoints\step_10370
2026-08-15 17:37:12 | Step 10385/12000 | Loss: 2.1577 | LR: 2.612500e-05
2026-08-15 17:37:13 |   >> Validation Loss: 2.1339
2026-08-15 17:37:13 |   --> Seen Generation @ step 10385:
Input: Translate to Vietnamese: The bird call the chicken to ask for dinner.
Output: Con chim gọi cho người ăn tối.
--------------------------------------------------
2026-08-15 17:37:13 | Saving checkpoint to ./checkpoints\step_10385...
2026-08-15 17:37:13 | Checkpoint saved successfully!

2026-08-15 17:37:13 | Deleted old checkpoint: ./checkpoints\step_10375
2026-08-15 17:37:17 | Step 10390/12000 | Loss: 2.1918 | LR: 2.596634e-05
2026-08-15 17:37:18 |   >> Validation Loss: 2.1337
2026-08-15 17:37:18 |   --> Seen Generation @ step 10390:
Input: Translate to Vietnamese: The bird call the chicken to ask for dinner.
Output: Con chim gọi cho người ăn tối.
--------------------------------------------------
2026-08-15 17:37:18 | Saving checkpoint to ./checkpoints\step_10390...
2026-08-15 17:37:19 | Checkpoint saved successfully!

2026-08-15 17:37:19 | Deleted old checkpoint: ./checkpoints\step_10380
2026-08-15 17:37:23 | Step 10395/12000 | Loss: 2.1703 | LR: 2.580814e-05
2026-08-15 17:37:24 |   >> Validation Loss: 2.1339
2026-08-15 17:37:24 |   --> Seen Generation @ step 10395:
Input: Translate to Vietnamese: The bird call the chicken to ask for dinner.
Output: Con chim gọi cho người ăn tối.
--------------------------------------------------
2026-08-15 17:37:24 | Saving checkpoint to ./checkpoints\step_10395...
2026-08-15 17:37:24 | Checkpoint saved successfully!

2026-08-15 17:37:24 | Deleted old checkpoint: ./checkpoints\step_10385
2026-08-15 17:37:28 | Step 10400/12000 | Loss: 2.1406 | LR: 2.565039e-05
2026-08-15 17:37:29 |   >> Validation Loss: 2.1339
2026-08-15 17:37:29 |   --> Seen Generation @ step 10400:
Input: Translate to Vietnamese: The bird call the chicken to ask for dinner.
Output: Con chim gọi cho người ăn tối.
--------------------------------------------------
2026-08-15 17:37:29 | Saving checkpoint to ./checkpoints\step_10400...
2026-08-15 17:37:29 | Checkpoint saved successfully!

2026-08-15 17:37:29 | Deleted old checkpoint: ./checkpoints\step_10390
2026-08-15 17:37:33 | Step 10405/12000 | Loss: 2.1853 | LR: 2.549311e-05
2026-08-15 17:37:34 |   >> Validation Loss: 2.1338
2026-08-15 17:37:34 |   --> Seen Generation @ step 10405:
Input: Translate to Vietnamese: The bird call the chicken to ask for dinner.
Output: Con chim gọi cho người ăn tối.
--------------------------------------------------
2026-08-15 17:37:34 | Saving checkpoint to ./checkpoints\step_10405...
2026-08-15 17:37:34 | Checkpoint saved successfully!

2026-08-15 17:37:34 | Deleted old checkpoint: ./checkpoints\step_10395
2026-08-15 17:37:38 | Step 10410/12000 | Loss: 2.1733 | LR: 2.533628e-05
2026-08-15 17:37:39 |   >> Validation Loss: 2.1337
2026-08-15 17:37:39 |   --> Seen Generation @ step 10410:
Input: Translate to Vietnamese: The bird call the chicken to ask for dinner.
Output: Con chim gọi cho người ăn tối.
--------------------------------------------------
2026-08-15 17:37:39 | Saving checkpoint to ./checkpoints\step_10410...
2026-08-15 17:37:39 | Checkpoint saved successfully!

2026-08-15 17:37:39 | Deleted old checkpoint: ./checkpoints\step_10400
2026-08-15 17:37:43 | Step 10415/12000 | Loss: 2.1524 | LR: 2.517991e-05
2026-08-15 17:37:44 |   >> Validation Loss: 2.1341
2026-08-15 17:37:44 |   --> Seen Generation @ step 10415:
Input: Translate to Vietnamese: The bird call the chicken to ask for dinner.
Output: Con chim gọi cho người ăn tối.
--------------------------------------------------
2026-08-15 17:37:44 | Saving checkpoint to ./checkpoints\step_10415...
2026-08-15 17:37:44 | Checkpoint saved successfully!

2026-08-15 17:37:44 | Deleted old checkpoint: ./checkpoints\step_10405
2026-08-15 17:37:48 | Step 10420/12000 | Loss: 2.0994 | LR: 2.502399e-05
2026-08-15 17:37:49 |   >> Validation Loss: 2.1338
2026-08-15 17:37:50 |   --> Seen Generation @ step 10420:
Input: Translate to Vietnamese: The bird call the chicken to ask for dinner.
Output: Con chim gọi cho người ăn tối.
--------------------------------------------------
2026-08-15 17:37:50 | Saving checkpoint to ./checkpoints\step_10420...
2026-08-15 17:37:50 | Checkpoint saved successfully!

2026-08-15 17:37:50 | Deleted old checkpoint: ./checkpoints\step_10410
2026-08-15 17:37:54 | Step 10425/12000 | Loss: 2.1038 | LR: 2.486854e-05
2026-08-15 17:37:55 |   >> Validation Loss: 2.1338
2026-08-15 17:37:55 |   --> Seen Generation @ step 10425:
Input: Translate to Vietnamese: The bird call the chicken to ask for dinner.
Output: Con chim gọi cho người ăn tối.
--------------------------------------------------
2026-08-15 17:37:55 | Saving checkpoint to ./checkpoints\step_10425...
2026-08-15 17:37:55 | Checkpoint saved successfully!

2026-08-15 17:37:55 | Deleted old checkpoint: ./checkpoints\step_10415
2026-08-15 17:37:59 | Step 10430/12000 | Loss: 2.1568 | LR: 2.471355e-05
2026-08-15 17:38:00 |   >> Validation Loss: 2.1337
2026-08-15 17:38:00 |   --> Seen Generation @ step 10430:
Input: Translate to Vietnamese: The bird call the chicken to ask for dinner.
Output: Con chim gọi cho người ăn tối.
--------------------------------------------------
2026-08-15 17:38:00 | Saving checkpoint to ./checkpoints\step_10430...
2026-08-15 17:38:00 | Checkpoint saved successfully!

2026-08-15 17:38:00 | Deleted old checkpoint: ./checkpoints\step_10420
2026-08-15 17:38:05 | Step 10435/12000 | Loss: 2.1354 | LR: 2.455901e-05
2026-08-15 17:38:06 |   >> Validation Loss: 2.1338
2026-08-15 17:38:06 |   --> Seen Generation @ step 10435:
Input: Translate to Vietnamese: The bird call the chicken to ask for dinner.
Output: Con chim gọi cho người ăn tối.
--------------------------------------------------
2026-08-15 17:38:06 | Saving checkpoint to ./checkpoints\step_10435...
2026-08-15 17:38:06 | Checkpoint saved successfully!

2026-08-15 17:38:06 | Deleted old checkpoint: ./checkpoints\step_10425
2026-08-15 17:38:10 | Step 10440/12000 | Loss: 2.1088 | LR: 2.440494e-05
2026-08-15 17:38:11 |   >> Validation Loss: 2.1335
2026-08-15 17:38:11 |   --> Seen Generation @ step 10440:
Input: Translate to Vietnamese: The bird call the chicken to ask for dinner.
Output: Con chim gọi cho người ăn tối.
--------------------------------------------------
2026-08-15 17:38:11 | Saving checkpoint to ./checkpoints\step_10440...
2026-08-15 17:38:11 | Checkpoint saved successfully!

2026-08-15 17:38:11 | Deleted old checkpoint: ./checkpoints\step_10430
2026-08-15 17:38:15 | Step 10445/12000 | Loss: 2.1595 | LR: 2.425132e-05
2026-08-15 17:38:16 |   >> Validation Loss: 2.1336
2026-08-15 17:38:16 |   --> Seen Generation @ step 10445:
Input: Translate to Vietnamese: The bird call the chicken to ask for dinner.
Output: Con chim gọi cho người ăn tối.
--------------------------------------------------
2026-08-15 17:38:16 | Saving checkpoint to ./checkpoints\step_10445...
2026-08-15 17:38:16 | Checkpoint saved successfully!

2026-08-15 17:38:16 | Deleted old checkpoint: ./checkpoints\step_10435
2026-08-15 17:38:20 | Step 10450/12000 | Loss: 2.1737 | LR: 2.409816e-05
2026-08-15 17:38:21 |   >> Validation Loss: 2.1337
2026-08-15 17:38:21 |   --> Seen Generation @ step 10450:
Input: Translate to Vietnamese: The bird call the chicken to ask for dinner.
Output: Con chim gọi cho người ăn tối.
--------------------------------------------------
2026-08-15 17:38:21 | Saving checkpoint to ./checkpoints\step_10450...
2026-08-15 17:38:22 | Checkpoint saved successfully!

2026-08-15 17:38:22 | Deleted old checkpoint: ./checkpoints\step_10440
2026-08-15 17:38:26 | Step 10455/12000 | Loss: 2.1014 | LR: 2.394547e-05
2026-08-15 17:38:27 |   >> Validation Loss: 2.1335
2026-08-15 17:38:27 |   --> Seen Generation @ step 10455:
Input: Translate to Vietnamese: The bird call the chicken to ask for dinner.
Output: Con chim gọi cho người ăn tối.
--------------------------------------------------
2026-08-15 17:38:27 | Saving checkpoint to ./checkpoints\step_10455...
2026-08-15 17:38:27 | Checkpoint saved successfully!

2026-08-15 17:38:27 | Deleted old checkpoint: ./checkpoints\step_10445
2026-08-15 17:38:31 | Step 10460/12000 | Loss: 2.1544 | LR: 2.379324e-05
2026-08-15 17:38:32 |   >> Validation Loss: 2.1333
2026-08-15 17:38:32 |   --> Seen Generation @ step 10460:
Input: Translate to Vietnamese: The bird call the chicken to ask for dinner.
Output: Con chim gọi cho người ăn tối.
--------------------------------------------------
2026-08-15 17:38:32 | Saving checkpoint to ./checkpoints\step_10460...
2026-08-15 17:38:32 | Checkpoint saved successfully!

2026-08-15 17:38:32 | Deleted old checkpoint: ./checkpoints\step_10450
2026-08-15 17:38:36 | Step 10465/12000 | Loss: 2.1490 | LR: 2.364146e-05
2026-08-15 17:38:37 |   >> Validation Loss: 2.1332
2026-08-15 17:38:37 |   --> Seen Generation @ step 10465:
Input: Translate to Vietnamese: The bird call the chicken to ask for dinner.
Output: Con chim gọi cho người ăn tối.
--------------------------------------------------
2026-08-15 17:38:37 | Saving checkpoint to ./checkpoints\step_10465...
2026-08-15 17:38:37 | Checkpoint saved successfully!

2026-08-15 17:38:37 | Deleted old checkpoint: ./checkpoints\step_10455
2026-08-15 17:38:41 | Step 10470/12000 | Loss: 2.0937 | LR: 2.349015e-05
2026-08-15 17:38:42 |   >> Validation Loss: 2.1332
2026-08-15 17:38:42 |   --> Seen Generation @ step 10470:
Input: Translate to Vietnamese: The bird call the chicken to ask for dinner.
Output: Con chim gọi cho người ăn tối.
--------------------------------------------------
2026-08-15 17:38:42 | Saving checkpoint to ./checkpoints\step_10470...
2026-08-15 17:38:42 | Checkpoint saved successfully!

2026-08-15 17:38:42 | Deleted old checkpoint: ./checkpoints\step_10460
2026-08-15 17:38:46 | Step 10475/12000 | Loss: 2.1080 | LR: 2.333931e-05
2026-08-15 17:38:47 |   >> Validation Loss: 2.1331
2026-08-15 17:38:47 |   --> Seen Generation @ step 10475:
Input: Translate to Vietnamese: The bird call the chicken to ask for dinner.
Output: Con chim gọi cho người ăn tối.
--------------------------------------------------
2026-08-15 17:38:47 | Saving checkpoint to ./checkpoints\step_10475...
2026-08-15 17:38:47 | Checkpoint saved successfully!

2026-08-15 17:38:47 | Deleted old checkpoint: ./checkpoints\step_10465
2026-08-15 17:38:51 | Step 10480/12000 | Loss: 2.1374 | LR: 2.318892e-05
2026-08-15 17:38:52 |   >> Validation Loss: 2.1331
2026-08-15 17:38:53 |   --> Seen Generation @ step 10480:
Input: Translate to Vietnamese: The bird call the chicken to ask for dinner.
Output: Con chim gọi cho người ăn tối.
--------------------------------------------------
2026-08-15 17:38:53 | Saving checkpoint to ./checkpoints\step_10480...
2026-08-15 17:38:53 | Checkpoint saved successfully!

2026-08-15 17:38:53 | Deleted old checkpoint: ./checkpoints\step_10470
2026-08-15 17:38:57 | Step 10485/12000 | Loss: 2.1421 | LR: 2.303899e-05
2026-08-15 17:38:58 |   >> Validation Loss: 2.1330
2026-08-15 17:38:58 |   --> Seen Generation @ step 10485:
Input: Translate to Vietnamese: The bird call the chicken to ask for dinner.
Output: Con chim gọi cho người ăn tối.
--------------------------------------------------
2026-08-15 17:38:58 | Saving checkpoint to ./checkpoints\step_10485...
2026-08-15 17:38:58 | Checkpoint saved successfully!

2026-08-15 17:38:58 | Deleted old checkpoint: ./checkpoints\step_10475
2026-08-15 17:39:02 | Step 10490/12000 | Loss: 2.1248 | LR: 2.288953e-05
2026-08-15 17:39:03 |   >> Validation Loss: 2.1330
2026-08-15 17:39:03 |   --> Seen Generation @ step 10490:
Input: Translate to Vietnamese: The bird call the chicken to ask for dinner.
Output: Con chim gọi cho người ăn tối.
--------------------------------------------------
2026-08-15 17:39:03 | Saving checkpoint to ./checkpoints\step_10490...
2026-08-15 17:39:03 | Checkpoint saved successfully!

2026-08-15 17:39:03 | Deleted old checkpoint: ./checkpoints\step_10480
2026-08-15 17:39:07 | Step 10495/12000 | Loss: 2.1737 | LR: 2.274054e-05
2026-08-15 17:39:08 |   >> Validation Loss: 2.1329
2026-08-15 17:39:08 |   --> Seen Generation @ step 10495:
Input: Translate to Vietnamese: The bird call the chicken to ask for dinner.
Output: Con chim gọi cho người ăn tối.
--------------------------------------------------
2026-08-15 17:39:08 | Saving checkpoint to ./checkpoints\step_10495...
2026-08-15 17:39:08 | Checkpoint saved successfully!

2026-08-15 17:39:08 | Deleted old checkpoint: ./checkpoints\step_10485
2026-08-15 17:39:12 | Step 10500/12000 | Loss: 2.1190 | LR: 2.259200e-05
2026-08-15 17:39:13 |   >> Validation Loss: 2.1328
2026-08-15 17:39:13 |   --> Seen Generation @ step 10500:
Input: Translate to Vietnamese: The bird call the chicken to ask for dinner.
Output: Con chim gọi cho người ăn tối.
--------------------------------------------------
2026-08-15 17:39:13 | Saving checkpoint to ./checkpoints\step_10500...
2026-08-15 17:39:13 | Checkpoint saved successfully!

2026-08-15 17:39:13 | Deleted old checkpoint: ./checkpoints\step_10490
2026-08-15 17:39:17 | Step 10505/12000 | Loss: 2.1527 | LR: 2.244393e-05
2026-08-15 17:39:18 |   >> Validation Loss: 2.1327
2026-08-15 17:39:18 |   --> Seen Generation @ step 10505:
Input: Translate to Vietnamese: The bird call the chicken to ask for dinner.
Output: Con chim gọi cho người ăn tối.
--------------------------------------------------
2026-08-15 17:39:18 | Saving checkpoint to ./checkpoints\step_10505...
2026-08-15 17:39:19 | Checkpoint saved successfully!

2026-08-15 17:39:19 | Deleted old checkpoint: ./checkpoints\step_10495
2026-08-15 17:39:23 | Step 10510/12000 | Loss: 2.1288 | LR: 2.229632e-05
2026-08-15 17:39:24 |   >> Validation Loss: 2.1327
2026-08-15 17:39:24 |   --> Seen Generation @ step 10510:
Input: Translate to Vietnamese: The bird call the chicken to ask for dinner.
Output: Con chim gọi cho người ăn tối.
--------------------------------------------------
2026-08-15 17:39:24 | Saving checkpoint to ./checkpoints\step_10510...
2026-08-15 17:39:24 | Checkpoint saved successfully!

2026-08-15 17:39:24 | Deleted old checkpoint: ./checkpoints\step_10500
2026-08-15 17:39:28 | Step 10515/12000 | Loss: 2.2047 | LR: 2.214918e-05
2026-08-15 17:39:29 |   >> Validation Loss: 2.1329
2026-08-15 17:39:29 |   --> Seen Generation @ step 10515:
Input: Translate to Vietnamese: The bird call the chicken to ask for dinner.
Output: Con chim gọi cho người ăn tối.
--------------------------------------------------
2026-08-15 17:39:29 | Saving checkpoint to ./checkpoints\step_10515...
2026-08-15 17:39:29 | Checkpoint saved successfully!

2026-08-15 17:39:29 | Deleted old checkpoint: ./checkpoints\step_10505
2026-08-15 17:39:33 | Step 10520/12000 | Loss: 2.1578 | LR: 2.200250e-05
2026-08-15 17:39:34 |   >> Validation Loss: 2.1328
2026-08-15 17:39:34 |   --> Seen Generation @ step 10520:
Input: Translate to Vietnamese: The bird call the chicken to ask for dinner.
Output: Con chim gọi cho người ăn tối.
--------------------------------------------------
2026-08-15 17:39:34 | Saving checkpoint to ./checkpoints\step_10520...
2026-08-15 17:39:34 | Checkpoint saved successfully!

2026-08-15 17:39:34 | Deleted old checkpoint: ./checkpoints\step_10510
2026-08-15 17:39:38 | Step 10525/12000 | Loss: 2.1472 | LR: 2.185629e-05
2026-08-15 17:39:39 |   >> Validation Loss: 2.1327
2026-08-15 17:39:39 |   --> Seen Generation @ step 10525:
Input: Translate to Vietnamese: The bird call the chicken to ask for dinner.
Output: Con chim gọi cho người ăn tối.
--------------------------------------------------
2026-08-15 17:39:39 | Saving checkpoint to ./checkpoints\step_10525...
2026-08-15 17:39:39 | Checkpoint saved successfully!

2026-08-15 17:39:39 | Deleted old checkpoint: ./checkpoints\step_10515
2026-08-15 17:39:43 | Step 10530/12000 | Loss: 2.1508 | LR: 2.171054e-05
2026-08-15 17:39:44 |   >> Validation Loss: 2.1326
2026-08-15 17:39:44 |   --> Seen Generation @ step 10530:
Input: Translate to Vietnamese: The bird call the chicken to ask for dinner.
Output: Con chim gọi cho người ăn tối.
--------------------------------------------------
2026-08-15 17:39:44 | Saving checkpoint to ./checkpoints\step_10530...
2026-08-15 17:39:44 | Checkpoint saved successfully!

2026-08-15 17:39:44 | Deleted old checkpoint: ./checkpoints\step_10520
2026-08-15 17:39:48 | Step 10535/12000 | Loss: 2.1794 | LR: 2.156526e-05
2026-08-15 17:39:49 |   >> Validation Loss: 2.1325
2026-08-15 17:39:49 |   --> Seen Generation @ step 10535:
Input: Translate to Vietnamese: The bird call the chicken to ask for dinner.
Output: Con chim gọi cho người ăn tối.
--------------------------------------------------
2026-08-15 17:39:49 | Saving checkpoint to ./checkpoints\step_10535...
2026-08-15 17:39:50 | Checkpoint saved successfully!

2026-08-15 17:39:50 | Deleted old checkpoint: ./checkpoints\step_10525
2026-08-15 17:39:54 | Step 10540/12000 | Loss: 2.1560 | LR: 2.142044e-05
2026-08-15 17:39:55 |   >> Validation Loss: 2.1325
2026-08-15 17:39:55 |   --> Seen Generation @ step 10540:
Input: Translate to Vietnamese: The bird call the chicken to ask for dinner.
Output: Con chim gọi cho người ăn tối.
--------------------------------------------------
2026-08-15 17:39:55 | Saving checkpoint to ./checkpoints\step_10540...
2026-08-15 17:39:55 | Checkpoint saved successfully!

2026-08-15 17:39:55 | Deleted old checkpoint: ./checkpoints\step_10530
2026-08-15 17:39:59 | Step 10545/12000 | Loss: 2.0900 | LR: 2.127609e-05
2026-08-15 17:40:00 |   >> Validation Loss: 2.1326
2026-08-15 17:40:00 |   --> Seen Generation @ step 10545:
Input: Translate to Vietnamese: The bird call the chicken to ask for dinner.
Output: Con chim gọi cho người ăn tối.
--------------------------------------------------
2026-08-15 17:40:00 | Saving checkpoint to ./checkpoints\step_10545...
2026-08-15 17:40:00 | Checkpoint saved successfully!

2026-08-15 17:40:00 | Deleted old checkpoint: ./checkpoints\step_10535
2026-08-15 17:40:04 | Step 10550/12000 | Loss: 2.1717 | LR: 2.113221e-05
2026-08-15 17:40:05 |   >> Validation Loss: 2.1327
2026-08-15 17:40:05 |   --> Seen Generation @ step 10550:
Input: Translate to Vietnamese: The bird call the chicken to ask for dinner.
Output: Con chim gọi cho người ăn tối.
--------------------------------------------------
2026-08-15 17:40:05 | Saving checkpoint to ./checkpoints\step_10550...
2026-08-15 17:40:05 | Checkpoint saved successfully!

2026-08-15 17:40:05 | Deleted old checkpoint: ./checkpoints\step_10540
2026-08-15 17:40:09 | Step 10555/12000 | Loss: 2.1215 | LR: 2.098879e-05
2026-08-15 17:40:10 |   >> Validation Loss: 2.1326
2026-08-15 17:40:10 |   --> Seen Generation @ step 10555:
Input: Translate to Vietnamese: The bird call the chicken to ask for dinner.
Output: Con chim gọi cho người ăn tối.
--------------------------------------------------
2026-08-15 17:40:10 | Saving checkpoint to ./checkpoints\step_10555...
2026-08-15 17:40:10 | Checkpoint saved successfully!

2026-08-15 17:40:10 | Deleted old checkpoint: ./checkpoints\step_10545
2026-08-15 17:40:14 | Step 10560/12000 | Loss: 2.2155 | LR: 2.084584e-05
2026-08-15 17:40:15 |   >> Validation Loss: 2.1324
2026-08-15 17:40:15 |   --> Seen Generation @ step 10560:
Input: Translate to Vietnamese: The bird call the chicken to ask for dinner.
Output: Con chim gọi cho người ăn tối.
--------------------------------------------------
2026-08-15 17:40:15 | Saving checkpoint to ./checkpoints\step_10560...
2026-08-15 17:40:15 | Checkpoint saved successfully!

2026-08-15 17:40:15 | Deleted old checkpoint: ./checkpoints\step_10550
2026-08-15 17:40:19 | Step 10565/12000 | Loss: 2.1858 | LR: 2.070336e-05
2026-08-15 17:40:20 |   >> Validation Loss: 2.1322
2026-08-15 17:40:20 |   --> Seen Generation @ step 10565:
Input: Translate to Vietnamese: The bird call the chicken to ask for dinner.
Output: Con chim gọi cho người ăn tối.
--------------------------------------------------
2026-08-15 17:40:20 | Saving checkpoint to ./checkpoints\step_10565...
2026-08-15 17:40:21 | Checkpoint saved successfully!

2026-08-15 17:40:21 | Deleted old checkpoint: ./checkpoints\step_10555
2026-08-15 17:40:25 | Step 10570/12000 | Loss: 2.1589 | LR: 2.056134e-05
2026-08-15 17:40:26 |   >> Validation Loss: 2.1321
2026-08-15 17:40:26 |   --> Seen Generation @ step 10570:
Input: Translate to Vietnamese: The bird call the chicken to ask for dinner.
Output: Con chim gọi cho người ăn tối.
--------------------------------------------------
2026-08-15 17:40:26 | Saving checkpoint to ./checkpoints\step_10570...
2026-08-15 17:40:26 | Checkpoint saved successfully!

2026-08-15 17:40:26 | Deleted old checkpoint: ./checkpoints\step_10560
2026-08-15 17:40:30 | Step 10575/12000 | Loss: 2.1832 | LR: 2.041980e-05
2026-08-15 17:40:31 |   >> Validation Loss: 2.1320
2026-08-15 17:40:31 |   --> Seen Generation @ step 10575:
Input: Translate to Vietnamese: The bird call the chicken to ask for dinner.
Output: Con chim gọi cho người ăn tối.
--------------------------------------------------
2026-08-15 17:40:31 | Saving checkpoint to ./checkpoints\step_10575...
2026-08-15 17:40:31 | Checkpoint saved successfully!

2026-08-15 17:40:31 | Deleted old checkpoint: ./checkpoints\step_10565
2026-08-15 17:40:35 | Step 10580/12000 | Loss: 2.1543 | LR: 2.027872e-05
2026-08-15 17:40:36 |   >> Validation Loss: 2.1321
2026-08-15 17:40:36 |   --> Seen Generation @ step 10580:
Input: Translate to Vietnamese: The bird call the chicken to ask for dinner.
Output: Con chim gọi cho người ăn tối.
--------------------------------------------------
2026-08-15 17:40:36 | Saving checkpoint to ./checkpoints\step_10580...
2026-08-15 17:40:36 | Checkpoint saved successfully!

2026-08-15 17:40:36 | Deleted old checkpoint: ./checkpoints\step_10570
2026-08-15 17:40:41 | Step 10585/12000 | Loss: 2.0995 | LR: 2.013811e-05
2026-08-15 17:40:42 |   >> Validation Loss: 2.1324
2026-08-15 17:40:42 |   --> Seen Generation @ step 10585:
Input: Translate to Vietnamese: The bird call the chicken to ask for dinner.
Output: Con chim gọi cho người ăn tối.
--------------------------------------------------
2026-08-15 17:40:42 | Saving checkpoint to ./checkpoints\step_10585...
2026-08-15 17:40:42 | Checkpoint saved successfully!

2026-08-15 17:40:42 | Deleted old checkpoint: ./checkpoints\step_10575
2026-08-15 17:40:46 | Step 10590/12000 | Loss: 2.1483 | LR: 1.999796e-05
2026-08-15 17:40:47 |   >> Validation Loss: 2.1324
2026-08-15 17:40:47 |   --> Seen Generation @ step 10590:
Input: Translate to Vietnamese: The bird call the chicken to ask for dinner.
Output: Con chim gọi cho người ăn tối.
--------------------------------------------------
2026-08-15 17:40:47 | Saving checkpoint to ./checkpoints\step_10590...
2026-08-15 17:40:47 | Checkpoint saved successfully!

2026-08-15 17:40:47 | Deleted old checkpoint: ./checkpoints\step_10580
2026-08-15 17:40:51 | Step 10595/12000 | Loss: 2.1156 | LR: 1.985829e-05
2026-08-15 17:40:52 |   >> Validation Loss: 2.1321
2026-08-15 17:40:52 |   --> Seen Generation @ step 10595:
Input: Translate to Vietnamese: The bird call the chicken to ask for dinner.
Output: Con chim gọi cho người ăn tối.
--------------------------------------------------
2026-08-15 17:40:52 | Saving checkpoint to ./checkpoints\step_10595...
2026-08-15 17:40:52 | Checkpoint saved successfully!

2026-08-15 17:40:52 | Deleted old checkpoint: ./checkpoints\step_10585
2026-08-15 17:40:56 | Step 10600/12000 | Loss: 2.1549 | LR: 1.971909e-05
2026-08-15 17:40:57 |   >> Validation Loss: 2.1320
2026-08-15 17:40:57 |   --> Seen Generation @ step 10600:
Input: Translate to Vietnamese: The bird call the chicken to ask for dinner.
Output: Con chim gọi cho người ăn tối.
--------------------------------------------------
2026-08-15 17:40:57 | Saving checkpoint to ./checkpoints\step_10600...
2026-08-15 17:40:57 | Checkpoint saved successfully!

2026-08-15 17:40:57 | Deleted old checkpoint: ./checkpoints\step_10590
2026-08-15 17:41:01 | Step 10605/12000 | Loss: 2.1455 | LR: 1.958035e-05
2026-08-15 17:41:02 |   >> Validation Loss: 2.1318
2026-08-15 17:41:02 |   --> Seen Generation @ step 10605:
Input: Translate to Vietnamese: The bird call the chicken to ask for dinner.
Output: Con chim gọi cho người ăn tối.
--------------------------------------------------
2026-08-15 17:41:02 | Saving checkpoint to ./checkpoints\step_10605...
2026-08-15 17:41:02 | Checkpoint saved successfully!

2026-08-15 17:41:02 | Deleted old checkpoint: ./checkpoints\step_10595
2026-08-15 17:41:06 | Step 10610/12000 | Loss: 2.1272 | LR: 1.944209e-05
2026-08-15 17:41:07 |   >> Validation Loss: 2.1317
2026-08-15 17:41:07 |   --> Seen Generation @ step 10610:
Input: Translate to Vietnamese: The bird call the chicken to ask for dinner.
Output: Con chim gọi cho người ăn tối.
--------------------------------------------------
2026-08-15 17:41:07 | Saving checkpoint to ./checkpoints\step_10610...
2026-08-15 17:41:08 | Checkpoint saved successfully!

2026-08-15 17:41:08 | Deleted old checkpoint: ./checkpoints\step_10600
2026-08-15 17:41:12 | Step 10615/12000 | Loss: 2.1187 | LR: 1.930429e-05
2026-08-15 17:41:13 |   >> Validation Loss: 2.1317
2026-08-15 17:41:13 |   --> Seen Generation @ step 10615:
Input: Translate to Vietnamese: The bird call the chicken to ask for dinner.
Output: Con chim gọi cho người ăn tối.
--------------------------------------------------
2026-08-15 17:41:13 | Saving checkpoint to ./checkpoints\step_10615...
2026-08-15 17:41:13 | Checkpoint saved successfully!

2026-08-15 17:41:13 | Deleted old checkpoint: ./checkpoints\step_10605
2026-08-15 17:41:17 | Step 10620/12000 | Loss: 2.0937 | LR: 1.916697e-05
2026-08-15 17:41:18 |   >> Validation Loss: 2.1318
2026-08-15 17:41:18 |   --> Seen Generation @ step 10620:
Input: Translate to Vietnamese: The bird call the chicken to ask for dinner.
Output: Con chim gọi cho người ăn tối.
--------------------------------------------------
2026-08-15 17:41:18 | Saving checkpoint to ./checkpoints\step_10620...
2026-08-15 17:41:18 | Checkpoint saved successfully!

2026-08-15 17:41:18 | Deleted old checkpoint: ./checkpoints\step_10610
2026-08-15 17:41:22 | Step 10625/12000 | Loss: 2.1582 | LR: 1.903012e-05
2026-08-15 17:41:23 |   >> Validation Loss: 2.1318
2026-08-15 17:41:23 |   --> Seen Generation @ step 10625:
Input: Translate to Vietnamese: The bird call the chicken to ask for dinner.
Output: Con chim gọi cho người ăn tối.
--------------------------------------------------
2026-08-15 17:41:23 | Saving checkpoint to ./checkpoints\step_10625...
2026-08-15 17:41:23 | Checkpoint saved successfully!

2026-08-15 17:41:23 | Deleted old checkpoint: ./checkpoints\step_10615
2026-08-15 17:41:27 | Step 10630/12000 | Loss: 2.1583 | LR: 1.889373e-05
2026-08-15 17:41:28 |   >> Validation Loss: 2.1318
2026-08-15 17:41:28 |   --> Seen Generation @ step 10630:
Input: Translate to Vietnamese: The bird call the chicken to ask for dinner.
Output: Con chim gọi cho người ăn tối.
--------------------------------------------------
2026-08-15 17:41:28 | Saving checkpoint to ./checkpoints\step_10630...
2026-08-15 17:41:28 | Checkpoint saved successfully!

2026-08-15 17:41:28 | Deleted old checkpoint: ./checkpoints\step_10620
2026-08-15 17:41:32 | Step 10635/12000 | Loss: 2.1331 | LR: 1.875782e-05
2026-08-15 17:41:33 |   >> Validation Loss: 2.1318
2026-08-15 17:41:33 |   --> Seen Generation @ step 10635:
Input: Translate to Vietnamese: The bird call the chicken to ask for dinner.
Output: Con chim gọi cho người ăn tối.
--------------------------------------------------
2026-08-15 17:41:33 | Saving checkpoint to ./checkpoints\step_10635...
2026-08-15 17:41:33 | Checkpoint saved successfully!

2026-08-15 17:41:33 | Deleted old checkpoint: ./checkpoints\step_10625
2026-08-15 17:41:37 | Step 10640/12000 | Loss: 2.1346 | LR: 1.862238e-05
2026-08-15 17:41:38 |   >> Validation Loss: 2.1318
2026-08-15 17:41:38 |   --> Seen Generation @ step 10640:
Input: Translate to Vietnamese: The bird call the chicken to ask for dinner.
Output: Con chim gọi cho người ăn tối.
--------------------------------------------------
2026-08-15 17:41:38 | Saving checkpoint to ./checkpoints\step_10640...
2026-08-15 17:41:38 | Checkpoint saved successfully!

2026-08-15 17:41:39 | Deleted old checkpoint: ./checkpoints\step_10630
2026-08-15 17:41:43 | Step 10645/12000 | Loss: 2.1706 | LR: 1.848742e-05
2026-08-15 17:41:44 |   >> Validation Loss: 2.1319
2026-08-15 17:41:44 |   --> Seen Generation @ step 10645:
Input: Translate to Vietnamese: The bird call the chicken to ask for dinner.
Output: Con chim gọi cho người ăn tối.
--------------------------------------------------
2026-08-15 17:41:44 | Saving checkpoint to ./checkpoints\step_10645...
2026-08-15 17:41:44 | Checkpoint saved successfully!

2026-08-15 17:41:44 | Deleted old checkpoint: ./checkpoints\step_10635
2026-08-15 17:41:48 | Step 10650/12000 | Loss: 2.1160 | LR: 1.835292e-05
2026-08-15 17:41:49 |   >> Validation Loss: 2.1319
2026-08-15 17:41:49 |   --> Seen Generation @ step 10650:
Input: Translate to Vietnamese: The bird call the chicken to ask for dinner.
Output: Con chim gọi cho người ăn tối.
--------------------------------------------------
2026-08-15 17:41:49 | Saving checkpoint to ./checkpoints\step_10650...
2026-08-15 17:41:49 | Checkpoint saved successfully!

2026-08-15 17:41:49 | Deleted old checkpoint: ./checkpoints\step_10640
2026-08-15 17:41:53 | Step 10655/12000 | Loss: 2.1333 | LR: 1.821890e-05
2026-08-15 17:41:54 |   >> Validation Loss: 2.1316
2026-08-15 17:41:54 |   --> Seen Generation @ step 10655:
Input: Translate to Vietnamese: The bird call the chicken to ask for dinner.
Output: Con chim gọi cho người ăn tối.
--------------------------------------------------
2026-08-15 17:41:54 | Saving checkpoint to ./checkpoints\step_10655...
2026-08-15 17:41:54 | Checkpoint saved successfully!

2026-08-15 17:41:54 | Deleted old checkpoint: ./checkpoints\step_10645
2026-08-15 17:41:58 | Step 10660/12000 | Loss: 2.0984 | LR: 1.808535e-05
2026-08-15 17:41:59 |   >> Validation Loss: 2.1314
2026-08-15 17:41:59 |   --> Seen Generation @ step 10660:
Input: Translate to Vietnamese: The bird call the chicken to ask for dinner.
Output: Con chim gọi cho người ăn tối.
--------------------------------------------------
2026-08-15 17:41:59 | Saving checkpoint to ./checkpoints\step_10660...
2026-08-15 17:41:59 | Checkpoint saved successfully!

2026-08-15 17:41:59 | Deleted old checkpoint: ./checkpoints\step_10650
2026-08-15 17:42:03 | Step 10665/12000 | Loss: 2.1380 | LR: 1.795227e-05
2026-08-15 17:42:05 |   >> Validation Loss: 2.1314
2026-08-15 17:42:05 |   --> Seen Generation @ step 10665:
Input: Translate to Vietnamese: The bird call the chicken to ask for dinner.
Output: Con chim gọi cho người ăn tối.
--------------------------------------------------
2026-08-15 17:42:05 | Saving checkpoint to ./checkpoints\step_10665...
2026-08-15 17:42:05 | Checkpoint saved successfully!

2026-08-15 17:42:05 | Deleted old checkpoint: ./checkpoints\step_10655
2026-08-15 17:42:09 | Step 10670/12000 | Loss: 2.1000 | LR: 1.781967e-05
2026-08-15 17:42:10 |   >> Validation Loss: 2.1317
2026-08-15 17:42:10 |   --> Seen Generation @ step 10670:
Input: Translate to Vietnamese: The bird call the chicken to ask for dinner.
Output: Con chim gọi cho người ăn tối.
--------------------------------------------------
2026-08-15 17:42:10 | Saving checkpoint to ./checkpoints\step_10670...
2026-08-15 17:42:10 | Checkpoint saved successfully!

2026-08-15 17:42:10 | Deleted old checkpoint: ./checkpoints\step_10660
2026-08-15 17:42:14 | Step 10675/12000 | Loss: 2.1688 | LR: 1.768754e-05
2026-08-15 17:42:15 |   >> Validation Loss: 2.1315
2026-08-15 17:42:15 |   --> Seen Generation @ step 10675:
Input: Translate to Vietnamese: The bird call the chicken to ask for dinner.
Output: Con chim gọi cho người ăn tối.
--------------------------------------------------
2026-08-15 17:42:15 | Saving checkpoint to ./checkpoints\step_10675...
2026-08-15 17:42:15 | Checkpoint saved successfully!

2026-08-15 17:42:15 | Deleted old checkpoint: ./checkpoints\step_10665
2026-08-15 17:42:19 | Step 10680/12000 | Loss: 2.1046 | LR: 1.755588e-05
2026-08-15 17:42:20 |   >> Validation Loss: 2.1313
2026-08-15 17:42:20 |   --> Seen Generation @ step 10680:
Input: Translate to Vietnamese: The bird call the chicken to ask for dinner.
Output: Con chim gọi cho người ăn tối.
--------------------------------------------------
2026-08-15 17:42:20 | Saving checkpoint to ./checkpoints\step_10680...
2026-08-15 17:42:20 | Checkpoint saved successfully!

2026-08-15 17:42:20 | Deleted old checkpoint: ./checkpoints\step_10670
2026-08-15 17:42:24 | Step 10685/12000 | Loss: 2.1471 | LR: 1.742470e-05
2026-08-15 17:42:25 |   >> Validation Loss: 2.1313
2026-08-15 17:42:25 |   --> Seen Generation @ step 10685:
Input: Translate to Vietnamese: The bird call the chicken to ask for dinner.
Output: Con chim gọi cho người ăn tối.
--------------------------------------------------
2026-08-15 17:42:25 | Saving checkpoint to ./checkpoints\step_10685...
2026-08-15 17:42:25 | Checkpoint saved successfully!

2026-08-15 17:42:25 | Deleted old checkpoint: ./checkpoints\step_10675
2026-08-15 17:42:29 | Step 10690/12000 | Loss: 2.1658 | LR: 1.729399e-05
2026-08-15 17:42:30 |   >> Validation Loss: 2.1314
2026-08-15 17:42:30 |   --> Seen Generation @ step 10690:
Input: Translate to Vietnamese: The bird call the chicken to ask for dinner.
Output: Con chim gọi cho người ăn tối.
--------------------------------------------------
2026-08-15 17:42:30 | Saving checkpoint to ./checkpoints\step_10690...
2026-08-15 17:42:30 | Checkpoint saved successfully!

2026-08-15 17:42:31 | Deleted old checkpoint: ./checkpoints\step_10680
2026-08-15 17:42:35 | Step 10695/12000 | Loss: 2.2017 | LR: 1.716375e-05
2026-08-15 17:42:36 |   >> Validation Loss: 2.1312
2026-08-15 17:42:36 |   --> Seen Generation @ step 10695:
Input: Translate to Vietnamese: The bird call the chicken to ask for dinner.
Output: Con chim gọi cho người ăn tối.
--------------------------------------------------
2026-08-15 17:42:36 | Saving checkpoint to ./checkpoints\step_10695...
2026-08-15 17:42:36 | Checkpoint saved successfully!

2026-08-15 17:42:36 | Deleted old checkpoint: ./checkpoints\step_10685
2026-08-15 17:42:40 | Step 10700/12000 | Loss: 2.1521 | LR: 1.703399e-05
2026-08-15 17:42:41 |   >> Validation Loss: 2.1312
2026-08-15 17:42:41 |   --> Seen Generation @ step 10700:
Input: Translate to Vietnamese: The bird call the chicken to ask for dinner.
Output: Con chim gọi cho người ăn tối.
--------------------------------------------------
2026-08-15 17:42:41 | Saving checkpoint to ./checkpoints\step_10700...
2026-08-15 17:42:41 | Checkpoint saved successfully!

2026-08-15 17:42:41 | Deleted old checkpoint: ./checkpoints\step_10690
2026-08-15 17:42:45 | Step 10705/12000 | Loss: 2.1585 | LR: 1.690471e-05
2026-08-15 17:42:46 |   >> Validation Loss: 2.1312
2026-08-15 17:42:46 |   --> Seen Generation @ step 10705:
Input: Translate to Vietnamese: The bird call the chicken to ask for dinner.
Output: Con chim gọi cho người ăn tối.
--------------------------------------------------
2026-08-15 17:42:46 | Saving checkpoint to ./checkpoints\step_10705...
2026-08-15 17:42:46 | Checkpoint saved successfully!

2026-08-15 17:42:46 | Deleted old checkpoint: ./checkpoints\step_10695
2026-08-15 17:42:50 | Step 10710/12000 | Loss: 2.1429 | LR: 1.677590e-05
2026-08-15 17:42:51 |   >> Validation Loss: 2.1313
2026-08-15 17:42:51 |   --> Seen Generation @ step 10710:
Input: Translate to Vietnamese: The bird call the chicken to ask for dinner.
Output: Con chim gọi cho người ăn tối.
--------------------------------------------------
2026-08-15 17:42:51 | Saving checkpoint to ./checkpoints\step_10710...
2026-08-15 17:42:51 | Checkpoint saved successfully!

2026-08-15 17:42:51 | Deleted old checkpoint: ./checkpoints\step_10700
2026-08-15 17:42:55 | Step 10715/12000 | Loss: 2.1651 | LR: 1.664757e-05
2026-08-15 17:42:56 |   >> Validation Loss: 2.1312
2026-08-15 17:42:56 |   --> Seen Generation @ step 10715:
Input: Translate to Vietnamese: The bird call the chicken to ask for dinner.
Output: Con chim gọi cho người ăn tối.
--------------------------------------------------
2026-08-15 17:42:56 | Saving checkpoint to ./checkpoints\step_10715...
2026-08-15 17:42:56 | Checkpoint saved successfully!

2026-08-15 17:42:56 | Deleted old checkpoint: ./checkpoints\step_10705
2026-08-15 17:43:00 | Step 10720/12000 | Loss: 2.1343 | LR: 1.651971e-05
2026-08-15 17:43:01 |   >> Validation Loss: 2.1311
2026-08-15 17:43:01 |   --> Seen Generation @ step 10720:
Input: Translate to Vietnamese: The bird call the chicken to ask for dinner.
Output: Con chim gọi cho người ăn tối.
--------------------------------------------------
2026-08-15 17:43:01 | Saving checkpoint to ./checkpoints\step_10720...
2026-08-15 17:43:02 | Checkpoint saved successfully!

2026-08-15 17:43:02 | Deleted old checkpoint: ./checkpoints\step_10710
2026-08-15 17:43:06 | Step 10725/12000 | Loss: 2.1570 | LR: 1.639233e-05
2026-08-15 17:43:07 |   >> Validation Loss: 2.1311
2026-08-15 17:43:07 |   --> Seen Generation @ step 10725:
Input: Translate to Vietnamese: The bird call the chicken to ask for dinner.
Output: Con chim gọi cho người ăn tối.
--------------------------------------------------
2026-08-15 17:43:07 | Saving checkpoint to ./checkpoints\step_10725...
2026-08-15 17:43:07 | Checkpoint saved successfully!

2026-08-15 17:43:07 | Deleted old checkpoint: ./checkpoints\step_10715
2026-08-15 17:43:11 | Step 10730/12000 | Loss: 2.2189 | LR: 1.626542e-05
2026-08-15 17:43:12 |   >> Validation Loss: 2.1311
2026-08-15 17:43:12 |   --> Seen Generation @ step 10730:
Input: Translate to Vietnamese: The bird call the chicken to ask for dinner.
Output: Con chim gọi cho người ăn tối.
--------------------------------------------------
2026-08-15 17:43:12 | Saving checkpoint to ./checkpoints\step_10730...
2026-08-15 17:43:12 | Checkpoint saved successfully!

2026-08-15 17:43:12 | Deleted old checkpoint: ./checkpoints\step_10720
2026-08-15 17:43:16 | Step 10735/12000 | Loss: 2.1366 | LR: 1.613899e-05
2026-08-15 17:43:17 |   >> Validation Loss: 2.1310
2026-08-15 17:43:17 |   --> Seen Generation @ step 10735:
Input: Translate to Vietnamese: The bird call the chicken to ask for dinner.
Output: Con chim gọi cho người ăn tối.
--------------------------------------------------
2026-08-15 17:43:17 | Saving checkpoint to ./checkpoints\step_10735...
2026-08-15 17:43:17 | Checkpoint saved successfully!

2026-08-15 17:43:17 | Deleted old checkpoint: ./checkpoints\step_10725
2026-08-15 17:43:21 | Step 10740/12000 | Loss: 2.1701 | LR: 1.601304e-05
2026-08-15 17:43:22 |   >> Validation Loss: 2.1310
2026-08-15 17:43:22 |   --> Seen Generation @ step 10740:
Input: Translate to Vietnamese: The bird call the chicken to ask for dinner.
Output: Con chim gọi cho người ăn tối.
--------------------------------------------------
2026-08-15 17:43:22 | Saving checkpoint to ./checkpoints\step_10740...
2026-08-15 17:43:23 | Checkpoint saved successfully!

2026-08-15 17:43:23 | Deleted old checkpoint: ./checkpoints\step_10730
2026-08-15 17:43:27 | Step 10745/12000 | Loss: 2.1399 | LR: 1.588757e-05
2026-08-15 17:43:28 |   >> Validation Loss: 2.1310
2026-08-15 17:43:28 |   --> Seen Generation @ step 10745:
Input: Translate to Vietnamese: The bird call the chicken to ask for dinner.
Output: Con chim gọi cho người ăn tối.
--------------------------------------------------
2026-08-15 17:43:28 | Saving checkpoint to ./checkpoints\step_10745...
2026-08-15 17:43:28 | Checkpoint saved successfully!

2026-08-15 17:43:28 | Deleted old checkpoint: ./checkpoints\step_10735
2026-08-15 17:43:32 | Step 10750/12000 | Loss: 2.1440 | LR: 1.576257e-05
2026-08-15 17:43:33 |   >> Validation Loss: 2.1309
2026-08-15 17:43:33 |   --> Seen Generation @ step 10750:
Input: Translate to Vietnamese: The bird call the chicken to ask for dinner.
Output: Con chim gọi cho người ăn tối.
--------------------------------------------------
2026-08-15 17:43:33 | Saving checkpoint to ./checkpoints\step_10750...
2026-08-15 17:43:33 | Checkpoint saved successfully!

2026-08-15 17:43:33 | Deleted old checkpoint: ./checkpoints\step_10740
2026-08-15 17:43:37 | Step 10755/12000 | Loss: 2.1639 | LR: 1.563805e-05
2026-08-15 17:43:38 |   >> Validation Loss: 2.1308
2026-08-15 17:43:38 |   --> Seen Generation @ step 10755:
Input: Translate to Vietnamese: The bird call the chicken to ask for dinner.
Output: Con chim gọi cho người ăn tối.
--------------------------------------------------
2026-08-15 17:43:38 | Saving checkpoint to ./checkpoints\step_10755...
2026-08-15 17:43:38 | Checkpoint saved successfully!

2026-08-15 17:43:38 | Deleted old checkpoint: ./checkpoints\step_10745
2026-08-15 17:43:42 | Step 10760/12000 | Loss: 2.1925 | LR: 1.551401e-05
2026-08-15 17:43:43 |   >> Validation Loss: 2.1307
2026-08-15 17:43:43 |   --> Seen Generation @ step 10760:
Input: Translate to Vietnamese: The bird call the chicken to ask for dinner.
Output: Con chim gọi cho người ăn tối.
--------------------------------------------------
2026-08-15 17:43:43 | Saving checkpoint to ./checkpoints\step_10760...
2026-08-15 17:43:43 | Checkpoint saved successfully!

2026-08-15 17:43:43 | Deleted old checkpoint: ./checkpoints\step_10750
2026-08-15 17:43:47 | Step 10765/12000 | Loss: 2.1154 | LR: 1.539044e-05
2026-08-15 17:43:48 |   >> Validation Loss: 2.1306
2026-08-15 17:43:48 |   --> Seen Generation @ step 10765:
Input: Translate to Vietnamese: The bird call the chicken to ask for dinner.
Output: Con chim gọi cho người ăn tối.
--------------------------------------------------
2026-08-15 17:43:48 | Saving checkpoint to ./checkpoints\step_10765...
2026-08-15 17:43:48 | Checkpoint saved successfully!

2026-08-15 17:43:48 | Deleted old checkpoint: ./checkpoints\step_10755
2026-08-15 17:43:52 | Step 10770/12000 | Loss: 2.1246 | LR: 1.526736e-05
2026-08-15 17:43:54 |   >> Validation Loss: 2.1306
2026-08-15 17:43:54 |   --> Seen Generation @ step 10770:
Input: Translate to Vietnamese: The bird call the chicken to ask for dinner.
Output: Con chim gọi cho người ăn tối.
--------------------------------------------------
2026-08-15 17:43:54 | Saving checkpoint to ./checkpoints\step_10770...
2026-08-15 17:43:54 | Checkpoint saved successfully!

2026-08-15 17:43:54 | Deleted old checkpoint: ./checkpoints\step_10760
2026-08-15 17:43:58 | Step 10775/12000 | Loss: 2.1750 | LR: 1.514475e-05
2026-08-15 17:43:59 |   >> Validation Loss: 2.1307
2026-08-15 17:43:59 |   --> Seen Generation @ step 10775:
Input: Translate to Vietnamese: The bird call the chicken to ask for dinner.
Output: Con chim gọi cho người ăn tối.
--------------------------------------------------
2026-08-15 17:43:59 | Saving checkpoint to ./checkpoints\step_10775...
2026-08-15 17:43:59 | Checkpoint saved successfully!

2026-08-15 17:43:59 | Deleted old checkpoint: ./checkpoints\step_10765
2026-08-15 17:44:03 | Step 10780/12000 | Loss: 2.1229 | LR: 1.502263e-05
2026-08-15 17:44:04 |   >> Validation Loss: 2.1307
2026-08-15 17:44:04 |   --> Seen Generation @ step 10780:
Input: Translate to Vietnamese: The bird call the chicken to ask for dinner.
Output: Con chim gọi cho người ăn tối.
--------------------------------------------------
2026-08-15 17:44:04 | Saving checkpoint to ./checkpoints\step_10780...
2026-08-15 17:44:04 | Checkpoint saved successfully!

2026-08-15 17:44:04 | Deleted old checkpoint: ./checkpoints\step_10770
2026-08-15 17:44:08 | Step 10785/12000 | Loss: 2.1439 | LR: 1.490098e-05
2026-08-15 17:44:09 |   >> Validation Loss: 2.1308
2026-08-15 17:44:09 |   --> Seen Generation @ step 10785:
Input: Translate to Vietnamese: The bird call the chicken to ask for dinner.
Output: Con chim gọi cho người ăn tối.
--------------------------------------------------
2026-08-15 17:44:09 | Saving checkpoint to ./checkpoints\step_10785...
2026-08-15 17:44:09 | Checkpoint saved successfully!

2026-08-15 17:44:09 | Deleted old checkpoint: ./checkpoints\step_10775
2026-08-15 17:44:13 | Step 10790/12000 | Loss: 2.1565 | LR: 1.477981e-05
2026-08-15 17:44:14 |   >> Validation Loss: 2.1307
2026-08-15 17:44:14 |   --> Seen Generation @ step 10790:
Input: Translate to Vietnamese: The bird call the chicken to ask for dinner.
Output: Con chim gọi cho người ăn tối.
--------------------------------------------------
2026-08-15 17:44:14 | Saving checkpoint to ./checkpoints\step_10790...
2026-08-15 17:44:14 | Checkpoint saved successfully!

2026-08-15 17:44:14 | Deleted old checkpoint: ./checkpoints\step_10780
2026-08-15 17:44:18 | Step 10795/12000 | Loss: 2.1445 | LR: 1.465912e-05
2026-08-15 17:44:19 |   >> Validation Loss: 2.1306
2026-08-15 17:44:19 |   --> Seen Generation @ step 10795:
Input: Translate to Vietnamese: The bird call the chicken to ask for dinner.
Output: Con chim gọi cho người ăn tối.
--------------------------------------------------
2026-08-15 17:44:19 | Saving checkpoint to ./checkpoints\step_10795...
2026-08-15 17:44:20 | Checkpoint saved successfully!

2026-08-15 17:44:20 | Deleted old checkpoint: ./checkpoints\step_10785
2026-08-15 17:44:24 | Step 10800/12000 | Loss: 2.1638 | LR: 1.453891e-05
2026-08-15 17:44:25 |   >> Validation Loss: 2.1305
2026-08-15 17:44:25 |   --> Seen Generation @ step 10800:
Input: Translate to Vietnamese: The bird call the chicken to ask for dinner.
Output: Con chim gọi cho người ăn tối.
--------------------------------------------------
2026-08-15 17:44:25 | Saving checkpoint to ./checkpoints\step_10800...
2026-08-15 17:44:25 | Checkpoint saved successfully!

2026-08-15 17:44:25 | Deleted old checkpoint: ./checkpoints\step_10790
2026-08-15 17:44:29 | Step 10805/12000 | Loss: 2.1034 | LR: 1.441918e-05
2026-08-15 17:44:30 |   >> Validation Loss: 2.1306
2026-08-15 17:44:30 |   --> Seen Generation @ step 10805:
Input: Translate to Vietnamese: The bird call the chicken to ask for dinner.
Output: Con chim gọi cho người ăn tối.
--------------------------------------------------
2026-08-15 17:44:30 | Saving checkpoint to ./checkpoints\step_10805...
2026-08-15 17:44:30 | Checkpoint saved successfully!

2026-08-15 17:44:30 | Deleted old checkpoint: ./checkpoints\step_10795
2026-08-15 17:44:34 | Step 10810/12000 | Loss: 2.0924 | LR: 1.429993e-05
2026-08-15 17:44:35 |   >> Validation Loss: 2.1306
2026-08-15 17:44:35 |   --> Seen Generation @ step 10810:
Input: Translate to Vietnamese: The bird call the chicken to ask for dinner.
Output: Con chim gọi cho người ăn tối.
--------------------------------------------------
2026-08-15 17:44:35 | Saving checkpoint to ./checkpoints\step_10810...
2026-08-15 17:44:35 | Checkpoint saved successfully!

2026-08-15 17:44:35 | Deleted old checkpoint: ./checkpoints\step_10800
2026-08-15 17:44:39 | Step 10815/12000 | Loss: 2.1623 | LR: 1.418116e-05
2026-08-15 17:44:40 |   >> Validation Loss: 2.1305
2026-08-15 17:44:40 |   --> Seen Generation @ step 10815:
Input: Translate to Vietnamese: The bird call the chicken to ask for dinner.
Output: Con chim gọi cho người ăn tối.
--------------------------------------------------
2026-08-15 17:44:40 | Saving checkpoint to ./checkpoints\step_10815...
2026-08-15 17:44:40 | Checkpoint saved successfully!

2026-08-15 17:44:40 | Deleted old checkpoint: ./checkpoints\step_10805
2026-08-15 17:44:44 | Step 10820/12000 | Loss: 2.1711 | LR: 1.406288e-05
2026-08-15 17:44:45 |   >> Validation Loss: 2.1306
2026-08-15 17:44:45 |   --> Seen Generation @ step 10820:
Input: Translate to Vietnamese: The bird call the chicken to ask for dinner.
Output: Con chim gọi cho người ăn tối.
--------------------------------------------------
2026-08-15 17:44:45 | Saving checkpoint to ./checkpoints\step_10820...
2026-08-15 17:44:45 | Checkpoint saved successfully!

2026-08-15 17:44:45 | Deleted old checkpoint: ./checkpoints\step_10810
2026-08-15 17:44:49 | Step 10825/12000 | Loss: 2.1217 | LR: 1.394507e-05
2026-08-15 17:44:50 |   >> Validation Loss: 2.1305
2026-08-15 17:44:51 |   --> Seen Generation @ step 10825:
Input: Translate to Vietnamese: The bird call the chicken to ask for dinner.
Output: Con chim gọi cho người ăn tối.
--------------------------------------------------
2026-08-15 17:44:51 | Saving checkpoint to ./checkpoints\step_10825...
2026-08-15 17:44:51 | Checkpoint saved successfully!

2026-08-15 17:44:51 | Deleted old checkpoint: ./checkpoints\step_10815
2026-08-15 17:44:55 | Step 10830/12000 | Loss: 2.1783 | LR: 1.382774e-05
2026-08-15 17:44:56 |   >> Validation Loss: 2.1305
2026-08-15 17:44:56 |   --> Seen Generation @ step 10830:
Input: Translate to Vietnamese: The bird call the chicken to ask for dinner.
Output: Con chim gọi cho người ăn tối.
--------------------------------------------------
2026-08-15 17:44:56 | Saving checkpoint to ./checkpoints\step_10830...
2026-08-15 17:44:56 | Checkpoint saved successfully!

2026-08-15 17:44:56 | Deleted old checkpoint: ./checkpoints\step_10820
2026-08-15 17:45:00 | Step 10835/12000 | Loss: 2.1827 | LR: 1.371090e-05
2026-08-15 17:45:01 |   >> Validation Loss: 2.1305
2026-08-15 17:45:01 |   --> Seen Generation @ step 10835:
Input: Translate to Vietnamese: The bird call the chicken to ask for dinner.
Output: Con chim gọi cho người ăn tối.
--------------------------------------------------
2026-08-15 17:45:01 | Saving checkpoint to ./checkpoints\step_10835...
2026-08-15 17:45:01 | Checkpoint saved successfully!

2026-08-15 17:45:01 | Deleted old checkpoint: ./checkpoints\step_10825
2026-08-15 17:45:05 | Step 10840/12000 | Loss: 2.1465 | LR: 1.359454e-05
2026-08-15 17:45:06 |   >> Validation Loss: 2.1306
2026-08-15 17:45:06 |   --> Seen Generation @ step 10840:
Input: Translate to Vietnamese: The bird call the chicken to ask for dinner.
Output: Con chim gọi cho người ăn tối.
--------------------------------------------------
2026-08-15 17:45:06 | Saving checkpoint to ./checkpoints\step_10840...
2026-08-15 17:45:06 | Checkpoint saved successfully!

2026-08-15 17:45:06 | Deleted old checkpoint: ./checkpoints\step_10830
2026-08-15 17:45:10 | Step 10845/12000 | Loss: 2.1825 | LR: 1.347866e-05
2026-08-15 17:45:11 |   >> Validation Loss: 2.1304
2026-08-15 17:45:11 |   --> Seen Generation @ step 10845:
Input: Translate to Vietnamese: The bird call the chicken to ask for dinner.
Output: Con chim gọi cho người ăn tối.
--------------------------------------------------
2026-08-15 17:45:11 | Saving checkpoint to ./checkpoints\step_10845...
2026-08-15 17:45:11 | Checkpoint saved successfully!

2026-08-15 17:45:11 | Deleted old checkpoint: ./checkpoints\step_10835
2026-08-15 17:45:15 | Step 10850/12000 | Loss: 2.1342 | LR: 1.336326e-05
2026-08-15 17:45:16 |   >> Validation Loss: 2.1304
2026-08-15 17:45:16 |   --> Seen Generation @ step 10850:
Input: Translate to Vietnamese: The bird call the chicken to ask for dinner.
Output: Con chim gọi cho người ăn tối.
--------------------------------------------------
2026-08-15 17:45:16 | Saving checkpoint to ./checkpoints\step_10850...
2026-08-15 17:45:16 | Checkpoint saved successfully!

2026-08-15 17:45:16 | Deleted old checkpoint: ./checkpoints\step_10840
2026-08-15 17:45:20 | Step 10855/12000 | Loss: 2.1412 | LR: 1.324835e-05
2026-08-15 17:45:22 |   >> Validation Loss: 2.1304
2026-08-15 17:45:22 |   --> Seen Generation @ step 10855:
Input: Translate to Vietnamese: The bird call the chicken to ask for dinner.
Output: Con chim gọi cho người ăn tối.
--------------------------------------------------
2026-08-15 17:45:22 | Saving checkpoint to ./checkpoints\step_10855...
2026-08-15 17:45:22 | Checkpoint saved successfully!

2026-08-15 17:45:22 | Deleted old checkpoint: ./checkpoints\step_10845
2026-08-15 17:45:26 | Step 10860/12000 | Loss: 2.0969 | LR: 1.313392e-05
2026-08-15 17:45:27 |   >> Validation Loss: 2.1303
2026-08-15 17:45:27 |   --> Seen Generation @ step 10860:
Input: Translate to Vietnamese: The bird call the chicken to ask for dinner.
Output: Con chim gọi cho người ăn tối.
--------------------------------------------------
2026-08-15 17:45:27 | Saving checkpoint to ./checkpoints\step_10860...
2026-08-15 17:45:27 | Checkpoint saved successfully!

2026-08-15 17:45:27 | Deleted old checkpoint: ./checkpoints\step_10850
2026-08-15 17:45:31 | Step 10865/12000 | Loss: 2.1434 | LR: 1.301997e-05
2026-08-15 17:45:32 |   >> Validation Loss: 2.1303
2026-08-15 17:45:32 |   --> Seen Generation @ step 10865:
Input: Translate to Vietnamese: The bird call the chicken to ask for dinner.
Output: Con chim gọi cho người ăn tối.
--------------------------------------------------
2026-08-15 17:45:32 | Saving checkpoint to ./checkpoints\step_10865...
2026-08-15 17:45:32 | Checkpoint saved successfully!

2026-08-15 17:45:32 | Deleted old checkpoint: ./checkpoints\step_10855
2026-08-15 17:45:36 | Step 10870/12000 | Loss: 2.1308 | LR: 1.290650e-05
2026-08-15 17:45:37 |   >> Validation Loss: 2.1302
2026-08-15 17:45:37 |   --> Seen Generation @ step 10870:
Input: Translate to Vietnamese: The bird call the chicken to ask for dinner.
Output: Con chim gọi cho người ăn tối.
--------------------------------------------------
2026-08-15 17:45:37 | Saving checkpoint to ./checkpoints\step_10870...
2026-08-15 17:45:37 | Checkpoint saved successfully!

2026-08-15 17:45:37 | Deleted old checkpoint: ./checkpoints\step_10860
2026-08-15 17:45:41 | Step 10875/12000 | Loss: 2.2242 | LR: 1.279352e-05
2026-08-15 17:45:42 |   >> Validation Loss: 2.1301
2026-08-15 17:45:42 |   --> Seen Generation @ step 10875:
Input: Translate to Vietnamese: The bird call the chicken to ask for dinner.
Output: Con chim gọi cho người ăn tối.
--------------------------------------------------
2026-08-15 17:45:42 | Saving checkpoint to ./checkpoints\step_10875...
2026-08-15 17:45:42 | Checkpoint saved successfully!

2026-08-15 17:45:42 | Deleted old checkpoint: ./checkpoints\step_10865
2026-08-15 17:45:46 | Step 10880/12000 | Loss: 2.1400 | LR: 1.268102e-05
2026-08-15 17:45:47 |   >> Validation Loss: 2.1302
2026-08-15 17:45:48 |   --> Seen Generation @ step 10880:
Input: Translate to Vietnamese: The bird call the chicken to ask for dinner.
Output: Con chim gọi cho người ăn tối.
--------------------------------------------------
2026-08-15 17:45:48 | Saving checkpoint to ./checkpoints\step_10880...
2026-08-15 17:45:48 | Checkpoint saved successfully!

2026-08-15 17:45:48 | Deleted old checkpoint: ./checkpoints\step_10870
2026-08-15 17:45:52 | Step 10885/12000 | Loss: 2.1439 | LR: 1.256901e-05
2026-08-15 17:45:53 |   >> Validation Loss: 2.1302
2026-08-15 17:45:53 |   --> Seen Generation @ step 10885:
Input: Translate to Vietnamese: The bird call the chicken to ask for dinner.
Output: Con chim gọi cho người ăn tối.
--------------------------------------------------
2026-08-15 17:45:53 | Saving checkpoint to ./checkpoints\step_10885...
2026-08-15 17:45:53 | Checkpoint saved successfully!

2026-08-15 17:45:53 | Deleted old checkpoint: ./checkpoints\step_10875
2026-08-15 17:45:57 | Step 10890/12000 | Loss: 2.1456 | LR: 1.245748e-05
2026-08-15 17:45:58 |   >> Validation Loss: 2.1302
2026-08-15 17:45:58 |   --> Seen Generation @ step 10890:
Input: Translate to Vietnamese: The bird call the chicken to ask for dinner.
Output: Con chim gọi cho người ăn tối.
--------------------------------------------------
2026-08-15 17:45:58 | Saving checkpoint to ./checkpoints\step_10890...
2026-08-15 17:45:58 | Checkpoint saved successfully!

2026-08-15 17:45:58 | Deleted old checkpoint: ./checkpoints\step_10880
2026-08-15 17:46:02 | Step 10895/12000 | Loss: 2.1359 | LR: 1.234643e-05
2026-08-15 17:46:03 |   >> Validation Loss: 2.1301
2026-08-15 17:46:03 |   --> Seen Generation @ step 10895:
Input: Translate to Vietnamese: The bird call the chicken to ask for dinner.
Output: Con chim gọi cho người ăn tối.
--------------------------------------------------
2026-08-15 17:46:03 | Saving checkpoint to ./checkpoints\step_10895...
2026-08-15 17:46:03 | Checkpoint saved successfully!

2026-08-15 17:46:03 | Deleted old checkpoint: ./checkpoints\step_10885
2026-08-15 17:46:07 | Step 10900/12000 | Loss: 2.1438 | LR: 1.223587e-05
2026-08-15 17:46:08 |   >> Validation Loss: 2.1301
2026-08-15 17:46:08 |   --> Seen Generation @ step 10900:
Input: Translate to Vietnamese: The bird call the chicken to ask for dinner.
Output: Con chim gọi cho người ăn tối.
--------------------------------------------------
2026-08-15 17:46:08 | Saving checkpoint to ./checkpoints\step_10900...
2026-08-15 17:46:08 | Checkpoint saved successfully!

2026-08-15 17:46:08 | Deleted old checkpoint: ./checkpoints\step_10890
2026-08-15 17:46:12 | Step 10905/12000 | Loss: 2.1393 | LR: 1.212579e-05
2026-08-15 17:46:13 |   >> Validation Loss: 2.1300
2026-08-15 17:46:13 |   --> Seen Generation @ step 10905:
Input: Translate to Vietnamese: The bird call the chicken to ask for dinner.
Output: Con chim gọi cho người ăn tối.
--------------------------------------------------
2026-08-15 17:46:13 | Saving checkpoint to ./checkpoints\step_10905...
2026-08-15 17:46:14 | Checkpoint saved successfully!

2026-08-15 17:46:14 | Deleted old checkpoint: ./checkpoints\step_10895
2026-08-15 17:46:18 | Step 10910/12000 | Loss: 2.1746 | LR: 1.201620e-05
2026-08-15 17:46:19 |   >> Validation Loss: 2.1300
2026-08-15 17:46:19 |   --> Seen Generation @ step 10910:
Input: Translate to Vietnamese: The bird call the chicken to ask for dinner.
Output: Con chim gọi cho người ăn tối.
--------------------------------------------------
2026-08-15 17:46:19 | Saving checkpoint to ./checkpoints\step_10910...
2026-08-15 17:46:19 | Checkpoint saved successfully!

2026-08-15 17:46:19 | Deleted old checkpoint: ./checkpoints\step_10900
2026-08-15 17:46:23 | Step 10915/12000 | Loss: 2.1415 | LR: 1.190710e-05
2026-08-15 17:46:24 |   >> Validation Loss: 2.1300
2026-08-15 17:46:24 |   --> Seen Generation @ step 10915:
Input: Translate to Vietnamese: The bird call the chicken to ask for dinner.
Output: Con chim gọi cho người ăn tối.
--------------------------------------------------
2026-08-15 17:46:24 | Saving checkpoint to ./checkpoints\step_10915...
2026-08-15 17:46:24 | Checkpoint saved successfully!

2026-08-15 17:46:24 | Deleted old checkpoint: ./checkpoints\step_10905
2026-08-15 17:46:28 | Step 10920/12000 | Loss: 2.1606 | LR: 1.179848e-05
2026-08-15 17:46:29 |   >> Validation Loss: 2.1300
2026-08-15 17:46:29 |   --> Seen Generation @ step 10920:
Input: Translate to Vietnamese: The bird call the chicken to ask for dinner.
Output: Con chim gọi cho người ăn tối.
--------------------------------------------------
2026-08-15 17:46:29 | Saving checkpoint to ./checkpoints\step_10920...
2026-08-15 17:46:30 | Checkpoint saved successfully!

2026-08-15 17:46:30 | Deleted old checkpoint: ./checkpoints\step_10910
2026-08-15 17:46:34 | Step 10925/12000 | Loss: 2.1434 | LR: 1.169034e-05
2026-08-15 17:46:35 |   >> Validation Loss: 2.1300
2026-08-15 17:46:35 |   --> Seen Generation @ step 10925:
Input: Translate to Vietnamese: The bird call the chicken to ask for dinner.
Output: Con chim gọi cho người ăn tối.
--------------------------------------------------
2026-08-15 17:46:35 | Saving checkpoint to ./checkpoints\step_10925...
2026-08-15 17:46:35 | Checkpoint saved successfully!

2026-08-15 17:46:35 | Deleted old checkpoint: ./checkpoints\step_10915
2026-08-15 17:46:39 | Step 10930/12000 | Loss: 2.1059 | LR: 1.158269e-05
2026-08-15 17:46:40 |   >> Validation Loss: 2.1301
2026-08-15 17:46:40 |   --> Seen Generation @ step 10930:
Input: Translate to Vietnamese: The bird call the chicken to ask for dinner.
Output: Con chim gọi cho người ăn tối.
--------------------------------------------------
2026-08-15 17:46:40 | Saving checkpoint to ./checkpoints\step_10930...
2026-08-15 17:46:40 | Checkpoint saved successfully!

2026-08-15 17:46:40 | Deleted old checkpoint: ./checkpoints\step_10920
2026-08-15 17:46:44 | Step 10935/12000 | Loss: 2.1580 | LR: 1.147553e-05
2026-08-15 17:46:45 |   >> Validation Loss: 2.1301
2026-08-15 17:46:45 |   --> Seen Generation @ step 10935:
Input: Translate to Vietnamese: The bird call the chicken to ask for dinner.
Output: Con chim gọi cho người ăn tối.
--------------------------------------------------
2026-08-15 17:46:45 | Saving checkpoint to ./checkpoints\step_10935...
2026-08-15 17:46:45 | Checkpoint saved successfully!

2026-08-15 17:46:45 | Deleted old checkpoint: ./checkpoints\step_10925
2026-08-15 17:46:49 | Step 10940/12000 | Loss: 2.1576 | LR: 1.136885e-05
2026-08-15 17:46:50 |   >> Validation Loss: 2.1298
2026-08-15 17:46:50 |   --> Seen Generation @ step 10940:
Input: Translate to Vietnamese: The bird call the chicken to ask for dinner.
Output: Con chim gọi cho người ăn tối.
--------------------------------------------------
2026-08-15 17:46:50 | Saving checkpoint to ./checkpoints\step_10940...
2026-08-15 17:46:50 | Checkpoint saved successfully!

2026-08-15 17:46:50 | Deleted old checkpoint: ./checkpoints\step_10930
2026-08-15 17:46:54 | Step 10945/12000 | Loss: 2.1570 | LR: 1.126266e-05
2026-08-15 17:46:55 |   >> Validation Loss: 2.1297
2026-08-15 17:46:55 |   --> Seen Generation @ step 10945:
Input: Translate to Vietnamese: The bird call the chicken to ask for dinner.
Output: Con chim gọi cho người ăn tối.
--------------------------------------------------
2026-08-15 17:46:55 | Saving checkpoint to ./checkpoints\step_10945...
2026-08-15 17:46:55 | Checkpoint saved successfully!

2026-08-15 17:46:55 | Deleted old checkpoint: ./checkpoints\step_10935
2026-08-15 17:46:59 | Step 10950/12000 | Loss: 2.1313 | LR: 1.115696e-05
2026-08-15 17:47:00 |   >> Validation Loss: 2.1297
2026-08-15 17:47:00 |   --> Seen Generation @ step 10950:
Input: Translate to Vietnamese: The bird call the chicken to ask for dinner.
Output: Con chim gọi cho người ăn tối.
--------------------------------------------------
2026-08-15 17:47:00 | Saving checkpoint to ./checkpoints\step_10950...
2026-08-15 17:47:01 | Checkpoint saved successfully!

2026-08-15 17:47:01 | Deleted old checkpoint: ./checkpoints\step_10940
2026-08-15 17:47:05 | Step 10955/12000 | Loss: 2.1091 | LR: 1.105175e-05
2026-08-15 17:47:06 |   >> Validation Loss: 2.1297
2026-08-15 17:47:06 |   --> Seen Generation @ step 10955:
Input: Translate to Vietnamese: The bird call the chicken to ask for dinner.
Output: Con chim gọi cho người ăn tối.
--------------------------------------------------
2026-08-15 17:47:06 | Saving checkpoint to ./checkpoints\step_10955...
2026-08-15 17:47:06 | Checkpoint saved successfully!

2026-08-15 17:47:06 | Deleted old checkpoint: ./checkpoints\step_10945
2026-08-15 17:47:10 | Step 10960/12000 | Loss: 2.1305 | LR: 1.094702e-05
2026-08-15 17:47:11 |   >> Validation Loss: 2.1298
2026-08-15 17:47:11 |   --> Seen Generation @ step 10960:
Input: Translate to Vietnamese: The bird call the chicken to ask for dinner.
Output: Con chim gọi cho người ăn tối.
--------------------------------------------------
2026-08-15 17:47:11 | Saving checkpoint to ./checkpoints\step_10960...
2026-08-15 17:47:11 | Checkpoint saved successfully!

2026-08-15 17:47:11 | Deleted old checkpoint: ./checkpoints\step_10950
2026-08-15 17:47:15 | Step 10965/12000 | Loss: 2.1841 | LR: 1.084278e-05
2026-08-15 17:47:16 |   >> Validation Loss: 2.1298
2026-08-15 17:47:16 |   --> Seen Generation @ step 10965:
Input: Translate to Vietnamese: The bird call the chicken to ask for dinner.
Output: Con chim gọi cho người ăn tối.
--------------------------------------------------
2026-08-15 17:47:16 | Saving checkpoint to ./checkpoints\step_10965...
2026-08-15 17:47:16 | Checkpoint saved successfully!

2026-08-15 17:47:16 | Deleted old checkpoint: ./checkpoints\step_10955
2026-08-15 17:47:20 | Step 10970/12000 | Loss: 2.1247 | LR: 1.073902e-05
2026-08-15 17:47:22 |   >> Validation Loss: 2.1296
2026-08-15 17:47:22 |   --> Seen Generation @ step 10970:
Input: Translate to Vietnamese: The bird call the chicken to ask for dinner.
Output: Con chim gọi cho người ăn tối.
--------------------------------------------------
2026-08-15 17:47:22 | Saving checkpoint to ./checkpoints\step_10970...
2026-08-15 17:47:22 | Checkpoint saved successfully!

2026-08-15 17:47:22 | Deleted old checkpoint: ./checkpoints\step_10960
2026-08-15 17:47:26 | Step 10975/12000 | Loss: 2.1678 | LR: 1.063576e-05
2026-08-15 17:47:27 |   >> Validation Loss: 2.1296
2026-08-15 17:47:27 |   --> Seen Generation @ step 10975:
Input: Translate to Vietnamese: The bird call the chicken to ask for dinner.
Output: Con chim gọi cho người ăn tối.
--------------------------------------------------
2026-08-15 17:47:27 | Saving checkpoint to ./checkpoints\step_10975...
2026-08-15 17:47:27 | Checkpoint saved successfully!

2026-08-15 17:47:27 | Deleted old checkpoint: ./checkpoints\step_10965
2026-08-15 17:47:31 | Step 10980/12000 | Loss: 2.1249 | LR: 1.053298e-05
2026-08-15 17:47:32 |   >> Validation Loss: 2.1295
2026-08-15 17:47:32 |   --> Seen Generation @ step 10980:
Input: Translate to Vietnamese: The bird call the chicken to ask for dinner.
Output: Con chim gọi cho người ăn tối.
--------------------------------------------------
2026-08-15 17:47:32 | Saving checkpoint to ./checkpoints\step_10980...
2026-08-15 17:47:32 | Checkpoint saved successfully!

2026-08-15 17:47:32 | Deleted old checkpoint: ./checkpoints\step_10970
2026-08-15 17:47:37 | Step 10985/12000 | Loss: 2.1295 | LR: 1.043069e-05
2026-08-15 17:47:38 |   >> Validation Loss: 2.1295
2026-08-15 17:47:38 |   --> Seen Generation @ step 10985:
Input: Translate to Vietnamese: The bird call the chicken to ask for dinner.
Output: Con chim gọi cho người ăn tối.
--------------------------------------------------
2026-08-15 17:47:38 | Saving checkpoint to ./checkpoints\step_10985...
2026-08-15 17:47:38 | Checkpoint saved successfully!

2026-08-15 17:47:38 | Deleted old checkpoint: ./checkpoints\step_10975
2026-08-15 17:47:42 | Step 10990/12000 | Loss: 2.1565 | LR: 1.032889e-05
2026-08-15 17:47:43 |   >> Validation Loss: 2.1296
2026-08-15 17:47:43 |   --> Seen Generation @ step 10990:
Input: Translate to Vietnamese: The bird call the chicken to ask for dinner.
Output: Con chim gọi cho người ăn tối.
--------------------------------------------------
2026-08-15 17:47:43 | Saving checkpoint to ./checkpoints\step_10990...
2026-08-15 17:47:43 | Checkpoint saved successfully!

2026-08-15 17:47:43 | Deleted old checkpoint: ./checkpoints\step_10980
2026-08-15 17:47:47 | Step 10995/12000 | Loss: 2.1592 | LR: 1.022758e-05
2026-08-15 17:47:48 |   >> Validation Loss: 2.1296
2026-08-15 17:47:48 |   --> Seen Generation @ step 10995:
Input: Translate to Vietnamese: The bird call the chicken to ask for dinner.
Output: Con chim gọi cho người ăn tối.
--------------------------------------------------
2026-08-15 17:47:48 | Saving checkpoint to ./checkpoints\step_10995...
2026-08-15 17:47:48 | Checkpoint saved successfully!

2026-08-15 17:47:48 | Deleted old checkpoint: ./checkpoints\step_10985
2026-08-15 17:47:52 | Step 11000/12000 | Loss: 2.1593 | LR: 1.012676e-05
2026-08-15 17:47:53 |   >> Validation Loss: 2.1296
2026-08-15 17:47:53 |   --> Seen Generation @ step 11000:
Input: Translate to Vietnamese: The bird call the chicken to ask for dinner.
Output: Con chim gọi cho người ăn tối.
--------------------------------------------------
2026-08-15 17:47:53 | Saving checkpoint to ./checkpoints\step_11000...
2026-08-15 17:47:53 | Checkpoint saved successfully!

2026-08-15 17:47:53 | Deleted old checkpoint: ./checkpoints\step_10990
2026-08-15 17:47:58 | Step 11005/12000 | Loss: 2.1288 | LR: 1.002642e-05
2026-08-15 17:47:59 |   >> Validation Loss: 2.1296
2026-08-15 17:47:59 |   --> Seen Generation @ step 11005:
Input: Translate to Vietnamese: The bird call the chicken to ask for dinner.
Output: Con chim gọi cho người ăn tối.
--------------------------------------------------
2026-08-15 17:47:59 | Saving checkpoint to ./checkpoints\step_11005...
2026-08-15 17:47:59 | Checkpoint saved successfully!

2026-08-15 17:47:59 | Deleted old checkpoint: ./checkpoints\step_10995
2026-08-15 17:48:03 | Step 11010/12000 | Loss: 2.0937 | LR: 9.926579e-06
2026-08-15 17:48:04 |   >> Validation Loss: 2.1295
2026-08-15 17:48:04 |   --> Seen Generation @ step 11010:
Input: Translate to Vietnamese: The bird call the chicken to ask for dinner.
Output: Con chim gọi cho người ăn tối.
--------------------------------------------------
2026-08-15 17:48:04 | Saving checkpoint to ./checkpoints\step_11010...
2026-08-15 17:48:04 | Checkpoint saved successfully!

2026-08-15 17:48:04 | Deleted old checkpoint: ./checkpoints\step_11000
2026-08-15 17:48:08 | Step 11015/12000 | Loss: 2.1394 | LR: 9.827224e-06
2026-08-15 17:48:09 |   >> Validation Loss: 2.1294
2026-08-15 17:48:09 |   --> Seen Generation @ step 11015:
Input: Translate to Vietnamese: The bird call the chicken to ask for dinner.
Output: Con chim gọi cho người ăn tối.
--------------------------------------------------
2026-08-15 17:48:09 | Saving checkpoint to ./checkpoints\step_11015...
2026-08-15 17:48:09 | Checkpoint saved successfully!

2026-08-15 17:48:09 | Deleted old checkpoint: ./checkpoints\step_11005
2026-08-15 17:48:13 | Step 11020/12000 | Loss: 2.1439 | LR: 9.728359e-06
2026-08-15 17:48:14 |   >> Validation Loss: 2.1294
2026-08-15 17:48:14 |   --> Seen Generation @ step 11020:
Input: Translate to Vietnamese: The bird call the chicken to ask for dinner.
Output: Con chim gọi cho người ăn tối.
--------------------------------------------------
2026-08-15 17:48:14 | Saving checkpoint to ./checkpoints\step_11020...
2026-08-15 17:48:14 | Checkpoint saved successfully!

2026-08-15 17:48:14 | Deleted old checkpoint: ./checkpoints\step_11010
2026-08-15 17:48:19 | Step 11025/12000 | Loss: 2.1791 | LR: 9.629984e-06
2026-08-15 17:48:20 |   >> Validation Loss: 2.1293
2026-08-15 17:48:20 |   --> Seen Generation @ step 11025:
Input: Translate to Vietnamese: The bird call the chicken to ask for dinner.
Output: Con chim gọi cho người ăn tối.
--------------------------------------------------
2026-08-15 17:48:20 | Saving checkpoint to ./checkpoints\step_11025...
2026-08-15 17:48:20 | Checkpoint saved successfully!

2026-08-15 17:48:20 | Deleted old checkpoint: ./checkpoints\step_11015
2026-08-15 17:48:24 | Step 11030/12000 | Loss: 2.1693 | LR: 9.532099e-06
2026-08-15 17:48:25 |   >> Validation Loss: 2.1293
2026-08-15 17:48:25 |   --> Seen Generation @ step 11030:
Input: Translate to Vietnamese: The bird call the chicken to ask for dinner.
Output: Con chim gọi cho người ăn tối.
--------------------------------------------------
2026-08-15 17:48:25 | Saving checkpoint to ./checkpoints\step_11030...
2026-08-15 17:48:25 | Checkpoint saved successfully!

2026-08-15 17:48:25 | Deleted old checkpoint: ./checkpoints\step_11020
2026-08-15 17:48:29 | Step 11035/12000 | Loss: 2.1022 | LR: 9.434704e-06
2026-08-15 17:48:30 |   >> Validation Loss: 2.1293
2026-08-15 17:48:30 |   --> Seen Generation @ step 11035:
Input: Translate to Vietnamese: The bird call the chicken to ask for dinner.
Output: Con chim gọi cho người ăn tối.
--------------------------------------------------
2026-08-15 17:48:30 | Saving checkpoint to ./checkpoints\step_11035...
2026-08-15 17:48:30 | Checkpoint saved successfully!

2026-08-15 17:48:30 | Deleted old checkpoint: ./checkpoints\step_11025
2026-08-15 17:48:34 | Step 11040/12000 | Loss: 2.1246 | LR: 9.337800e-06
2026-08-15 17:48:35 |   >> Validation Loss: 2.1294
2026-08-15 17:48:35 |   --> Seen Generation @ step 11040:
Input: Translate to Vietnamese: The bird call the chicken to ask for dinner.
Output: Con chim gọi cho người ăn tối.
--------------------------------------------------
2026-08-15 17:48:35 | Saving checkpoint to ./checkpoints\step_11040...
2026-08-15 17:48:35 | Checkpoint saved successfully!

2026-08-15 17:48:35 | Deleted old checkpoint: ./checkpoints\step_11030
2026-08-15 17:48:39 | Step 11045/12000 | Loss: 2.1801 | LR: 9.241387e-06
2026-08-15 17:48:41 |   >> Validation Loss: 2.1295
2026-08-15 17:48:41 |   --> Seen Generation @ step 11045:
Input: Translate to Vietnamese: The bird call the chicken to ask for dinner.
Output: Con chim gọi cho người ăn tối.
--------------------------------------------------
2026-08-15 17:48:41 | Saving checkpoint to ./checkpoints\step_11045...
2026-08-15 17:48:41 | Checkpoint saved successfully!

2026-08-15 17:48:41 | Deleted old checkpoint: ./checkpoints\step_11035
2026-08-15 17:48:45 | Step 11050/12000 | Loss: 2.1800 | LR: 9.145465e-06
2026-08-15 17:48:46 |   >> Validation Loss: 2.1295
2026-08-15 17:48:46 |   --> Seen Generation @ step 11050:
Input: Translate to Vietnamese: The bird call the chicken to ask for dinner.
Output: Con chim gọi cho người ăn tối.
--------------------------------------------------
2026-08-15 17:48:46 | Saving checkpoint to ./checkpoints\step_11050...
2026-08-15 17:48:46 | Checkpoint saved successfully!

2026-08-15 17:48:46 | Deleted old checkpoint: ./checkpoints\step_11040
2026-08-15 17:48:50 | Step 11055/12000 | Loss: 2.1890 | LR: 9.050033e-06
2026-08-15 17:48:51 |   >> Validation Loss: 2.1294
2026-08-15 17:48:51 |   --> Seen Generation @ step 11055:
Input: Translate to Vietnamese: The bird call the chicken to ask for dinner.
Output: Con chim gọi cho người ăn tối.
--------------------------------------------------
2026-08-15 17:48:51 | Saving checkpoint to ./checkpoints\step_11055...
2026-08-15 17:48:51 | Checkpoint saved successfully!

2026-08-15 17:48:51 | Deleted old checkpoint: ./checkpoints\step_11045
2026-08-15 17:48:55 | Step 11060/12000 | Loss: 2.1800 | LR: 8.955094e-06
2026-08-15 17:48:56 |   >> Validation Loss: 2.1293
2026-08-15 17:48:56 |   --> Seen Generation @ step 11060:
Input: Translate to Vietnamese: The bird call the chicken to ask for dinner.
Output: Con chim gọi cho người ăn tối.
--------------------------------------------------
2026-08-15 17:48:56 | Saving checkpoint to ./checkpoints\step_11060...
2026-08-15 17:48:56 | Checkpoint saved successfully!

2026-08-15 17:48:56 | Deleted old checkpoint: ./checkpoints\step_11050
2026-08-15 17:49:00 | Step 11065/12000 | Loss: 2.1437 | LR: 8.860645e-06
2026-08-15 17:49:01 |   >> Validation Loss: 2.1292
2026-08-15 17:49:01 |   --> Seen Generation @ step 11065:
Input: Translate to Vietnamese: The bird call the chicken to ask for dinner.
Output: Con chim gọi cho người ăn tối.
--------------------------------------------------
2026-08-15 17:49:01 | Saving checkpoint to ./checkpoints\step_11065...
2026-08-15 17:49:01 | Checkpoint saved successfully!

2026-08-15 17:49:02 | Deleted old checkpoint: ./checkpoints\step_11055
2026-08-15 17:49:06 | Step 11070/12000 | Loss: 2.0941 | LR: 8.766689e-06
2026-08-15 17:49:07 |   >> Validation Loss: 2.1292
2026-08-15 17:49:07 |   --> Seen Generation @ step 11070:
Input: Translate to Vietnamese: The bird call the chicken to ask for dinner.
Output: Con chim gọi cho người ăn tối.
--------------------------------------------------
2026-08-15 17:49:07 | Saving checkpoint to ./checkpoints\step_11070...
2026-08-15 17:49:07 | Checkpoint saved successfully!

2026-08-15 17:49:07 | Deleted old checkpoint: ./checkpoints\step_11060
2026-08-15 17:49:11 | Step 11075/12000 | Loss: 2.1356 | LR: 8.673224e-06
2026-08-15 17:49:12 |   >> Validation Loss: 2.1292
2026-08-15 17:49:12 |   --> Seen Generation @ step 11075:
Input: Translate to Vietnamese: The bird call the chicken to ask for dinner.
Output: Con chim gọi cho người ăn tối.
--------------------------------------------------
2026-08-15 17:49:12 | Saving checkpoint to ./checkpoints\step_11075...
2026-08-15 17:49:12 | Checkpoint saved successfully!

2026-08-15 17:49:12 | Deleted old checkpoint: ./checkpoints\step_11065
2026-08-15 17:49:16 | Step 11080/12000 | Loss: 2.1146 | LR: 8.580252e-06
2026-08-15 17:49:17 |   >> Validation Loss: 2.1292
2026-08-15 17:49:17 |   --> Seen Generation @ step 11080:
Input: Translate to Vietnamese: The bird call the chicken to ask for dinner.
Output: Con chim gọi cho người ăn tối.
--------------------------------------------------
2026-08-15 17:49:17 | Saving checkpoint to ./checkpoints\step_11080...
2026-08-15 17:49:17 | Checkpoint saved successfully!

2026-08-15 17:49:17 | Deleted old checkpoint: ./checkpoints\step_11070
2026-08-15 17:49:21 | Step 11085/12000 | Loss: 2.1458 | LR: 8.487771e-06
2026-08-15 17:49:22 |   >> Validation Loss: 2.1293
2026-08-15 17:49:22 |   --> Seen Generation @ step 11085:
Input: Translate to Vietnamese: The bird call the chicken to ask for dinner.
Output: Con chim gọi cho người ăn tối.
--------------------------------------------------
2026-08-15 17:49:22 | Saving checkpoint to ./checkpoints\step_11085...
2026-08-15 17:49:22 | Checkpoint saved successfully!

2026-08-15 17:49:22 | Deleted old checkpoint: ./checkpoints\step_11075
2026-08-15 17:49:26 | Step 11090/12000 | Loss: 2.1236 | LR: 8.395784e-06
2026-08-15 17:49:28 |   >> Validation Loss: 2.1292
2026-08-15 17:49:28 |   --> Seen Generation @ step 11090:
Input: Translate to Vietnamese: The bird call the chicken to ask for dinner.
Output: Con chim gọi cho người ăn tối.
--------------------------------------------------
2026-08-15 17:49:28 | Saving checkpoint to ./checkpoints\step_11090...
2026-08-15 17:49:28 | Checkpoint saved successfully!

2026-08-15 17:49:28 | Deleted old checkpoint: ./checkpoints\step_11080
2026-08-15 17:49:32 | Step 11095/12000 | Loss: 2.0942 | LR: 8.304289e-06
2026-08-15 17:49:33 |   >> Validation Loss: 2.1290
2026-08-15 17:49:33 |   --> Seen Generation @ step 11095:
Input: Translate to Vietnamese: The bird call the chicken to ask for dinner.
Output: Con chim gọi cho người ăn tối.
--------------------------------------------------
2026-08-15 17:49:33 | Saving checkpoint to ./checkpoints\step_11095...
2026-08-15 17:49:33 | Checkpoint saved successfully!

2026-08-15 17:49:33 | Deleted old checkpoint: ./checkpoints\step_11085
2026-08-15 17:49:37 | Step 11100/12000 | Loss: 2.1326 | LR: 8.213286e-06
2026-08-15 17:49:38 |   >> Validation Loss: 2.1289
2026-08-15 17:49:38 |   --> Seen Generation @ step 11100:
Input: Translate to Vietnamese: The bird call the chicken to ask for dinner.
Output: Con chim gọi cho người ăn tối.
--------------------------------------------------
2026-08-15 17:49:38 | Saving checkpoint to ./checkpoints\step_11100...
2026-08-15 17:49:38 | Checkpoint saved successfully!

2026-08-15 17:49:38 | Deleted old checkpoint: ./checkpoints\step_11090
2026-08-15 17:49:43 | Step 11105/12000 | Loss: 2.1730 | LR: 8.122777e-06
2026-08-15 17:49:44 |   >> Validation Loss: 2.1289
2026-08-15 17:49:44 |   --> Seen Generation @ step 11105:
Input: Translate to Vietnamese: The bird call the chicken to ask for dinner.
Output: Con chim gọi cho người ăn tối.
--------------------------------------------------
2026-08-15 17:49:44 | Saving checkpoint to ./checkpoints\step_11105...
2026-08-15 17:49:44 | Checkpoint saved successfully!

2026-08-15 17:49:44 | Deleted old checkpoint: ./checkpoints\step_11095
2026-08-15 17:49:48 | Step 11110/12000 | Loss: 2.1329 | LR: 8.032761e-06
2026-08-15 17:49:49 |   >> Validation Loss: 2.1289
2026-08-15 17:49:49 |   --> Seen Generation @ step 11110:
Input: Translate to Vietnamese: The bird call the chicken to ask for dinner.
Output: Con chim gọi cho người ăn tối.
--------------------------------------------------
2026-08-15 17:49:49 | Saving checkpoint to ./checkpoints\step_11110...
2026-08-15 17:49:49 | Checkpoint saved successfully!

2026-08-15 17:49:49 | Deleted old checkpoint: ./checkpoints\step_11100
2026-08-15 17:49:53 | Step 11115/12000 | Loss: 2.1418 | LR: 7.943239e-06
2026-08-15 17:49:54 |   >> Validation Loss: 2.1289
2026-08-15 17:49:54 |   --> Seen Generation @ step 11115:
Input: Translate to Vietnamese: The bird call the chicken to ask for dinner.
Output: Con chim gọi cho người ăn tối.
--------------------------------------------------
2026-08-15 17:49:54 | Saving checkpoint to ./checkpoints\step_11115...
2026-08-15 17:49:54 | Checkpoint saved successfully!

2026-08-15 17:49:54 | Deleted old checkpoint: ./checkpoints\step_11105
2026-08-15 17:49:59 | Step 11120/12000 | Loss: 2.1603 | LR: 7.854210e-06
2026-08-15 17:50:00 |   >> Validation Loss: 2.1289
2026-08-15 17:50:00 |   --> Seen Generation @ step 11120:
Input: Translate to Vietnamese: The bird call the chicken to ask for dinner.
Output: Con chim gọi cho người ăn tối.
--------------------------------------------------
2026-08-15 17:50:00 | Saving checkpoint to ./checkpoints\step_11120...
2026-08-15 17:50:00 | Checkpoint saved successfully!

2026-08-15 17:50:00 | Deleted old checkpoint: ./checkpoints\step_11110
2026-08-15 17:50:04 | Step 11125/12000 | Loss: 2.1375 | LR: 7.765675e-06
2026-08-15 17:50:05 |   >> Validation Loss: 2.1289
2026-08-15 17:50:05 |   --> Seen Generation @ step 11125:
Input: Translate to Vietnamese: The bird call the chicken to ask for dinner.
Output: Con chim gọi cho người ăn tối.
--------------------------------------------------
2026-08-15 17:50:05 | Saving checkpoint to ./checkpoints\step_11125...
2026-08-15 17:50:05 | Checkpoint saved successfully!

2026-08-15 17:50:05 | Deleted old checkpoint: ./checkpoints\step_11115
