2026-08-15 10:57:48 | === Training session started ===
2026-08-15 10:57:48 | Full schedule: warmup=1000, total=12000, currently at step=5150 (42.9% through decay)
2026-08-15 10:57:55 | Step 5155/10150 | Loss: 2.3464 | LR: 3.436884e-04
2026-08-15 10:57:59 |   >> Validation Loss: 2.3094
2026-08-15 10:57:59 |   --> Seen Generation @ step 5155:
Input: Translate to Vietnamese: Sorry, that question's not on here.
Output: Xin lỗi, câu hỏi đó không phải ở đây.
--------------------------------------------------
2026-08-15 10:57:59 | Saving checkpoint to ./checkpoints\step_5155...
2026-08-15 10:57:59 | Checkpoint saved successfully!

2026-08-15 10:57:59 | Deleted old checkpoint: ./checkpoints\step_5145
2026-08-15 10:58:06 | Step 5160/10150 | Loss: 2.3408 | LR: 3.433573e-04
2026-08-15 10:58:10 |   >> Validation Loss: 2.3099
2026-08-15 10:58:10 |   --> Seen Generation @ step 5160:
Input: Translate to Vietnamese: Sorry, that question's not on here.
Output: Xin lỗi, câu hỏi đó không phải ở đây.
--------------------------------------------------
2026-08-15 10:58:10 | Saving checkpoint to ./checkpoints\step_5160...
2026-08-15 10:58:10 | Checkpoint saved successfully!

2026-08-15 10:58:10 | Deleted old checkpoint: ./checkpoints\step_5150
2026-08-15 10:58:17 | Step 5165/10150 | Loss: 2.3878 | LR: 3.430261e-04
2026-08-15 10:58:20 |   >> Validation Loss: 2.3097
2026-08-15 10:58:21 |   --> Seen Generation @ step 5165:
Input: Translate to Vietnamese: Sorry, that question's not on here.
Output: Xin lỗi, câu hỏi đó không phải ở đây.
--------------------------------------------------
2026-08-15 10:58:21 | Saving checkpoint to ./checkpoints\step_5165...
2026-08-15 10:58:21 | Checkpoint saved successfully!

2026-08-15 10:58:21 | Deleted old checkpoint: ./checkpoints\step_5155
2026-08-15 10:58:28 | Step 5170/10150 | Loss: 2.3348 | LR: 3.426946e-04
2026-08-15 10:58:31 |   >> Validation Loss: 2.3088
2026-08-15 10:58:31 |   --> Seen Generation @ step 5170:
Input: Translate to Vietnamese: Sorry, that question's not on here.
Output: Xin lỗi, câu hỏi đó không phải ở đây.
--------------------------------------------------
2026-08-15 10:58:31 | Saving checkpoint to ./checkpoints\step_5170...
2026-08-15 10:58:31 | Checkpoint saved successfully!

2026-08-15 10:58:31 | Deleted old checkpoint: ./checkpoints\step_5160
2026-08-15 10:58:39 | Step 5175/10150 | Loss: 2.3854 | LR: 3.423630e-04
2026-08-15 10:58:42 |   >> Validation Loss: 2.3077
2026-08-15 10:58:42 |   --> Seen Generation @ step 5175:
Input: Translate to Vietnamese: Sorry, that question's not on here.
Output: Xin lỗi, câu hỏi đó không phải ở đây.
--------------------------------------------------
2026-08-15 10:58:42 | Saving checkpoint to ./checkpoints\step_5175...
2026-08-15 10:58:42 | Checkpoint saved successfully!

2026-08-15 10:58:42 | Deleted old checkpoint: ./checkpoints\step_5165
2026-08-15 10:58:50 | Step 5180/10150 | Loss: 2.3467 | LR: 3.420311e-04
2026-08-15 10:58:53 |   >> Validation Loss: 2.3072
2026-08-15 10:58:53 |   --> Seen Generation @ step 5180:
Input: Translate to Vietnamese: Sorry, that question's not on here.
Output: Xin lỗi, câu hỏi đó không phải ở đây.
--------------------------------------------------
2026-08-15 10:58:53 | Saving checkpoint to ./checkpoints\step_5180...
2026-08-15 10:58:53 | Checkpoint saved successfully!

2026-08-15 10:58:53 | Deleted old checkpoint: ./checkpoints\step_5170
2026-08-15 10:59:00 | Step 5185/10150 | Loss: 2.3580 | LR: 3.416991e-04
2026-08-15 10:59:04 |   >> Validation Loss: 2.3080
2026-08-15 10:59:04 |   --> Seen Generation @ step 5185:
Input: Translate to Vietnamese: Sorry, that question's not on here.
Output: Xin lỗi, câu hỏi đó không phải ở đây.
--------------------------------------------------
2026-08-15 10:59:04 | Saving checkpoint to ./checkpoints\step_5185...
2026-08-15 10:59:04 | Checkpoint saved successfully!

2026-08-15 10:59:04 | Deleted old checkpoint: ./checkpoints\step_5175
2026-08-15 10:59:11 | Step 5190/10150 | Loss: 2.2556 | LR: 3.413669e-04
2026-08-15 10:59:15 |   >> Validation Loss: 2.3099
2026-08-15 10:59:15 |   --> Seen Generation @ step 5190:
Input: Translate to Vietnamese: Sorry, that question's not on here.
Output: Xin lỗi, câu hỏi đó không phải ở đây.
--------------------------------------------------
2026-08-15 10:59:15 | Saving checkpoint to ./checkpoints\step_5190...
2026-08-15 10:59:15 | Checkpoint saved successfully!

2026-08-15 10:59:15 | Deleted old checkpoint: ./checkpoints\step_5180
2026-08-15 10:59:22 | Step 5195/10150 | Loss: 2.3043 | LR: 3.410345e-04
2026-08-15 10:59:26 |   >> Validation Loss: 2.3061
2026-08-15 10:59:26 |   --> Seen Generation @ step 5195:
Input: Translate to Vietnamese: Sorry, that question's not on here.
Output: Xin lỗi, câu hỏi đó không phải ở đây.
--------------------------------------------------
2026-08-15 10:59:26 | Saving checkpoint to ./checkpoints\step_5195...
2026-08-15 10:59:26 | Checkpoint saved successfully!

2026-08-15 10:59:26 | Deleted old checkpoint: ./checkpoints\step_5185
2026-08-15 10:59:33 | Step 5200/10150 | Loss: 2.2960 | LR: 3.407019e-04
2026-08-15 10:59:36 |   >> Validation Loss: 2.3059
2026-08-15 10:59:36 |   --> Seen Generation @ step 5200:
Input: Translate to Vietnamese: Sorry, that question's not on here.
Output: Xin lỗi, câu hỏi đó không phải ở đây.
--------------------------------------------------
2026-08-15 10:59:36 | Saving checkpoint to ./checkpoints\step_5200...
2026-08-15 10:59:37 | Checkpoint saved successfully!

2026-08-15 10:59:37 | Deleted old checkpoint: ./checkpoints\step_5190
2026-08-15 10:59:44 | Step 5205/10150 | Loss: 2.2473 | LR: 3.403692e-04
2026-08-15 10:59:47 |   >> Validation Loss: 2.3054
2026-08-15 10:59:47 |   --> Seen Generation @ step 5205:
Input: Translate to Vietnamese: Sorry, that question's not on here.
Output: Xin lỗi, câu hỏi đó không phải ở đây.
--------------------------------------------------
2026-08-15 10:59:47 | Saving checkpoint to ./checkpoints\step_5205...
2026-08-15 10:59:47 | Checkpoint saved successfully!

2026-08-15 10:59:47 | Deleted old checkpoint: ./checkpoints\step_5195
2026-08-15 10:59:55 | Step 5210/10150 | Loss: 2.3020 | LR: 3.400362e-04
2026-08-15 10:59:58 |   >> Validation Loss: 2.3065
2026-08-15 10:59:58 |   --> Seen Generation @ step 5210:
Input: Translate to Vietnamese: Sorry, that question's not on here.
Output: Xin lỗi, câu hỏi đó không phải ở đây.
--------------------------------------------------
2026-08-15 10:59:58 | Saving checkpoint to ./checkpoints\step_5210...
2026-08-15 10:59:58 | Checkpoint saved successfully!

2026-08-15 10:59:58 | Deleted old checkpoint: ./checkpoints\step_5200
2026-08-15 11:00:05 | Step 5215/10150 | Loss: 2.3179 | LR: 3.397031e-04
2026-08-15 11:00:09 |   >> Validation Loss: 2.3095
2026-08-15 11:00:09 |   --> Seen Generation @ step 5215:
Input: Translate to Vietnamese: Sorry, that question's not on here.
Output: Xin lỗi, câu hỏi đó không nằm ở đây.
--------------------------------------------------
2026-08-15 11:00:09 | Saving checkpoint to ./checkpoints\step_5215...
2026-08-15 11:00:09 | Checkpoint saved successfully!

2026-08-15 11:00:09 | Deleted old checkpoint: ./checkpoints\step_5205
2026-08-15 11:00:16 | Step 5220/10150 | Loss: 2.3298 | LR: 3.393698e-04
2026-08-15 11:00:20 |   >> Validation Loss: 2.3073
2026-08-15 11:00:20 |   --> Seen Generation @ step 5220:
Input: Translate to Vietnamese: Sorry, that question's not on here.
Output: Xin lỗi, câu hỏi đó không có ở đây.
--------------------------------------------------
2026-08-15 11:00:20 | Saving checkpoint to ./checkpoints\step_5220...
2026-08-15 11:00:20 | Checkpoint saved successfully!

2026-08-15 11:00:20 | Deleted old checkpoint: ./checkpoints\step_5210
2026-08-15 11:00:27 | Step 5225/10150 | Loss: 2.2689 | LR: 3.390363e-04
2026-08-15 11:00:31 |   >> Validation Loss: 2.3067
2026-08-15 11:00:31 |   --> Seen Generation @ step 5225:
Input: Translate to Vietnamese: Sorry, that question's not on here.
Output: Xin lỗi, câu hỏi đó không phải ở đây.
--------------------------------------------------
2026-08-15 11:00:31 | Saving checkpoint to ./checkpoints\step_5225...
2026-08-15 11:00:31 | Checkpoint saved successfully!

2026-08-15 11:00:31 | Deleted old checkpoint: ./checkpoints\step_5215
2026-08-15 11:00:38 | Step 5230/10150 | Loss: 2.3290 | LR: 3.387026e-04
2026-08-15 11:00:41 |   >> Validation Loss: 2.3044
2026-08-15 11:00:41 |   --> Seen Generation @ step 5230:
Input: Translate to Vietnamese: Sorry, that question's not on here.
Output: Xin lỗi, câu hỏi đó không phải ở đây.
--------------------------------------------------
2026-08-15 11:00:41 | Saving checkpoint to ./checkpoints\step_5230...
2026-08-15 11:00:42 | Checkpoint saved successfully!

2026-08-15 11:00:42 | Deleted old checkpoint: ./checkpoints\step_5220
2026-08-15 11:00:49 | Step 5235/10150 | Loss: 2.3878 | LR: 3.383687e-04
2026-08-15 11:00:52 |   >> Validation Loss: 2.3041
2026-08-15 11:00:52 |   --> Seen Generation @ step 5235:
Input: Translate to Vietnamese: Sorry, that question's not on here.
Output: Xin lỗi, câu hỏi đó không phải ở đây.
--------------------------------------------------
2026-08-15 11:00:52 | Saving checkpoint to ./checkpoints\step_5235...
2026-08-15 11:00:52 | Checkpoint saved successfully!

2026-08-15 11:00:52 | Deleted old checkpoint: ./checkpoints\step_5225
2026-08-15 11:01:00 | Step 5240/10150 | Loss: 2.2803 | LR: 3.380347e-04
2026-08-15 11:01:03 |   >> Validation Loss: 2.3040
2026-08-15 11:01:03 |   --> Seen Generation @ step 5240:
Input: Translate to Vietnamese: Sorry, that question's not on here.
Output: Xin lỗi, câu hỏi đó không phải ở đây.
--------------------------------------------------
2026-08-15 11:01:03 | Saving checkpoint to ./checkpoints\step_5240...
2026-08-15 11:01:03 | Checkpoint saved successfully!

2026-08-15 11:01:03 | Deleted old checkpoint: ./checkpoints\step_5230
2026-08-15 11:01:11 | Step 5245/10150 | Loss: 2.3485 | LR: 3.377004e-04
2026-08-15 11:01:14 |   >> Validation Loss: 2.3036
2026-08-15 11:01:14 |   --> Seen Generation @ step 5245:
Input: Translate to Vietnamese: Sorry, that question's not on here.
Output: Xin lỗi, câu hỏi đó không nằm ở đây.
--------------------------------------------------
2026-08-15 11:01:14 | Saving checkpoint to ./checkpoints\step_5245...
2026-08-15 11:01:14 | Checkpoint saved successfully!

2026-08-15 11:01:14 | Deleted old checkpoint: ./checkpoints\step_5235
2026-08-15 11:01:21 | Step 5250/10150 | Loss: 2.3587 | LR: 3.373660e-04
2026-08-15 11:01:25 |   >> Validation Loss: 2.3029
2026-08-15 11:01:25 |   --> Seen Generation @ step 5250:
Input: Translate to Vietnamese: Sorry, that question's not on here.
Output: Xin lỗi, câu hỏi đó không phải ở đây.
--------------------------------------------------
2026-08-15 11:01:25 | Saving checkpoint to ./checkpoints\step_5250...
2026-08-15 11:01:25 | Checkpoint saved successfully!

2026-08-15 11:01:25 | Deleted old checkpoint: ./checkpoints\step_5240
2026-08-15 11:01:32 | Step 5255/10150 | Loss: 2.2697 | LR: 3.370315e-04
2026-08-15 11:01:35 |   >> Validation Loss: 2.3023
2026-08-15 11:01:36 |   --> Seen Generation @ step 5255:
Input: Translate to Vietnamese: Sorry, that question's not on here.
Output: Xin lỗi, câu hỏi đó không phải ở đây.
--------------------------------------------------
2026-08-15 11:01:36 | Saving checkpoint to ./checkpoints\step_5255...
2026-08-15 11:01:36 | Checkpoint saved successfully!

2026-08-15 11:01:36 | Deleted old checkpoint: ./checkpoints\step_5245
2026-08-15 11:01:43 | Step 5260/10150 | Loss: 2.2713 | LR: 3.366967e-04
2026-08-15 11:01:46 |   >> Validation Loss: 2.3044
2026-08-15 11:01:46 |   --> Seen Generation @ step 5260:
Input: Translate to Vietnamese: Sorry, that question's not on here.
Output: Xin lỗi, câu hỏi đó không có ở đây.
--------------------------------------------------
2026-08-15 11:01:46 | Saving checkpoint to ./checkpoints\step_5260...
2026-08-15 11:01:46 | Checkpoint saved successfully!

2026-08-15 11:01:46 | Deleted old checkpoint: ./checkpoints\step_5250
2026-08-15 11:01:54 | Step 5265/10150 | Loss: 2.2967 | LR: 3.363618e-04
2026-08-15 11:01:57 |   >> Validation Loss: 2.3026
2026-08-15 11:01:57 |   --> Seen Generation @ step 5265:
Input: Translate to Vietnamese: Sorry, that question's not on here.
Output: Xin lỗi, câu hỏi đó không có ở đây.
--------------------------------------------------
2026-08-15 11:01:57 | Saving checkpoint to ./checkpoints\step_5265...
2026-08-15 11:01:57 | Checkpoint saved successfully!

2026-08-15 11:01:57 | Deleted old checkpoint: ./checkpoints\step_5255
2026-08-15 11:02:04 | Step 5270/10150 | Loss: 2.3113 | LR: 3.360267e-04
2026-08-15 11:02:08 |   >> Validation Loss: 2.3035
2026-08-15 11:02:08 |   --> Seen Generation @ step 5270:
Input: Translate to Vietnamese: Sorry, that question's not on here.
Output: Xin lỗi, câu hỏi đó không có ở đây.
--------------------------------------------------
2026-08-15 11:02:08 | Saving checkpoint to ./checkpoints\step_5270...
2026-08-15 11:02:08 | Checkpoint saved successfully!

2026-08-15 11:02:08 | Deleted old checkpoint: ./checkpoints\step_5260
2026-08-15 11:02:15 | Step 5275/10150 | Loss: 2.3594 | LR: 3.356914e-04
2026-08-15 11:02:19 |   >> Validation Loss: 2.3033
2026-08-15 11:02:19 |   --> Seen Generation @ step 5275:
Input: Translate to Vietnamese: Sorry, that question's not on here.
Output: Xin lỗi, câu hỏi đó không phải ở đây.
--------------------------------------------------
2026-08-15 11:02:19 | Saving checkpoint to ./checkpoints\step_5275...
2026-08-15 11:02:19 | Checkpoint saved successfully!

2026-08-15 11:02:19 | Deleted old checkpoint: ./checkpoints\step_5265
2026-08-15 11:02:26 | Step 5280/10150 | Loss: 2.3136 | LR: 3.353559e-04
2026-08-15 11:02:30 |   >> Validation Loss: 2.3036
2026-08-15 11:02:30 |   --> Seen Generation @ step 5280:
Input: Translate to Vietnamese: Sorry, that question's not on here.
Output: Xin lỗi, câu hỏi đó không phải ở đây.
--------------------------------------------------
2026-08-15 11:02:30 | Saving checkpoint to ./checkpoints\step_5280...
2026-08-15 11:02:30 | Checkpoint saved successfully!

2026-08-15 11:02:30 | Deleted old checkpoint: ./checkpoints\step_5270
2026-08-15 11:02:37 | Step 5285/10150 | Loss: 2.3384 | LR: 3.350203e-04
2026-08-15 11:02:40 |   >> Validation Loss: 2.3028
2026-08-15 11:02:40 |   --> Seen Generation @ step 5285:
Input: Translate to Vietnamese: Sorry, that question's not on here.
Output: Xin lỗi, câu hỏi đó không phải ở đây.
--------------------------------------------------
2026-08-15 11:02:40 | Saving checkpoint to ./checkpoints\step_5285...
2026-08-15 11:02:41 | Checkpoint saved successfully!

2026-08-15 11:02:41 | Deleted old checkpoint: ./checkpoints\step_5275
2026-08-15 11:02:48 | Step 5290/10150 | Loss: 2.3077 | LR: 3.346845e-04
2026-08-15 11:02:51 |   >> Validation Loss: 2.3015
2026-08-15 11:02:51 |   --> Seen Generation @ step 5290:
Input: Translate to Vietnamese: Sorry, that question's not on here.
Output: Xin lỗi, câu hỏi đó không phải ở đây.
--------------------------------------------------
2026-08-15 11:02:51 | Saving checkpoint to ./checkpoints\step_5290...
2026-08-15 11:02:51 | Checkpoint saved successfully!

2026-08-15 11:02:51 | Deleted old checkpoint: ./checkpoints\step_5280
2026-08-15 11:02:59 | Step 5295/10150 | Loss: 2.3561 | LR: 3.343485e-04
2026-08-15 11:03:02 |   >> Validation Loss: 2.3026
2026-08-15 11:03:02 |   --> Seen Generation @ step 5295:
Input: Translate to Vietnamese: Sorry, that question's not on here.
Output: Xin lỗi, câu hỏi đó không phải ở đây.
--------------------------------------------------
2026-08-15 11:03:02 | Saving checkpoint to ./checkpoints\step_5295...
2026-08-15 11:03:02 | Checkpoint saved successfully!

2026-08-15 11:03:02 | Deleted old checkpoint: ./checkpoints\step_5285
2026-08-15 11:03:09 | Step 5300/10150 | Loss: 2.3796 | LR: 3.340123e-04
2026-08-15 11:03:13 |   >> Validation Loss: 2.3014
2026-08-15 11:03:13 |   --> Seen Generation @ step 5300:
Input: Translate to Vietnamese: Sorry, that question's not on here.
Output: Xin lỗi, câu hỏi đó không phải ở đây.
--------------------------------------------------
2026-08-15 11:03:13 | Saving checkpoint to ./checkpoints\step_5300...
2026-08-15 11:03:13 | Checkpoint saved successfully!

2026-08-15 11:03:13 | Deleted old checkpoint: ./checkpoints\step_5290
2026-08-15 11:03:20 | Step 5305/10150 | Loss: 2.3238 | LR: 3.336760e-04
2026-08-15 11:03:24 |   >> Validation Loss: 2.3017
2026-08-15 11:03:24 |   --> Seen Generation @ step 5305:
Input: Translate to Vietnamese: Sorry, that question's not on here.
Output: Xin lỗi, câu hỏi đó không ở đây.
--------------------------------------------------
2026-08-15 11:03:24 | Saving checkpoint to ./checkpoints\step_5305...
2026-08-15 11:03:24 | Checkpoint saved successfully!

2026-08-15 11:03:24 | Deleted old checkpoint: ./checkpoints\step_5295
2026-08-15 11:03:31 | Step 5310/10150 | Loss: 2.3131 | LR: 3.333395e-04
2026-08-15 11:03:35 |   >> Validation Loss: 2.3027
2026-08-15 11:03:35 |   --> Seen Generation @ step 5310:
Input: Translate to Vietnamese: Sorry, that question's not on here.
Output: Xin lỗi, câu hỏi đó không ở đây.
--------------------------------------------------
2026-08-15 11:03:35 | Saving checkpoint to ./checkpoints\step_5310...
2026-08-15 11:03:35 | Checkpoint saved successfully!

2026-08-15 11:03:35 | Deleted old checkpoint: ./checkpoints\step_5300
2026-08-15 11:03:42 | Step 5315/10150 | Loss: 2.3535 | LR: 3.330029e-04
2026-08-15 11:03:45 |   >> Validation Loss: 2.3010
2026-08-15 11:03:45 |   --> Seen Generation @ step 5315:
Input: Translate to Vietnamese: Sorry, that question's not on here.
Output: Xin lỗi, câu hỏi đó không ở đây.
--------------------------------------------------
2026-08-15 11:03:45 | Saving checkpoint to ./checkpoints\step_5315...
2026-08-15 11:03:46 | Checkpoint saved successfully!

2026-08-15 11:03:46 | Deleted old checkpoint: ./checkpoints\step_5305
2026-08-15 11:03:53 | Step 5320/10150 | Loss: 2.3364 | LR: 3.326660e-04
2026-08-15 11:03:56 |   >> Validation Loss: 2.3001
2026-08-15 11:03:56 |   --> Seen Generation @ step 5320:
Input: Translate to Vietnamese: Sorry, that question's not on here.
Output: Xin lỗi, câu hỏi đó không phải ở đây.
--------------------------------------------------
2026-08-15 11:03:56 | Saving checkpoint to ./checkpoints\step_5320...
2026-08-15 11:03:56 | Checkpoint saved successfully!

2026-08-15 11:03:56 | Deleted old checkpoint: ./checkpoints\step_5310
2026-08-15 11:04:04 | Step 5325/10150 | Loss: 2.3115 | LR: 3.323290e-04
2026-08-15 11:04:07 |   >> Validation Loss: 2.3005
2026-08-15 11:04:07 |   --> Seen Generation @ step 5325:
Input: Translate to Vietnamese: Sorry, that question's not on here.
Output: Xin lỗi, câu hỏi đó không phải ở đây.
--------------------------------------------------
2026-08-15 11:04:07 | Saving checkpoint to ./checkpoints\step_5325...
2026-08-15 11:04:07 | Checkpoint saved successfully!

2026-08-15 11:04:07 | Deleted old checkpoint: ./checkpoints\step_5315
2026-08-15 11:04:14 | Step 5330/10150 | Loss: 2.3601 | LR: 3.319919e-04
2026-08-15 11:04:18 |   >> Validation Loss: 2.2988
2026-08-15 11:04:18 |   --> Seen Generation @ step 5330:
Input: Translate to Vietnamese: Sorry, that question's not on here.
Output: Xin lỗi, câu hỏi đó không phải ở đây.
--------------------------------------------------
2026-08-15 11:04:18 | Saving checkpoint to ./checkpoints\step_5330...
2026-08-15 11:04:18 | Checkpoint saved successfully!

2026-08-15 11:04:18 | Deleted old checkpoint: ./checkpoints\step_5320
2026-08-15 11:04:25 | Step 5335/10150 | Loss: 2.3252 | LR: 3.316545e-04
2026-08-15 11:04:29 |   >> Validation Loss: 2.2999
2026-08-15 11:04:29 |   --> Seen Generation @ step 5335:
Input: Translate to Vietnamese: Sorry, that question's not on here.
Output: Xin lỗi, câu hỏi đó không phải ở đây.
--------------------------------------------------
2026-08-15 11:04:29 | Saving checkpoint to ./checkpoints\step_5335...
2026-08-15 11:04:29 | Checkpoint saved successfully!

2026-08-15 11:04:29 | Deleted old checkpoint: ./checkpoints\step_5325
2026-08-15 11:04:36 | Step 5340/10150 | Loss: 2.3125 | LR: 3.313170e-04
2026-08-15 11:04:40 |   >> Validation Loss: 2.3000
2026-08-15 11:04:40 |   --> Seen Generation @ step 5340:
Input: Translate to Vietnamese: Sorry, that question's not on here.
Output: Xin lỗi, câu hỏi đó không phải ở đây.
--------------------------------------------------
2026-08-15 11:04:40 | Saving checkpoint to ./checkpoints\step_5340...
2026-08-15 11:04:40 | Checkpoint saved successfully!

2026-08-15 11:04:40 | Deleted old checkpoint: ./checkpoints\step_5330
2026-08-15 11:04:47 | Step 5345/10150 | Loss: 2.2724 | LR: 3.309794e-04
2026-08-15 11:04:50 |   >> Validation Loss: 2.2986
2026-08-15 11:04:50 |   --> Seen Generation @ step 5345:
Input: Translate to Vietnamese: Sorry, that question's not on here.
Output: Xin lỗi, câu hỏi đó không phải ở đây.
--------------------------------------------------
2026-08-15 11:04:50 | Saving checkpoint to ./checkpoints\step_5345...
2026-08-15 11:04:50 | Checkpoint saved successfully!

2026-08-15 11:04:50 | Deleted old checkpoint: ./checkpoints\step_5335
2026-08-15 11:04:57 | Step 5350/10150 | Loss: 2.3347 | LR: 3.306415e-04
2026-08-15 11:05:01 |   >> Validation Loss: 2.2990
2026-08-15 11:05:01 |   --> Seen Generation @ step 5350:
Input: Translate to Vietnamese: Sorry, that question's not on here.
Output: Xin lỗi, câu hỏi đó không phải ở đây.
--------------------------------------------------
2026-08-15 11:05:01 | Saving checkpoint to ./checkpoints\step_5350...
2026-08-15 11:05:01 | Checkpoint saved successfully!

2026-08-15 11:05:01 | Deleted old checkpoint: ./checkpoints\step_5340
2026-08-15 11:05:08 | Step 5355/10150 | Loss: 2.3234 | LR: 3.303035e-04
2026-08-15 11:05:11 |   >> Validation Loss: 2.2984
2026-08-15 11:05:11 |   --> Seen Generation @ step 5355:
Input: Translate to Vietnamese: Sorry, that question's not on here.
Output: Xin lỗi, câu hỏi đó không phải ở đây.
--------------------------------------------------
2026-08-15 11:05:11 | Saving checkpoint to ./checkpoints\step_5355...
2026-08-15 11:05:11 | Checkpoint saved successfully!

2026-08-15 11:05:11 | Deleted old checkpoint: ./checkpoints\step_5345
2026-08-15 11:05:18 | Step 5360/10150 | Loss: 2.2854 | LR: 3.299654e-04
2026-08-15 11:05:22 |   >> Validation Loss: 2.3005
2026-08-15 11:05:22 |   --> Seen Generation @ step 5360:
Input: Translate to Vietnamese: Sorry, that question's not on here.
Output: Xin lỗi, câu hỏi đó không phải ở đây.
--------------------------------------------------
2026-08-15 11:05:22 | Saving checkpoint to ./checkpoints\step_5360...
2026-08-15 11:05:22 | Checkpoint saved successfully!

2026-08-15 11:05:22 | Deleted old checkpoint: ./checkpoints\step_5350
2026-08-15 11:05:29 | Step 5365/10150 | Loss: 2.2920 | LR: 3.296270e-04
2026-08-15 11:05:32 |   >> Validation Loss: 2.2996
2026-08-15 11:05:32 |   --> Seen Generation @ step 5365:
Input: Translate to Vietnamese: Sorry, that question's not on here.
Output: Xin lỗi, câu hỏi đó không phải ở đây.
--------------------------------------------------
2026-08-15 11:05:32 | Saving checkpoint to ./checkpoints\step_5365...
2026-08-15 11:05:32 | Checkpoint saved successfully!

2026-08-15 11:05:32 | Deleted old checkpoint: ./checkpoints\step_5355
2026-08-15 11:05:39 | Step 5370/10150 | Loss: 2.3022 | LR: 3.292885e-04
2026-08-15 11:05:43 |   >> Validation Loss: 2.2976
2026-08-15 11:05:43 |   --> Seen Generation @ step 5370:
Input: Translate to Vietnamese: Sorry, that question's not on here.
Output: Xin lỗi, câu hỏi đó không phải ở đây.
--------------------------------------------------
2026-08-15 11:05:43 | Saving checkpoint to ./checkpoints\step_5370...
2026-08-15 11:05:43 | Checkpoint saved successfully!

2026-08-15 11:05:43 | Deleted old checkpoint: ./checkpoints\step_5360
2026-08-15 11:05:50 | Step 5375/10150 | Loss: 2.3721 | LR: 3.289499e-04
2026-08-15 11:05:53 |   >> Validation Loss: 2.2972
2026-08-15 11:05:53 |   --> Seen Generation @ step 5375:
Input: Translate to Vietnamese: Sorry, that question's not on here.
Output: Xin lỗi, câu hỏi đó không phải ở đây.
--------------------------------------------------
2026-08-15 11:05:53 | Saving checkpoint to ./checkpoints\step_5375...
2026-08-15 11:05:53 | Checkpoint saved successfully!

2026-08-15 11:05:53 | Deleted old checkpoint: ./checkpoints\step_5365
2026-08-15 11:06:00 | Step 5380/10150 | Loss: 2.3478 | LR: 3.286111e-04
2026-08-15 11:06:03 |   >> Validation Loss: 2.2961
2026-08-15 11:06:04 |   --> Seen Generation @ step 5380:
Input: Translate to Vietnamese: Sorry, that question's not on here.
Output: Xin lỗi, câu hỏi đó không phải ở đây.
--------------------------------------------------
2026-08-15 11:06:04 | Saving checkpoint to ./checkpoints\step_5380...
2026-08-15 11:06:04 | Checkpoint saved successfully!

2026-08-15 11:06:04 | Deleted old checkpoint: ./checkpoints\step_5370
2026-08-15 11:06:11 | Step 5385/10150 | Loss: 2.3085 | LR: 3.282721e-04
2026-08-15 11:06:14 |   >> Validation Loss: 2.2964
2026-08-15 11:06:14 |   --> Seen Generation @ step 5385:
Input: Translate to Vietnamese: Sorry, that question's not on here.
Output: Xin lỗi, câu hỏi đó không phải ở đây.
--------------------------------------------------
2026-08-15 11:06:14 | Saving checkpoint to ./checkpoints\step_5385...
2026-08-15 11:06:14 | Checkpoint saved successfully!

2026-08-15 11:06:14 | Deleted old checkpoint: ./checkpoints\step_5375
2026-08-15 11:06:21 | Step 5390/10150 | Loss: 2.3266 | LR: 3.279330e-04
2026-08-15 11:06:24 |   >> Validation Loss: 2.2958
2026-08-15 11:06:24 |   --> Seen Generation @ step 5390:
Input: Translate to Vietnamese: Sorry, that question's not on here.
Output: Xin lỗi, câu hỏi đó không phải ở đây.
--------------------------------------------------
2026-08-15 11:06:24 | Saving checkpoint to ./checkpoints\step_5390...
2026-08-15 11:06:25 | Checkpoint saved successfully!

2026-08-15 11:06:25 | Deleted old checkpoint: ./checkpoints\step_5380
2026-08-15 11:06:32 | Step 5395/10150 | Loss: 2.2832 | LR: 3.275937e-04
2026-08-15 11:06:35 |   >> Validation Loss: 2.2964
2026-08-15 11:06:35 |   --> Seen Generation @ step 5395:
Input: Translate to Vietnamese: Sorry, that question's not on here.
Output: Xin lỗi, câu hỏi đó không phải ở đây.
--------------------------------------------------
2026-08-15 11:06:35 | Saving checkpoint to ./checkpoints\step_5395...
2026-08-15 11:06:35 | Checkpoint saved successfully!

2026-08-15 11:06:35 | Deleted old checkpoint: ./checkpoints\step_5385
2026-08-15 11:06:42 | Step 5400/10150 | Loss: 2.3238 | LR: 3.272542e-04
2026-08-15 11:06:45 |   >> Validation Loss: 2.2972
2026-08-15 11:06:45 |   --> Seen Generation @ step 5400:
Input: Translate to Vietnamese: Sorry, that question's not on here.
Output: Xin lỗi, câu hỏi đó không phải ở đây.
--------------------------------------------------
2026-08-15 11:06:45 | Saving checkpoint to ./checkpoints\step_5400...
2026-08-15 11:06:45 | Checkpoint saved successfully!

2026-08-15 11:06:45 | Deleted old checkpoint: ./checkpoints\step_5390
2026-08-15 11:06:52 | Step 5405/10150 | Loss: 2.3254 | LR: 3.269146e-04
2026-08-15 11:06:56 |   >> Validation Loss: 2.2976
2026-08-15 11:06:56 |   --> Seen Generation @ step 5405:
Input: Translate to Vietnamese: Sorry, that question's not on here.
Output: Xin lỗi, câu hỏi đó không phải ở đây.
--------------------------------------------------
2026-08-15 11:06:56 | Saving checkpoint to ./checkpoints\step_5405...
2026-08-15 11:06:56 | Checkpoint saved successfully!

2026-08-15 11:06:56 | Deleted old checkpoint: ./checkpoints\step_5395
2026-08-15 11:07:03 | Step 5410/10150 | Loss: 2.3635 | LR: 3.265749e-04
2026-08-15 11:07:06 |   >> Validation Loss: 2.2965
2026-08-15 11:07:06 |   --> Seen Generation @ step 5410:
Input: Translate to Vietnamese: Sorry, that question's not on here.
Output: Xin lỗi, câu hỏi đó không phải ở đây.
--------------------------------------------------
2026-08-15 11:07:06 | Saving checkpoint to ./checkpoints\step_5410...
2026-08-15 11:07:06 | Checkpoint saved successfully!

2026-08-15 11:07:06 | Deleted old checkpoint: ./checkpoints\step_5400
2026-08-15 11:07:13 | Step 5415/10150 | Loss: 2.2857 | LR: 3.262350e-04
2026-08-15 11:07:17 |   >> Validation Loss: 2.2971
2026-08-15 11:07:17 |   --> Seen Generation @ step 5415:
Input: Translate to Vietnamese: Sorry, that question's not on here.
Output: Xin lỗi, câu hỏi đó không phải ở đây.
--------------------------------------------------
2026-08-15 11:07:17 | Saving checkpoint to ./checkpoints\step_5415...
2026-08-15 11:07:17 | Checkpoint saved successfully!

2026-08-15 11:07:17 | Deleted old checkpoint: ./checkpoints\step_5405
2026-08-15 11:07:24 | Step 5420/10150 | Loss: 2.3423 | LR: 3.258949e-04
2026-08-15 11:07:27 |   >> Validation Loss: 2.2965
2026-08-15 11:07:27 |   --> Seen Generation @ step 5420:
Input: Translate to Vietnamese: Sorry, that question's not on here.
Output: Xin lỗi, câu hỏi đó không phải ở đây.
--------------------------------------------------
2026-08-15 11:07:27 | Saving checkpoint to ./checkpoints\step_5420...
2026-08-15 11:07:27 | Checkpoint saved successfully!

2026-08-15 11:07:27 | Deleted old checkpoint: ./checkpoints\step_5410
2026-08-15 11:07:34 | Step 5425/10150 | Loss: 2.2715 | LR: 3.255547e-04
2026-08-15 11:07:38 |   >> Validation Loss: 2.2979
2026-08-15 11:07:38 |   --> Seen Generation @ step 5425:
Input: Translate to Vietnamese: Sorry, that question's not on here.
Output: Xin lỗi, câu hỏi đó không phải ở đây.
--------------------------------------------------
2026-08-15 11:07:38 | Saving checkpoint to ./checkpoints\step_5425...
2026-08-15 11:07:38 | Checkpoint saved successfully!

2026-08-15 11:07:38 | Deleted old checkpoint: ./checkpoints\step_5415
2026-08-15 11:07:45 | Step 5430/10150 | Loss: 2.3063 | LR: 3.252143e-04
2026-08-15 11:07:48 |   >> Validation Loss: 2.2958
2026-08-15 11:07:48 |   --> Seen Generation @ step 5430:
Input: Translate to Vietnamese: Sorry, that question's not on here.
Output: Xin lỗi, câu hỏi đó không phải ở đây.
--------------------------------------------------
2026-08-15 11:07:48 | Saving checkpoint to ./checkpoints\step_5430...
2026-08-15 11:07:48 | Checkpoint saved successfully!

2026-08-15 11:07:48 | Deleted old checkpoint: ./checkpoints\step_5420
2026-08-15 11:07:55 | Step 5435/10150 | Loss: 2.3556 | LR: 3.248737e-04
2026-08-15 11:07:59 |   >> Validation Loss: 2.2970
2026-08-15 11:07:59 |   --> Seen Generation @ step 5435:
Input: Translate to Vietnamese: Sorry, that question's not on here.
Output: Xin lỗi, câu hỏi đó không phải ở đây.
--------------------------------------------------
2026-08-15 11:07:59 | Saving checkpoint to ./checkpoints\step_5435...
2026-08-15 11:07:59 | Checkpoint saved successfully!

2026-08-15 11:07:59 | Deleted old checkpoint: ./checkpoints\step_5425
2026-08-15 11:08:06 | Step 5440/10150 | Loss: 2.3381 | LR: 3.245331e-04
2026-08-15 11:08:09 |   >> Validation Loss: 2.2957
2026-08-15 11:08:09 |   --> Seen Generation @ step 5440:
Input: Translate to Vietnamese: Sorry, that question's not on here.
Output: Xin lỗi, câu hỏi đó không phải ở đây.
--------------------------------------------------
2026-08-15 11:08:09 | Saving checkpoint to ./checkpoints\step_5440...
2026-08-15 11:08:09 | Checkpoint saved successfully!

2026-08-15 11:08:09 | Deleted old checkpoint: ./checkpoints\step_5430
2026-08-15 11:08:16 | Step 5445/10150 | Loss: 2.3320 | LR: 3.241922e-04
2026-08-15 11:08:19 |   >> Validation Loss: 2.2956
2026-08-15 11:08:19 |   --> Seen Generation @ step 5445:
Input: Translate to Vietnamese: Sorry, that question's not on here.
Output: Xin lỗi, câu hỏi đó không phải ở đây.
--------------------------------------------------
2026-08-15 11:08:19 | Saving checkpoint to ./checkpoints\step_5445...
2026-08-15 11:08:20 | Checkpoint saved successfully!

2026-08-15 11:08:20 | Deleted old checkpoint: ./checkpoints\step_5435
2026-08-15 11:08:27 | Step 5450/10150 | Loss: 2.2728 | LR: 3.238512e-04
2026-08-15 11:08:30 |   >> Validation Loss: 2.2922
2026-08-15 11:08:30 |   --> Seen Generation @ step 5450:
Input: Translate to Vietnamese: Sorry, that question's not on here.
Output: Xin lỗi, câu hỏi đó không phải ở đây.
--------------------------------------------------
2026-08-15 11:08:30 | Saving checkpoint to ./checkpoints\step_5450...
2026-08-15 11:08:30 | Checkpoint saved successfully!

2026-08-15 11:08:30 | Deleted old checkpoint: ./checkpoints\step_5440
2026-08-15 11:08:37 | Step 5455/10150 | Loss: 2.3185 | LR: 3.235101e-04
2026-08-15 11:08:40 |   >> Validation Loss: 2.2942
2026-08-15 11:08:40 |   --> Seen Generation @ step 5455:
Input: Translate to Vietnamese: Sorry, that question's not on here.
Output: Xin lỗi, câu hỏi đó không phải ở đây.
--------------------------------------------------
2026-08-15 11:08:40 | Saving checkpoint to ./checkpoints\step_5455...
2026-08-15 11:08:40 | Checkpoint saved successfully!

2026-08-15 11:08:40 | Deleted old checkpoint: ./checkpoints\step_5445
2026-08-15 11:08:47 | Step 5460/10150 | Loss: 2.2841 | LR: 3.231688e-04
2026-08-15 11:08:51 |   >> Validation Loss: 2.2928
2026-08-15 11:08:51 |   --> Seen Generation @ step 5460:
Input: Translate to Vietnamese: Sorry, that question's not on here.
Output: Xin lỗi, câu hỏi đó không phải ở đây.
--------------------------------------------------
2026-08-15 11:08:51 | Saving checkpoint to ./checkpoints\step_5460...
2026-08-15 11:08:51 | Checkpoint saved successfully!

2026-08-15 11:08:51 | Deleted old checkpoint: ./checkpoints\step_5450
2026-08-15 11:08:58 | Step 5465/10150 | Loss: 2.3220 | LR: 3.228273e-04
2026-08-15 11:09:01 |   >> Validation Loss: 2.2937
2026-08-15 11:09:01 |   --> Seen Generation @ step 5465:
Input: Translate to Vietnamese: Sorry, that question's not on here.
Output: Xin lỗi, câu hỏi đó không phải ở đây.
--------------------------------------------------
2026-08-15 11:09:01 | Saving checkpoint to ./checkpoints\step_5465...
2026-08-15 11:09:01 | Checkpoint saved successfully!

2026-08-15 11:09:01 | Deleted old checkpoint: ./checkpoints\step_5455
2026-08-15 11:09:08 | Step 5470/10150 | Loss: 2.3066 | LR: 3.224858e-04
2026-08-15 11:09:12 |   >> Validation Loss: 2.2929
2026-08-15 11:09:12 |   --> Seen Generation @ step 5470:
Input: Translate to Vietnamese: Sorry, that question's not on here.
Output: Xin lỗi, câu hỏi đó không phải ở đây.
--------------------------------------------------
2026-08-15 11:09:12 | Saving checkpoint to ./checkpoints\step_5470...
2026-08-15 11:09:12 | Checkpoint saved successfully!

2026-08-15 11:09:12 | Deleted old checkpoint: ./checkpoints\step_5460
2026-08-15 11:09:19 | Step 5475/10150 | Loss: 2.2834 | LR: 3.221440e-04
2026-08-15 11:09:22 |   >> Validation Loss: 2.2913
2026-08-15 11:09:22 |   --> Seen Generation @ step 5475:
Input: Translate to Vietnamese: Sorry, that question's not on here.
Output: Xin lỗi, câu hỏi đó không phải ở đây.
--------------------------------------------------
2026-08-15 11:09:22 | Saving checkpoint to ./checkpoints\step_5475...
2026-08-15 11:09:22 | Checkpoint saved successfully!

2026-08-15 11:09:22 | Deleted old checkpoint: ./checkpoints\step_5465
2026-08-15 11:09:29 | Step 5480/10150 | Loss: 2.3956 | LR: 3.218021e-04
2026-08-15 11:09:33 |   >> Validation Loss: 2.2913
2026-08-15 11:09:33 |   --> Seen Generation @ step 5480:
Input: Translate to Vietnamese: Sorry, that question's not on here.
Output: Xin lỗi, câu hỏi đó không phải ở đây.
--------------------------------------------------
2026-08-15 11:09:33 | Saving checkpoint to ./checkpoints\step_5480...
2026-08-15 11:09:33 | Checkpoint saved successfully!

2026-08-15 11:09:33 | Deleted old checkpoint: ./checkpoints\step_5470
2026-08-15 11:09:40 | Step 5485/10150 | Loss: 2.3737 | LR: 3.214601e-04
2026-08-15 11:09:43 |   >> Validation Loss: 2.2914
2026-08-15 11:09:43 |   --> Seen Generation @ step 5485:
Input: Translate to Vietnamese: Sorry, that question's not on here.
Output: Xin lỗi, câu hỏi đó không phải ở đây.
--------------------------------------------------
2026-08-15 11:09:43 | Saving checkpoint to ./checkpoints\step_5485...
2026-08-15 11:09:43 | Checkpoint saved successfully!

2026-08-15 11:09:43 | Deleted old checkpoint: ./checkpoints\step_5475
2026-08-15 11:09:50 | Step 5490/10150 | Loss: 2.2640 | LR: 3.211179e-04
2026-08-15 11:09:53 |   >> Validation Loss: 2.2919
2026-08-15 11:09:53 |   --> Seen Generation @ step 5490:
Input: Translate to Vietnamese: Sorry, that question's not on here.
Output: Xin lỗi, câu hỏi đó không phải ở đây.
--------------------------------------------------
2026-08-15 11:09:53 | Saving checkpoint to ./checkpoints\step_5490...
2026-08-15 11:09:53 | Checkpoint saved successfully!

2026-08-15 11:09:53 | Deleted old checkpoint: ./checkpoints\step_5480
2026-08-15 11:10:00 | Step 5495/10150 | Loss: 2.3394 | LR: 3.207756e-04
2026-08-15 11:10:03 |   >> Validation Loss: 2.2912
2026-08-15 11:10:03 |   --> Seen Generation @ step 5495:
Input: Translate to Vietnamese: Sorry, that question's not on here.
Output: Xin lỗi, câu hỏi đó không phải ở đây.
--------------------------------------------------
2026-08-15 11:10:03 | Saving checkpoint to ./checkpoints\step_5495...
2026-08-15 11:10:04 | Checkpoint saved successfully!

2026-08-15 11:10:04 | Deleted old checkpoint: ./checkpoints\step_5485
2026-08-15 11:10:11 | Step 5500/10150 | Loss: 2.3081 | LR: 3.204331e-04
2026-08-15 11:10:14 |   >> Validation Loss: 2.2913
2026-08-15 11:10:14 |   --> Seen Generation @ step 5500:
Input: Translate to Vietnamese: Sorry, that question's not on here.
Output: Xin lỗi, câu hỏi đó không phải ở đây.
--------------------------------------------------
2026-08-15 11:10:14 | Saving checkpoint to ./checkpoints\step_5500...
2026-08-15 11:10:14 | Checkpoint saved successfully!

2026-08-15 11:10:14 | Deleted old checkpoint: ./checkpoints\step_5490
2026-08-15 11:10:21 | Step 5505/10150 | Loss: 2.2692 | LR: 3.200905e-04
2026-08-15 11:10:24 |   >> Validation Loss: 2.2906
2026-08-15 11:10:24 |   --> Seen Generation @ step 5505:
Input: Translate to Vietnamese: Sorry, that question's not on here.
Output: Xin lỗi, câu hỏi đó không phải ở đây.
--------------------------------------------------
2026-08-15 11:10:24 | Saving checkpoint to ./checkpoints\step_5505...
2026-08-15 11:10:24 | Checkpoint saved successfully!

2026-08-15 11:10:24 | Deleted old checkpoint: ./checkpoints\step_5495
2026-08-15 11:10:31 | Step 5510/10150 | Loss: 2.2626 | LR: 3.197478e-04
2026-08-15 11:10:34 |   >> Validation Loss: 2.2917
2026-08-15 11:10:34 |   --> Seen Generation @ step 5510:
Input: Translate to Vietnamese: Sorry, that question's not on here.
Output: Xin lỗi, câu hỏi đó không phải ở đây.
--------------------------------------------------
2026-08-15 11:10:34 | Saving checkpoint to ./checkpoints\step_5510...
2026-08-15 11:10:34 | Checkpoint saved successfully!

2026-08-15 11:10:34 | Deleted old checkpoint: ./checkpoints\step_5500
2026-08-15 11:10:41 | Step 5515/10150 | Loss: 2.2541 | LR: 3.194049e-04
2026-08-15 11:10:45 |   >> Validation Loss: 2.2922
2026-08-15 11:10:45 |   --> Seen Generation @ step 5515:
Input: Translate to Vietnamese: Sorry, that question's not on here.
Output: Xin lỗi, câu hỏi đó không phải ở đây.
--------------------------------------------------
2026-08-15 11:10:45 | Saving checkpoint to ./checkpoints\step_5515...
2026-08-15 11:10:45 | Checkpoint saved successfully!

2026-08-15 11:10:45 | Deleted old checkpoint: ./checkpoints\step_5505
2026-08-15 11:10:52 | Step 5520/10150 | Loss: 2.2828 | LR: 3.190618e-04
2026-08-15 11:10:55 |   >> Validation Loss: 2.2943
2026-08-15 11:10:55 |   --> Seen Generation @ step 5520:
Input: Translate to Vietnamese: Sorry, that question's not on here.
Output: Xin lỗi, câu hỏi đó không phải ở đây.
--------------------------------------------------
2026-08-15 11:10:55 | Saving checkpoint to ./checkpoints\step_5520...
2026-08-15 11:10:55 | Checkpoint saved successfully!

2026-08-15 11:10:55 | Deleted old checkpoint: ./checkpoints\step_5510
2026-08-15 11:11:02 | Step 5525/10150 | Loss: 2.3010 | LR: 3.187187e-04
2026-08-15 11:11:05 |   >> Validation Loss: 2.2928
2026-08-15 11:11:05 |   --> Seen Generation @ step 5525:
Input: Translate to Vietnamese: Sorry, that question's not on here.
Output: Xin lỗi, câu hỏi đó không phải ở đây.
--------------------------------------------------
2026-08-15 11:11:05 | Saving checkpoint to ./checkpoints\step_5525...
2026-08-15 11:11:05 | Checkpoint saved successfully!

2026-08-15 11:11:05 | Deleted old checkpoint: ./checkpoints\step_5515
2026-08-15 11:11:12 | Step 5530/10150 | Loss: 2.2989 | LR: 3.183753e-04
2026-08-15 11:11:16 |   >> Validation Loss: 2.2903
2026-08-15 11:11:16 |   --> Seen Generation @ step 5530:
Input: Translate to Vietnamese: Sorry, that question's not on here.
Output: Xin lỗi, câu hỏi đó không phải ở đây.
--------------------------------------------------
2026-08-15 11:11:16 | Saving checkpoint to ./checkpoints\step_5530...
2026-08-15 11:11:16 | Checkpoint saved successfully!

2026-08-15 11:11:16 | Deleted old checkpoint: ./checkpoints\step_5520
2026-08-15 11:11:23 | Step 5535/10150 | Loss: 2.2519 | LR: 3.180319e-04
2026-08-15 11:11:26 |   >> Validation Loss: 2.2890
2026-08-15 11:11:26 |   --> Seen Generation @ step 5535:
Input: Translate to Vietnamese: Sorry, that question's not on here.
Output: Xin lỗi, câu hỏi đó không phải ở đây.
--------------------------------------------------
2026-08-15 11:11:26 | Saving checkpoint to ./checkpoints\step_5535...
2026-08-15 11:11:26 | Checkpoint saved successfully!

2026-08-15 11:11:26 | Deleted old checkpoint: ./checkpoints\step_5525
2026-08-15 11:11:33 | Step 5540/10150 | Loss: 2.2783 | LR: 3.176883e-04
2026-08-15 11:11:37 |   >> Validation Loss: 2.2894
2026-08-15 11:11:37 |   --> Seen Generation @ step 5540:
Input: Translate to Vietnamese: Sorry, that question's not on here.
Output: Xin lỗi, câu hỏi đó không phải ở đây.
--------------------------------------------------
2026-08-15 11:11:37 | Saving checkpoint to ./checkpoints\step_5540...
2026-08-15 11:11:37 | Checkpoint saved successfully!

2026-08-15 11:11:37 | Deleted old checkpoint: ./checkpoints\step_5530
2026-08-15 11:11:44 | Step 5545/10150 | Loss: 2.2894 | LR: 3.173446e-04
2026-08-15 11:11:47 |   >> Validation Loss: 2.2888
2026-08-15 11:11:47 |   --> Seen Generation @ step 5545:
Input: Translate to Vietnamese: Sorry, that question's not on here.
Output: Xin lỗi, câu hỏi đó không phải ở đây.
--------------------------------------------------
2026-08-15 11:11:47 | Saving checkpoint to ./checkpoints\step_5545...
2026-08-15 11:11:47 | Checkpoint saved successfully!

2026-08-15 11:11:47 | Deleted old checkpoint: ./checkpoints\step_5535
2026-08-15 11:11:54 | Step 5550/10150 | Loss: 2.3064 | LR: 3.170007e-04
2026-08-15 11:11:57 |   >> Validation Loss: 2.2885
2026-08-15 11:11:58 |   --> Seen Generation @ step 5550:
Input: Translate to Vietnamese: Sorry, that question's not on here.
Output: Xin lỗi, câu hỏi đó không phải ở đây.
--------------------------------------------------
2026-08-15 11:11:58 | Saving checkpoint to ./checkpoints\step_5550...
2026-08-15 11:11:58 | Checkpoint saved successfully!

2026-08-15 11:11:58 | Deleted old checkpoint: ./checkpoints\step_5540
2026-08-15 11:12:05 | Step 5555/10150 | Loss: 2.2646 | LR: 3.166567e-04
2026-08-15 11:12:08 |   >> Validation Loss: 2.2881
2026-08-15 11:12:08 |   --> Seen Generation @ step 5555:
Input: Translate to Vietnamese: Sorry, that question's not on here.
Output: Xin lỗi, câu hỏi đó không phải ở đây.
--------------------------------------------------
2026-08-15 11:12:08 | Saving checkpoint to ./checkpoints\step_5555...
2026-08-15 11:12:08 | Checkpoint saved successfully!

2026-08-15 11:12:08 | Deleted old checkpoint: ./checkpoints\step_5545
2026-08-15 11:12:15 | Step 5560/10150 | Loss: 2.3239 | LR: 3.163125e-04
2026-08-15 11:12:18 |   >> Validation Loss: 2.2866
2026-08-15 11:12:18 |   --> Seen Generation @ step 5560:
Input: Translate to Vietnamese: Sorry, that question's not on here.
Output: Xin lỗi, câu hỏi đó không phải ở đây.
--------------------------------------------------
2026-08-15 11:12:18 | Saving checkpoint to ./checkpoints\step_5560...
2026-08-15 11:12:19 | Checkpoint saved successfully!

2026-08-15 11:12:19 | Deleted old checkpoint: ./checkpoints\step_5550
2026-08-15 11:12:26 | Step 5565/10150 | Loss: 2.2349 | LR: 3.159683e-04
2026-08-15 11:12:29 |   >> Validation Loss: 2.2869
2026-08-15 11:12:29 |   --> Seen Generation @ step 5565:
Input: Translate to Vietnamese: Sorry, that question's not on here.
Output: Xin lỗi, câu hỏi đó không phải ở đây.
--------------------------------------------------
2026-08-15 11:12:29 | Saving checkpoint to ./checkpoints\step_5565...
2026-08-15 11:12:29 | Checkpoint saved successfully!

2026-08-15 11:12:29 | Deleted old checkpoint: ./checkpoints\step_5555
2026-08-15 11:12:36 | Step 5570/10150 | Loss: 2.3721 | LR: 3.156238e-04
2026-08-15 11:12:39 |   >> Validation Loss: 2.2856
2026-08-15 11:12:39 |   --> Seen Generation @ step 5570:
Input: Translate to Vietnamese: Sorry, that question's not on here.
Output: Xin lỗi, câu hỏi đó không phải ở đây.
--------------------------------------------------
2026-08-15 11:12:39 | Saving checkpoint to ./checkpoints\step_5570...
2026-08-15 11:12:39 | Checkpoint saved successfully!

2026-08-15 11:12:39 | Deleted old checkpoint: ./checkpoints\step_5560
2026-08-15 11:12:46 | Step 5575/10150 | Loss: 2.2878 | LR: 3.152793e-04
2026-08-15 11:12:50 |   >> Validation Loss: 2.2870
2026-08-15 11:12:50 |   --> Seen Generation @ step 5575:
Input: Translate to Vietnamese: Sorry, that question's not on here.
Output: Xin lỗi, câu hỏi đó không phải ở đây.
--------------------------------------------------
2026-08-15 11:12:50 | Saving checkpoint to ./checkpoints\step_5575...
2026-08-15 11:12:50 | Checkpoint saved successfully!

2026-08-15 11:12:50 | Deleted old checkpoint: ./checkpoints\step_5565
2026-08-15 11:12:57 | Step 5580/10150 | Loss: 2.3287 | LR: 3.149346e-04
2026-08-15 11:13:00 |   >> Validation Loss: 2.2863
2026-08-15 11:13:00 |   --> Seen Generation @ step 5580:
Input: Translate to Vietnamese: Sorry, that question's not on here.
Output: Xin lỗi, câu hỏi đó không phải ở đây.
--------------------------------------------------
2026-08-15 11:13:00 | Saving checkpoint to ./checkpoints\step_5580...
2026-08-15 11:13:00 | Checkpoint saved successfully!

2026-08-15 11:13:00 | Deleted old checkpoint: ./checkpoints\step_5570
2026-08-15 11:13:07 | Step 5585/10150 | Loss: 2.3064 | LR: 3.145898e-04
2026-08-15 11:13:11 |   >> Validation Loss: 2.2875
2026-08-15 11:13:11 |   --> Seen Generation @ step 5585:
Input: Translate to Vietnamese: Sorry, that question's not on here.
Output: Xin lỗi, câu hỏi đó không phải ở đây.
--------------------------------------------------
2026-08-15 11:13:11 | Saving checkpoint to ./checkpoints\step_5585...
2026-08-15 11:13:11 | Checkpoint saved successfully!

2026-08-15 11:13:11 | Deleted old checkpoint: ./checkpoints\step_5575
2026-08-15 11:13:18 | Step 5590/10150 | Loss: 2.2771 | LR: 3.142449e-04
2026-08-15 11:13:21 |   >> Validation Loss: 2.2882
2026-08-15 11:13:21 |   --> Seen Generation @ step 5590:
Input: Translate to Vietnamese: Sorry, that question's not on here.
Output: Xin lỗi, câu hỏi đó không phải ở đây.
--------------------------------------------------
2026-08-15 11:13:21 | Saving checkpoint to ./checkpoints\step_5590...
2026-08-15 11:13:21 | Checkpoint saved successfully!

2026-08-15 11:13:21 | Deleted old checkpoint: ./checkpoints\step_5580
2026-08-15 11:13:28 | Step 5595/10150 | Loss: 2.2952 | LR: 3.138998e-04
2026-08-15 11:13:31 |   >> Validation Loss: 2.2862
2026-08-15 11:13:31 |   --> Seen Generation @ step 5595:
Input: Translate to Vietnamese: Sorry, that question's not on here.
Output: Xin lỗi, câu hỏi đó không phải ở đây.
--------------------------------------------------
2026-08-15 11:13:31 | Saving checkpoint to ./checkpoints\step_5595...
2026-08-15 11:13:32 | Checkpoint saved successfully!

2026-08-15 11:13:32 | Deleted old checkpoint: ./checkpoints\step_5585
2026-08-15 11:13:39 | Step 5600/10150 | Loss: 2.3603 | LR: 3.135546e-04
2026-08-15 11:13:42 |   >> Validation Loss: 2.2866
2026-08-15 11:13:42 |   --> Seen Generation @ step 5600:
Input: Translate to Vietnamese: Sorry, that question's not on here.
Output: Xin lỗi, câu hỏi đó không phải ở đây.
--------------------------------------------------
2026-08-15 11:13:42 | Saving checkpoint to ./checkpoints\step_5600...
2026-08-15 11:13:42 | Checkpoint saved successfully!

2026-08-15 11:13:42 | Deleted old checkpoint: ./checkpoints\step_5590
2026-08-15 11:13:49 | Step 5605/10150 | Loss: 2.3068 | LR: 3.132092e-04
2026-08-15 11:13:52 |   >> Validation Loss: 2.2858
2026-08-15 11:13:52 |   --> Seen Generation @ step 5605:
Input: Translate to Vietnamese: Sorry, that question's not on here.
Output: Xin lỗi, câu hỏi đó không phải ở đây.
--------------------------------------------------
2026-08-15 11:13:52 | Saving checkpoint to ./checkpoints\step_5605...
2026-08-15 11:13:52 | Checkpoint saved successfully!

2026-08-15 11:13:52 | Deleted old checkpoint: ./checkpoints\step_5595
2026-08-15 11:13:59 | Step 5610/10150 | Loss: 2.2915 | LR: 3.128638e-04
2026-08-15 11:14:03 |   >> Validation Loss: 2.2847
2026-08-15 11:14:03 |   --> Seen Generation @ step 5610:
Input: Translate to Vietnamese: Sorry, that question's not on here.
Output: Xin lỗi, câu hỏi đó không phải ở đây.
--------------------------------------------------
2026-08-15 11:14:03 | Saving checkpoint to ./checkpoints\step_5610...
2026-08-15 11:14:03 | Checkpoint saved successfully!

2026-08-15 11:14:03 | Deleted old checkpoint: ./checkpoints\step_5600
2026-08-15 11:14:10 | Step 5615/10150 | Loss: 2.3922 | LR: 3.125182e-04
2026-08-15 11:14:13 |   >> Validation Loss: 2.2848
2026-08-15 11:14:13 |   --> Seen Generation @ step 5615:
Input: Translate to Vietnamese: Sorry, that question's not on here.
Output: Xin lỗi, câu hỏi đó không phải ở đây.
--------------------------------------------------
2026-08-15 11:14:13 | Saving checkpoint to ./checkpoints\step_5615...
2026-08-15 11:14:13 | Checkpoint saved successfully!

2026-08-15 11:14:13 | Deleted old checkpoint: ./checkpoints\step_5605
2026-08-15 11:14:20 | Step 5620/10150 | Loss: 2.2888 | LR: 3.121725e-04
2026-08-15 11:14:24 |   >> Validation Loss: 2.2844
2026-08-15 11:14:24 |   --> Seen Generation @ step 5620:
Input: Translate to Vietnamese: Sorry, that question's not on here.
Output: Xin lỗi, câu hỏi đó không phải ở đây.
--------------------------------------------------
2026-08-15 11:14:24 | Saving checkpoint to ./checkpoints\step_5620...
2026-08-15 11:14:24 | Checkpoint saved successfully!

2026-08-15 11:14:24 | Deleted old checkpoint: ./checkpoints\step_5610
2026-08-15 11:14:31 | Step 5625/10150 | Loss: 2.3222 | LR: 3.118266e-04
2026-08-15 11:14:34 |   >> Validation Loss: 2.2842
2026-08-15 11:14:34 |   --> Seen Generation @ step 5625:
Input: Translate to Vietnamese: Sorry, that question's not on here.
Output: Xin lỗi, câu hỏi đó không phải ở đây.
--------------------------------------------------
2026-08-15 11:14:34 | Saving checkpoint to ./checkpoints\step_5625...
2026-08-15 11:14:34 | Checkpoint saved successfully!

2026-08-15 11:14:34 | Deleted old checkpoint: ./checkpoints\step_5615
2026-08-15 11:14:41 | Step 5630/10150 | Loss: 2.3244 | LR: 3.114807e-04
2026-08-15 11:14:45 |   >> Validation Loss: 2.2848
2026-08-15 11:14:45 |   --> Seen Generation @ step 5630:
Input: Translate to Vietnamese: Sorry, that question's not on here.
Output: Xin lỗi, câu hỏi đó không phải ở đây.
--------------------------------------------------
2026-08-15 11:14:45 | Saving checkpoint to ./checkpoints\step_5630...
2026-08-15 11:14:45 | Checkpoint saved successfully!

2026-08-15 11:14:45 | Deleted old checkpoint: ./checkpoints\step_5620
2026-08-15 11:14:52 | Step 5635/10150 | Loss: 2.2611 | LR: 3.111346e-04
2026-08-15 11:14:55 |   >> Validation Loss: 2.2853
2026-08-15 11:14:55 |   --> Seen Generation @ step 5635:
Input: Translate to Vietnamese: Sorry, that question's not on here.
Output: Xin lỗi, câu hỏi đó không phải ở đây.
--------------------------------------------------
2026-08-15 11:14:55 | Saving checkpoint to ./checkpoints\step_5635...
2026-08-15 11:14:55 | Checkpoint saved successfully!

2026-08-15 11:14:55 | Deleted old checkpoint: ./checkpoints\step_5625
2026-08-15 11:15:02 | Step 5640/10150 | Loss: 2.3433 | LR: 3.107883e-04
2026-08-15 11:15:05 |   >> Validation Loss: 2.2837
2026-08-15 11:15:06 |   --> Seen Generation @ step 5640:
Input: Translate to Vietnamese: Sorry, that question's not on here.
Output: Xin lỗi, câu hỏi đó không phải ở đây.
--------------------------------------------------
2026-08-15 11:15:06 | Saving checkpoint to ./checkpoints\step_5640...
2026-08-15 11:15:06 | Checkpoint saved successfully!

2026-08-15 11:15:06 | Deleted old checkpoint: ./checkpoints\step_5630
2026-08-15 11:15:13 | Step 5645/10150 | Loss: 2.3082 | LR: 3.104420e-04
2026-08-15 11:15:16 |   >> Validation Loss: 2.2827
2026-08-15 11:15:16 |   --> Seen Generation @ step 5645:
Input: Translate to Vietnamese: Sorry, that question's not on here.
Output: Xin lỗi, câu hỏi đó không phải ở đây.
--------------------------------------------------
2026-08-15 11:15:16 | Saving checkpoint to ./checkpoints\step_5645...
2026-08-15 11:15:16 | Checkpoint saved successfully!

2026-08-15 11:15:16 | Deleted old checkpoint: ./checkpoints\step_5635
2026-08-15 11:15:23 | Step 5650/10150 | Loss: 2.3342 | LR: 3.100955e-04
2026-08-15 11:15:26 |   >> Validation Loss: 2.2838
2026-08-15 11:15:26 |   --> Seen Generation @ step 5650:
Input: Translate to Vietnamese: Sorry, that question's not on here.
Output: Xin lỗi, câu hỏi đó không phải ở đây.
--------------------------------------------------
2026-08-15 11:15:26 | Saving checkpoint to ./checkpoints\step_5650...
2026-08-15 11:15:27 | Checkpoint saved successfully!

2026-08-15 11:15:27 | Deleted old checkpoint: ./checkpoints\step_5640
2026-08-15 11:15:33 | Step 5655/10150 | Loss: 2.2217 | LR: 3.097489e-04
2026-08-15 11:15:37 |   >> Validation Loss: 2.2845
2026-08-15 11:15:37 |   --> Seen Generation @ step 5655:
Input: Translate to Vietnamese: Sorry, that question's not on here.
Output: Xin lỗi, câu hỏi đó không phải ở đây.
--------------------------------------------------
2026-08-15 11:15:37 | Saving checkpoint to ./checkpoints\step_5655...
2026-08-15 11:15:37 | Checkpoint saved successfully!

2026-08-15 11:15:37 | Deleted old checkpoint: ./checkpoints\step_5645
2026-08-15 11:15:44 | Step 5660/10150 | Loss: 2.2977 | LR: 3.094022e-04
2026-08-15 11:15:47 |   >> Validation Loss: 2.2820
2026-08-15 11:15:47 |   --> Seen Generation @ step 5660:
Input: Translate to Vietnamese: Sorry, that question's not on here.
Output: Xin lỗi, câu hỏi đó không phải ở đây.
--------------------------------------------------
2026-08-15 11:15:47 | Saving checkpoint to ./checkpoints\step_5660...
2026-08-15 11:15:47 | Checkpoint saved successfully!

2026-08-15 11:15:48 | Deleted old checkpoint: ./checkpoints\step_5650
2026-08-15 11:15:55 | Step 5665/10150 | Loss: 2.2992 | LR: 3.090554e-04
2026-08-15 11:15:58 |   >> Validation Loss: 2.2835
2026-08-15 11:15:58 |   --> Seen Generation @ step 5665:
Input: Translate to Vietnamese: Sorry, that question's not on here.
Output: Xin lỗi, câu hỏi đó không phải ở đây.
--------------------------------------------------
2026-08-15 11:15:58 | Saving checkpoint to ./checkpoints\step_5665...
2026-08-15 11:15:58 | Checkpoint saved successfully!

2026-08-15 11:15:58 | Deleted old checkpoint: ./checkpoints\step_5655
2026-08-15 11:16:05 | Step 5670/10150 | Loss: 2.2365 | LR: 3.087084e-04
2026-08-15 11:16:08 |   >> Validation Loss: 2.2832
2026-08-15 11:16:09 |   --> Seen Generation @ step 5670:
Input: Translate to Vietnamese: Sorry, that question's not on here.
Output: Xin lỗi, câu hỏi không phải ở đây.
--------------------------------------------------
2026-08-15 11:16:09 | Saving checkpoint to ./checkpoints\step_5670...
2026-08-15 11:16:09 | Checkpoint saved successfully!

2026-08-15 11:16:09 | Deleted old checkpoint: ./checkpoints\step_5660
2026-08-15 11:16:16 | Step 5675/10150 | Loss: 2.2969 | LR: 3.083613e-04
2026-08-15 11:16:19 |   >> Validation Loss: 2.2824
2026-08-15 11:16:19 |   --> Seen Generation @ step 5675:
Input: Translate to Vietnamese: Sorry, that question's not on here.
Output: Xin lỗi, câu hỏi không phải ở đây.
--------------------------------------------------
2026-08-15 11:16:19 | Saving checkpoint to ./checkpoints\step_5675...
2026-08-15 11:16:19 | Checkpoint saved successfully!

2026-08-15 11:16:19 | Deleted old checkpoint: ./checkpoints\step_5665
2026-08-15 11:16:26 | Step 5680/10150 | Loss: 2.3094 | LR: 3.080141e-04
2026-08-15 11:16:29 |   >> Validation Loss: 2.2811
2026-08-15 11:16:30 |   --> Seen Generation @ step 5680:
Input: Translate to Vietnamese: Sorry, that question's not on here.
Output: Xin lỗi, câu hỏi đó không phải ở đây.
--------------------------------------------------
2026-08-15 11:16:30 | Saving checkpoint to ./checkpoints\step_5680...
2026-08-15 11:16:30 | Checkpoint saved successfully!

2026-08-15 11:16:30 | Deleted old checkpoint: ./checkpoints\step_5670
2026-08-15 11:16:37 | Step 5685/10150 | Loss: 2.2749 | LR: 3.076668e-04
2026-08-15 11:16:40 |   >> Validation Loss: 2.2832
2026-08-15 11:16:40 |   --> Seen Generation @ step 5685:
Input: Translate to Vietnamese: Sorry, that question's not on here.
Output: Xin lỗi, câu hỏi đó không phải ở đây.
--------------------------------------------------
2026-08-15 11:16:40 | Saving checkpoint to ./checkpoints\step_5685...
2026-08-15 11:16:40 | Checkpoint saved successfully!

2026-08-15 11:16:40 | Deleted old checkpoint: ./checkpoints\step_5675
2026-08-15 11:16:47 | Step 5690/10150 | Loss: 2.3008 | LR: 3.073194e-04
2026-08-15 11:16:50 |   >> Validation Loss: 2.2823
2026-08-15 11:16:51 |   --> Seen Generation @ step 5690:
Input: Translate to Vietnamese: Sorry, that question's not on here.
Output: Xin lỗi, câu hỏi đó không phải ở đây.
--------------------------------------------------
2026-08-15 11:16:51 | Saving checkpoint to ./checkpoints\step_5690...
2026-08-15 11:16:51 | Checkpoint saved successfully!

2026-08-15 11:16:51 | Deleted old checkpoint: ./checkpoints\step_5680
2026-08-15 11:16:58 | Step 5695/10150 | Loss: 2.1894 | LR: 3.069719e-04
2026-08-15 11:17:01 |   >> Validation Loss: 2.2818
2026-08-15 11:17:01 |   --> Seen Generation @ step 5695:
Input: Translate to Vietnamese: Sorry, that question's not on here.
Output: Xin lỗi, câu hỏi đó không phải ở đây.
--------------------------------------------------
2026-08-15 11:17:01 | Saving checkpoint to ./checkpoints\step_5695...
2026-08-15 11:17:01 | Checkpoint saved successfully!

2026-08-15 11:17:01 | Deleted old checkpoint: ./checkpoints\step_5685
2026-08-15 11:17:08 | Step 5700/10150 | Loss: 2.2307 | LR: 3.066242e-04
2026-08-15 11:17:11 |   >> Validation Loss: 2.2821
2026-08-15 11:17:11 |   --> Seen Generation @ step 5700:
Input: Translate to Vietnamese: Sorry, that question's not on here.
Output: Xin lỗi, câu hỏi đó không phải ở đây.
--------------------------------------------------
2026-08-15 11:17:11 | Saving checkpoint to ./checkpoints\step_5700...
2026-08-15 11:17:12 | Checkpoint saved successfully!

2026-08-15 11:17:12 | Deleted old checkpoint: ./checkpoints\step_5690
2026-08-15 11:17:19 | Step 5705/10150 | Loss: 2.3373 | LR: 3.062764e-04
2026-08-15 11:17:22 |   >> Validation Loss: 2.2811
2026-08-15 11:17:22 |   --> Seen Generation @ step 5705:
Input: Translate to Vietnamese: Sorry, that question's not on here.
Output: Xin lỗi, câu hỏi không phải ở đây.
--------------------------------------------------
2026-08-15 11:17:22 | Saving checkpoint to ./checkpoints\step_5705...
2026-08-15 11:17:22 | Checkpoint saved successfully!

2026-08-15 11:17:22 | Deleted old checkpoint: ./checkpoints\step_5695
2026-08-15 11:17:29 | Step 5710/10150 | Loss: 2.3526 | LR: 3.059285e-04
2026-08-15 11:17:32 |   >> Validation Loss: 2.2811
2026-08-15 11:17:32 |   --> Seen Generation @ step 5710:
Input: Translate to Vietnamese: Sorry, that question's not on here.
Output: Xin lỗi, câu hỏi không phải ở đây.
--------------------------------------------------
2026-08-15 11:17:32 | Saving checkpoint to ./checkpoints\step_5710...
2026-08-15 11:17:32 | Checkpoint saved successfully!

2026-08-15 11:17:32 | Deleted old checkpoint: ./checkpoints\step_5700
2026-08-15 11:17:39 | Step 5715/10150 | Loss: 2.3127 | LR: 3.055805e-04
2026-08-15 11:17:43 |   >> Validation Loss: 2.2812
2026-08-15 11:17:43 |   --> Seen Generation @ step 5715:
Input: Translate to Vietnamese: Sorry, that question's not on here.
Output: Xin lỗi, câu hỏi đó không phải ở đây.
--------------------------------------------------
2026-08-15 11:17:43 | Saving checkpoint to ./checkpoints\step_5715...
2026-08-15 11:17:43 | Checkpoint saved successfully!

2026-08-15 11:17:43 | Deleted old checkpoint: ./checkpoints\step_5705
2026-08-15 11:17:50 | Step 5720/10150 | Loss: 2.4469 | LR: 3.052324e-04
2026-08-15 11:17:53 |   >> Validation Loss: 2.2809
2026-08-15 11:17:53 |   --> Seen Generation @ step 5720:
Input: Translate to Vietnamese: Sorry, that question's not on here.
Output: Xin lỗi, câu hỏi đó không phải ở đây.
--------------------------------------------------
2026-08-15 11:17:53 | Saving checkpoint to ./checkpoints\step_5720...
2026-08-15 11:17:53 | Checkpoint saved successfully!

2026-08-15 11:17:53 | Deleted old checkpoint: ./checkpoints\step_5710
2026-08-15 11:18:00 | Step 5725/10150 | Loss: 2.2682 | LR: 3.048842e-04
2026-08-15 11:18:04 |   >> Validation Loss: 2.2804
2026-08-15 11:18:04 |   --> Seen Generation @ step 5725:
Input: Translate to Vietnamese: Sorry, that question's not on here.
Output: Xin lỗi, câu hỏi đó không phải ở đây.
--------------------------------------------------
2026-08-15 11:18:04 | Saving checkpoint to ./checkpoints\step_5725...
2026-08-15 11:18:04 | Checkpoint saved successfully!

2026-08-15 11:18:04 | Deleted old checkpoint: ./checkpoints\step_5715
2026-08-15 11:18:11 | Step 5730/10150 | Loss: 2.3211 | LR: 3.045358e-04
2026-08-15 11:18:14 |   >> Validation Loss: 2.2840
2026-08-15 11:18:14 |   --> Seen Generation @ step 5730:
Input: Translate to Vietnamese: Sorry, that question's not on here.
Output: Xin lỗi, câu hỏi không phải ở đây.
--------------------------------------------------
2026-08-15 11:18:14 | Saving checkpoint to ./checkpoints\step_5730...
2026-08-15 11:18:14 | Checkpoint saved successfully!

2026-08-15 11:18:14 | Deleted old checkpoint: ./checkpoints\step_5720
2026-08-15 11:18:21 | Step 5735/10150 | Loss: 2.3262 | LR: 3.041874e-04
2026-08-15 11:18:25 |   >> Validation Loss: 2.2817
2026-08-15 11:18:25 |   --> Seen Generation @ step 5735:
Input: Translate to Vietnamese: Sorry, that question's not on here.
Output: Xin lỗi, câu hỏi đó không phải ở đây.
--------------------------------------------------
2026-08-15 11:18:25 | Saving checkpoint to ./checkpoints\step_5735...
2026-08-15 11:18:25 | Checkpoint saved successfully!

2026-08-15 11:18:25 | Deleted old checkpoint: ./checkpoints\step_5725
2026-08-15 11:18:32 | Step 5740/10150 | Loss: 2.3029 | LR: 3.038388e-04
2026-08-15 11:18:35 |   >> Validation Loss: 2.2788
2026-08-15 11:18:35 |   --> Seen Generation @ step 5740:
Input: Translate to Vietnamese: Sorry, that question's not on here.
Output: Xin lỗi, câu hỏi không phải ở đây.
--------------------------------------------------
2026-08-15 11:18:35 | Saving checkpoint to ./checkpoints\step_5740...
2026-08-15 11:18:35 | Checkpoint saved successfully!

2026-08-15 11:18:35 | Deleted old checkpoint: ./checkpoints\step_5730
2026-08-15 11:18:42 | Step 5745/10150 | Loss: 2.2453 | LR: 3.034901e-04
2026-08-15 11:18:46 |   >> Validation Loss: 2.2776
2026-08-15 11:18:46 |   --> Seen Generation @ step 5745:
Input: Translate to Vietnamese: Sorry, that question's not on here.
Output: Xin lỗi, câu hỏi đó không phải ở đây.
--------------------------------------------------
2026-08-15 11:18:46 | Saving checkpoint to ./checkpoints\step_5745...
2026-08-15 11:18:46 | Checkpoint saved successfully!

2026-08-15 11:18:46 | Deleted old checkpoint: ./checkpoints\step_5735
2026-08-15 11:18:53 | Step 5750/10150 | Loss: 2.3536 | LR: 3.031413e-04
2026-08-15 11:18:56 |   >> Validation Loss: 2.2790
2026-08-15 11:18:56 |   --> Seen Generation @ step 5750:
Input: Translate to Vietnamese: Sorry, that question's not on here.
Output: Xin lỗi, câu hỏi đó không phải ở đây.
--------------------------------------------------
2026-08-15 11:18:56 | Saving checkpoint to ./checkpoints\step_5750...
2026-08-15 11:18:56 | Checkpoint saved successfully!

2026-08-15 11:18:56 | Deleted old checkpoint: ./checkpoints\step_5740
2026-08-15 11:19:03 | Step 5755/10150 | Loss: 2.2667 | LR: 3.027924e-04
2026-08-15 11:19:07 |   >> Validation Loss: 2.2800
2026-08-15 11:19:07 |   --> Seen Generation @ step 5755:
Input: Translate to Vietnamese: Sorry, that question's not on here.
Output: Xin lỗi, câu hỏi đó không phải ở đây.
--------------------------------------------------
2026-08-15 11:19:07 | Saving checkpoint to ./checkpoints\step_5755...
2026-08-15 11:19:07 | Checkpoint saved successfully!

2026-08-15 11:19:07 | Deleted old checkpoint: ./checkpoints\step_5745
2026-08-15 11:19:14 | Step 5760/10150 | Loss: 2.3024 | LR: 3.024434e-04
2026-08-15 11:19:17 |   >> Validation Loss: 2.2782
2026-08-15 11:19:17 |   --> Seen Generation @ step 5760:
Input: Translate to Vietnamese: Sorry, that question's not on here.
Output: Xin lỗi, câu hỏi đó không phải ở đây.
--------------------------------------------------
2026-08-15 11:19:17 | Saving checkpoint to ./checkpoints\step_5760...
2026-08-15 11:19:17 | Checkpoint saved successfully!

2026-08-15 11:19:17 | Deleted old checkpoint: ./checkpoints\step_5750
2026-08-15 11:19:24 | Step 5765/10150 | Loss: 2.2729 | LR: 3.020943e-04
2026-08-15 11:19:27 |   >> Validation Loss: 2.2776
2026-08-15 11:19:28 |   --> Seen Generation @ step 5765:
Input: Translate to Vietnamese: Sorry, that question's not on here.
Output: Xin lỗi, câu hỏi đó không phải ở đây.
--------------------------------------------------
2026-08-15 11:19:28 | Saving checkpoint to ./checkpoints\step_5765...
2026-08-15 11:19:28 | Checkpoint saved successfully!

2026-08-15 11:19:28 | Deleted old checkpoint: ./checkpoints\step_5755
2026-08-15 11:19:35 | Step 5770/10150 | Loss: 2.3351 | LR: 3.017451e-04
2026-08-15 11:19:38 |   >> Validation Loss: 2.2791
2026-08-15 11:19:38 |   --> Seen Generation @ step 5770:
Input: Translate to Vietnamese: Sorry, that question's not on here.
Output: Xin lỗi, câu hỏi không ở đây.
--------------------------------------------------
2026-08-15 11:19:38 | Saving checkpoint to ./checkpoints\step_5770...
2026-08-15 11:19:38 | Checkpoint saved successfully!

2026-08-15 11:19:38 | Deleted old checkpoint: ./checkpoints\step_5760
2026-08-15 11:19:45 | Step 5775/10150 | Loss: 2.2282 | LR: 3.013958e-04
2026-08-15 11:19:48 |   >> Validation Loss: 2.2779
2026-08-15 11:19:48 |   --> Seen Generation @ step 5775:
Input: Translate to Vietnamese: Sorry, that question's not on here.
Output: Xin lỗi, câu hỏi không phải ở đây.
--------------------------------------------------
2026-08-15 11:19:48 | Saving checkpoint to ./checkpoints\step_5775...
2026-08-15 11:19:48 | Checkpoint saved successfully!

2026-08-15 11:19:48 | Deleted old checkpoint: ./checkpoints\step_5765
2026-08-15 11:19:55 | Step 5780/10150 | Loss: 2.2506 | LR: 3.010464e-04
2026-08-15 11:19:59 |   >> Validation Loss: 2.2771
2026-08-15 11:19:59 |   --> Seen Generation @ step 5780:
Input: Translate to Vietnamese: Sorry, that question's not on here.
Output: Xin lỗi, câu hỏi không phải ở đây.
--------------------------------------------------
2026-08-15 11:19:59 | Saving checkpoint to ./checkpoints\step_5780...
2026-08-15 11:19:59 | Checkpoint saved successfully!

2026-08-15 11:19:59 | Deleted old checkpoint: ./checkpoints\step_5770
2026-08-15 11:20:06 | Step 5785/10150 | Loss: 2.3332 | LR: 3.006968e-04
2026-08-15 11:20:09 |   >> Validation Loss: 2.2757
2026-08-15 11:20:09 |   --> Seen Generation @ step 5785:
Input: Translate to Vietnamese: Sorry, that question's not on here.
Output: Xin lỗi, câu hỏi không ở đây.
--------------------------------------------------
2026-08-15 11:20:09 | Saving checkpoint to ./checkpoints\step_5785...
2026-08-15 11:20:09 | Checkpoint saved successfully!

2026-08-15 11:20:09 | Deleted old checkpoint: ./checkpoints\step_5775
2026-08-15 11:20:16 | Step 5790/10150 | Loss: 2.2857 | LR: 3.003472e-04
2026-08-15 11:20:20 |   >> Validation Loss: 2.2750
2026-08-15 11:20:20 |   --> Seen Generation @ step 5790:
Input: Translate to Vietnamese: Sorry, that question's not on here.
Output: Xin lỗi, câu hỏi đó không phải ở đây.
--------------------------------------------------
2026-08-15 11:20:20 | Saving checkpoint to ./checkpoints\step_5790...
2026-08-15 11:20:20 | Checkpoint saved successfully!

2026-08-15 11:20:20 | Deleted old checkpoint: ./checkpoints\step_5780
2026-08-15 11:20:27 | Step 5795/10150 | Loss: 2.3072 | LR: 2.999975e-04
2026-08-15 11:20:30 |   >> Validation Loss: 2.2756
2026-08-15 11:20:30 |   --> Seen Generation @ step 5795:
Input: Translate to Vietnamese: Sorry, that question's not on here.
Output: Xin lỗi, câu hỏi đó không phải ở đây.
--------------------------------------------------
2026-08-15 11:20:30 | Saving checkpoint to ./checkpoints\step_5795...
2026-08-15 11:20:30 | Checkpoint saved successfully!

2026-08-15 11:20:30 | Deleted old checkpoint: ./checkpoints\step_5785
2026-08-15 11:20:37 | Step 5800/10150 | Loss: 2.3279 | LR: 2.996476e-04
2026-08-15 11:20:41 |   >> Validation Loss: 2.2763
2026-08-15 11:20:41 |   --> Seen Generation @ step 5800:
Input: Translate to Vietnamese: Sorry, that question's not on here.
Output: Xin lỗi, câu hỏi đó không phải ở đây.
--------------------------------------------------
2026-08-15 11:20:41 | Saving checkpoint to ./checkpoints\step_5800...
2026-08-15 11:20:41 | Checkpoint saved successfully!

2026-08-15 11:20:41 | Deleted old checkpoint: ./checkpoints\step_5790
2026-08-15 11:20:48 | Step 5805/10150 | Loss: 2.3356 | LR: 2.992977e-04
2026-08-15 11:20:51 |   >> Validation Loss: 2.2763
2026-08-15 11:20:51 |   --> Seen Generation @ step 5805:
Input: Translate to Vietnamese: Sorry, that question's not on here.
Output: Xin lỗi, câu hỏi đó không phải ở đây.
--------------------------------------------------
2026-08-15 11:20:51 | Saving checkpoint to ./checkpoints\step_5805...
2026-08-15 11:20:51 | Checkpoint saved successfully!

2026-08-15 11:20:51 | Deleted old checkpoint: ./checkpoints\step_5795
2026-08-15 11:20:58 | Step 5810/10150 | Loss: 2.3255 | LR: 2.989476e-04
2026-08-15 11:21:01 |   >> Validation Loss: 2.2762
2026-08-15 11:21:02 |   --> Seen Generation @ step 5810:
Input: Translate to Vietnamese: Sorry, that question's not on here.
Output: Xin lỗi, câu hỏi đó không phải ở đây.
--------------------------------------------------
2026-08-15 11:21:02 | Saving checkpoint to ./checkpoints\step_5810...
2026-08-15 11:21:02 | Checkpoint saved successfully!

2026-08-15 11:21:02 | Deleted old checkpoint: ./checkpoints\step_5800
2026-08-15 11:21:09 | Step 5815/10150 | Loss: 2.3471 | LR: 2.985975e-04
2026-08-15 11:21:12 |   >> Validation Loss: 2.2751
2026-08-15 11:21:12 |   --> Seen Generation @ step 5815:
Input: Translate to Vietnamese: Sorry, that question's not on here.
Output: Xin lỗi, câu hỏi đó không phải ở đây.
--------------------------------------------------
2026-08-15 11:21:12 | Saving checkpoint to ./checkpoints\step_5815...
2026-08-15 11:21:12 | Checkpoint saved successfully!

2026-08-15 11:21:12 | Deleted old checkpoint: ./checkpoints\step_5805
2026-08-15 11:21:19 | Step 5820/10150 | Loss: 2.2518 | LR: 2.982473e-04
2026-08-15 11:21:22 |   >> Validation Loss: 2.2745
2026-08-15 11:21:22 |   --> Seen Generation @ step 5820:
Input: Translate to Vietnamese: Sorry, that question's not on here.
Output: Xin lỗi, câu hỏi đó không phải ở đây.
--------------------------------------------------
2026-08-15 11:21:22 | Saving checkpoint to ./checkpoints\step_5820...
2026-08-15 11:21:22 | Checkpoint saved successfully!

2026-08-15 11:21:23 | Deleted old checkpoint: ./checkpoints\step_5810
2026-08-15 11:21:29 | Step 5825/10150 | Loss: 2.3328 | LR: 2.978969e-04
2026-08-15 11:21:33 |   >> Validation Loss: 2.2754
2026-08-15 11:21:33 |   --> Seen Generation @ step 5825:
Input: Translate to Vietnamese: Sorry, that question's not on here.
Output: Xin lỗi, câu hỏi đó không phải ở đây.
--------------------------------------------------
2026-08-15 11:21:33 | Saving checkpoint to ./checkpoints\step_5825...
2026-08-15 11:21:33 | Checkpoint saved successfully!

2026-08-15 11:21:33 | Deleted old checkpoint: ./checkpoints\step_5815
2026-08-15 11:21:40 | Step 5830/10150 | Loss: 2.2326 | LR: 2.975465e-04
2026-08-15 11:21:43 |   >> Validation Loss: 2.2745
2026-08-15 11:21:43 |   --> Seen Generation @ step 5830:
Input: Translate to Vietnamese: Sorry, that question's not on here.
Output: Xin lỗi, câu hỏi đó không phải ở đây.
--------------------------------------------------
2026-08-15 11:21:43 | Saving checkpoint to ./checkpoints\step_5830...
2026-08-15 11:21:43 | Checkpoint saved successfully!

2026-08-15 11:21:43 | Deleted old checkpoint: ./checkpoints\step_5820
2026-08-15 11:21:50 | Step 5835/10150 | Loss: 2.2220 | LR: 2.971960e-04
2026-08-15 11:21:54 |   >> Validation Loss: 2.2747
2026-08-15 11:21:54 |   --> Seen Generation @ step 5835:
Input: Translate to Vietnamese: Sorry, that question's not on here.
Output: Xin lỗi, câu hỏi đó không phải ở đây.
--------------------------------------------------
2026-08-15 11:21:54 | Saving checkpoint to ./checkpoints\step_5835...
2026-08-15 11:21:54 | Checkpoint saved successfully!

2026-08-15 11:21:54 | Deleted old checkpoint: ./checkpoints\step_5825
2026-08-15 11:22:01 | Step 5840/10150 | Loss: 2.3209 | LR: 2.968453e-04
2026-08-15 11:22:04 |   >> Validation Loss: 2.2752
2026-08-15 11:22:04 |   --> Seen Generation @ step 5840:
Input: Translate to Vietnamese: Sorry, that question's not on here.
Output: Xin lỗi, câu hỏi đó không phải ở đây.
--------------------------------------------------
2026-08-15 11:22:04 | Saving checkpoint to ./checkpoints\step_5840...
2026-08-15 11:22:04 | Checkpoint saved successfully!

2026-08-15 11:22:04 | Deleted old checkpoint: ./checkpoints\step_5830
2026-08-15 11:22:11 | Step 5845/10150 | Loss: 2.2593 | LR: 2.964946e-04
2026-08-15 11:22:15 |   >> Validation Loss: 2.2740
2026-08-15 11:22:15 |   --> Seen Generation @ step 5845:
Input: Translate to Vietnamese: Sorry, that question's not on here.
Output: Xin lỗi, câu hỏi đó không phải ở đây.
--------------------------------------------------
2026-08-15 11:22:15 | Saving checkpoint to ./checkpoints\step_5845...
2026-08-15 11:22:15 | Checkpoint saved successfully!

2026-08-15 11:22:15 | Deleted old checkpoint: ./checkpoints\step_5835
2026-08-15 11:22:22 | Step 5850/10150 | Loss: 2.2407 | LR: 2.961438e-04
2026-08-15 11:22:25 |   >> Validation Loss: 2.2732
2026-08-15 11:22:25 |   --> Seen Generation @ step 5850:
Input: Translate to Vietnamese: Sorry, that question's not on here.
Output: Xin lỗi, câu hỏi đó không phải ở đây.
--------------------------------------------------
2026-08-15 11:22:25 | Saving checkpoint to ./checkpoints\step_5850...
2026-08-15 11:22:25 | Checkpoint saved successfully!

2026-08-15 11:22:25 | Deleted old checkpoint: ./checkpoints\step_5840
2026-08-15 11:22:32 | Step 5855/10150 | Loss: 2.2323 | LR: 2.957929e-04
2026-08-15 11:22:35 |   >> Validation Loss: 2.2755
2026-08-15 11:22:35 |   --> Seen Generation @ step 5855:
Input: Translate to Vietnamese: Sorry, that question's not on here.
Output: Xin lỗi, câu hỏi không ở đây.
--------------------------------------------------
2026-08-15 11:22:35 | Saving checkpoint to ./checkpoints\step_5855...
2026-08-15 11:22:36 | Checkpoint saved successfully!

2026-08-15 11:22:36 | Deleted old checkpoint: ./checkpoints\step_5845
2026-08-15 11:22:42 | Step 5860/10150 | Loss: 2.3217 | LR: 2.954419e-04
2026-08-15 11:22:46 |   >> Validation Loss: 2.2746
2026-08-15 11:22:46 |   --> Seen Generation @ step 5860:
Input: Translate to Vietnamese: Sorry, that question's not on here.
Output: Xin lỗi, câu hỏi đó không phải ở đây.
--------------------------------------------------
2026-08-15 11:22:46 | Saving checkpoint to ./checkpoints\step_5860...
2026-08-15 11:22:46 | Checkpoint saved successfully!

2026-08-15 11:22:46 | Deleted old checkpoint: ./checkpoints\step_5850
2026-08-15 11:22:53 | Step 5865/10150 | Loss: 2.3086 | LR: 2.950908e-04
2026-08-15 11:22:56 |   >> Validation Loss: 2.2725
2026-08-15 11:22:56 |   --> Seen Generation @ step 5865:
Input: Translate to Vietnamese: Sorry, that question's not on here.
Output: Xin lỗi, câu hỏi đó không phải ở đây.
--------------------------------------------------
2026-08-15 11:22:56 | Saving checkpoint to ./checkpoints\step_5865...
2026-08-15 11:22:56 | Checkpoint saved successfully!

2026-08-15 11:22:56 | Deleted old checkpoint: ./checkpoints\step_5855
2026-08-15 11:23:03 | Step 5870/10150 | Loss: 2.3006 | LR: 2.947396e-04
2026-08-15 11:23:07 |   >> Validation Loss: 2.2727
2026-08-15 11:23:07 |   --> Seen Generation @ step 5870:
Input: Translate to Vietnamese: Sorry, that question's not on here.
Output: Xin lỗi, câu hỏi không ở đây.
--------------------------------------------------
2026-08-15 11:23:07 | Saving checkpoint to ./checkpoints\step_5870...
2026-08-15 11:23:07 | Checkpoint saved successfully!

2026-08-15 11:23:07 | Deleted old checkpoint: ./checkpoints\step_5860
2026-08-15 11:23:14 | Step 5875/10150 | Loss: 2.2900 | LR: 2.943883e-04
2026-08-15 11:23:17 |   >> Validation Loss: 2.2714
2026-08-15 11:23:17 |   --> Seen Generation @ step 5875:
Input: Translate to Vietnamese: Sorry, that question's not on here.
Output: Xin lỗi, câu hỏi không ở đây.
--------------------------------------------------
2026-08-15 11:23:17 | Saving checkpoint to ./checkpoints\step_5875...
2026-08-15 11:23:17 | Checkpoint saved successfully!

2026-08-15 11:23:17 | Deleted old checkpoint: ./checkpoints\step_5865
2026-08-15 11:23:24 | Step 5880/10150 | Loss: 2.2736 | LR: 2.940369e-04
2026-08-15 11:23:28 |   >> Validation Loss: 2.2715
2026-08-15 11:23:28 |   --> Seen Generation @ step 5880:
Input: Translate to Vietnamese: Sorry, that question's not on here.
Output: Xin lỗi, câu hỏi đó không phải ở đây.
--------------------------------------------------
2026-08-15 11:23:28 | Saving checkpoint to ./checkpoints\step_5880...
2026-08-15 11:23:28 | Checkpoint saved successfully!

2026-08-15 11:23:28 | Deleted old checkpoint: ./checkpoints\step_5870
2026-08-15 11:23:35 | Step 5885/10150 | Loss: 2.3155 | LR: 2.936855e-04
2026-08-15 11:23:38 |   >> Validation Loss: 2.2716
2026-08-15 11:23:38 |   --> Seen Generation @ step 5885:
Input: Translate to Vietnamese: Sorry, that question's not on here.
Output: Xin lỗi, câu hỏi đó không phải ở đây.
--------------------------------------------------
2026-08-15 11:23:38 | Saving checkpoint to ./checkpoints\step_5885...
2026-08-15 11:23:38 | Checkpoint saved successfully!

2026-08-15 11:23:38 | Deleted old checkpoint: ./checkpoints\step_5875
2026-08-15 11:23:45 | Step 5890/10150 | Loss: 2.2977 | LR: 2.933339e-04
2026-08-15 11:23:49 |   >> Validation Loss: 2.2734
2026-08-15 11:23:49 |   --> Seen Generation @ step 5890:
Input: Translate to Vietnamese: Sorry, that question's not on here.
Output: Xin lỗi, câu hỏi đó không phải ở đây.
--------------------------------------------------
2026-08-15 11:23:49 | Saving checkpoint to ./checkpoints\step_5890...
2026-08-15 11:23:49 | Checkpoint saved successfully!

2026-08-15 11:23:49 | Deleted old checkpoint: ./checkpoints\step_5880
2026-08-15 11:23:56 | Step 5895/10150 | Loss: 2.2746 | LR: 2.929823e-04
2026-08-15 11:23:59 |   >> Validation Loss: 2.2715
2026-08-15 11:23:59 |   --> Seen Generation @ step 5895:
Input: Translate to Vietnamese: Sorry, that question's not on here.
Output: Xin lỗi, câu hỏi đó không phải ở đây.
--------------------------------------------------
2026-08-15 11:23:59 | Saving checkpoint to ./checkpoints\step_5895...
2026-08-15 11:23:59 | Checkpoint saved successfully!

2026-08-15 11:23:59 | Deleted old checkpoint: ./checkpoints\step_5885
2026-08-15 11:24:06 | Step 5900/10150 | Loss: 2.2777 | LR: 2.926305e-04
2026-08-15 11:24:10 |   >> Validation Loss: 2.2713
2026-08-15 11:24:10 |   --> Seen Generation @ step 5900:
Input: Translate to Vietnamese: Sorry, that question's not on here.
Output: Xin lỗi, câu hỏi đó không phải ở đây.
--------------------------------------------------
2026-08-15 11:24:10 | Saving checkpoint to ./checkpoints\step_5900...
2026-08-15 11:24:10 | Checkpoint saved successfully!

2026-08-15 11:24:10 | Deleted old checkpoint: ./checkpoints\step_5890
2026-08-15 11:24:17 | Step 5905/10150 | Loss: 2.2386 | LR: 2.922787e-04
2026-08-15 11:24:20 |   >> Validation Loss: 2.2735
2026-08-15 11:24:20 |   --> Seen Generation @ step 5905:
Input: Translate to Vietnamese: Sorry, that question's not on here.
Output: Xin lỗi, câu hỏi đó không phải ở đây.
--------------------------------------------------
2026-08-15 11:24:20 | Saving checkpoint to ./checkpoints\step_5905...
2026-08-15 11:24:20 | Checkpoint saved successfully!

2026-08-15 11:24:20 | Deleted old checkpoint: ./checkpoints\step_5895
2026-08-15 11:24:27 | Step 5910/10150 | Loss: 2.2898 | LR: 2.919268e-04
2026-08-15 11:24:31 |   >> Validation Loss: 2.2732
2026-08-15 11:24:31 |   --> Seen Generation @ step 5910:
Input: Translate to Vietnamese: Sorry, that question's not on here.
Output: Xin lỗi, câu hỏi đó không phải ở đây.
--------------------------------------------------
2026-08-15 11:24:31 | Saving checkpoint to ./checkpoints\step_5910...
2026-08-15 11:24:31 | Checkpoint saved successfully!

2026-08-15 11:24:31 | Deleted old checkpoint: ./checkpoints\step_5900
2026-08-15 11:24:38 | Step 5915/10150 | Loss: 2.2806 | LR: 2.915748e-04
2026-08-15 11:24:41 |   >> Validation Loss: 2.2736
2026-08-15 11:24:41 |   --> Seen Generation @ step 5915:
Input: Translate to Vietnamese: Sorry, that question's not on here.
Output: Xin lỗi, câu hỏi không ở đây.
--------------------------------------------------
2026-08-15 11:24:41 | Saving checkpoint to ./checkpoints\step_5915...
2026-08-15 11:24:41 | Checkpoint saved successfully!

2026-08-15 11:24:41 | Deleted old checkpoint: ./checkpoints\step_5905
2026-08-15 11:24:48 | Step 5920/10150 | Loss: 2.2406 | LR: 2.912228e-04
2026-08-15 11:24:51 |   >> Validation Loss: 2.2705
2026-08-15 11:24:52 |   --> Seen Generation @ step 5920:
Input: Translate to Vietnamese: Sorry, that question's not on here.
Output: Xin lỗi, câu hỏi không ở đây.
--------------------------------------------------
2026-08-15 11:24:52 | Saving checkpoint to ./checkpoints\step_5920...
2026-08-15 11:24:52 | Checkpoint saved successfully!

2026-08-15 11:24:52 | Deleted old checkpoint: ./checkpoints\step_5910
2026-08-15 11:24:59 | Step 5925/10150 | Loss: 2.1896 | LR: 2.908706e-04
2026-08-15 11:25:02 |   >> Validation Loss: 2.2689
2026-08-15 11:25:02 |   --> Seen Generation @ step 5925:
Input: Translate to Vietnamese: Sorry, that question's not on here.
Output: Xin lỗi, câu hỏi đó không phải ở đây.
--------------------------------------------------
2026-08-15 11:25:02 | Saving checkpoint to ./checkpoints\step_5925...
2026-08-15 11:25:02 | Checkpoint saved successfully!

2026-08-15 11:25:02 | Deleted old checkpoint: ./checkpoints\step_5915
2026-08-15 11:25:09 | Step 5930/10150 | Loss: 2.3224 | LR: 2.905184e-04
2026-08-15 11:25:12 |   >> Validation Loss: 2.2672
2026-08-15 11:25:12 |   --> Seen Generation @ step 5930:
Input: Translate to Vietnamese: Sorry, that question's not on here.
Output: Xin lỗi, câu hỏi đó không phải ở đây.
--------------------------------------------------
2026-08-15 11:25:12 | Saving checkpoint to ./checkpoints\step_5930...
2026-08-15 11:25:13 | Checkpoint saved successfully!

2026-08-15 11:25:13 | Deleted old checkpoint: ./checkpoints\step_5920
2026-08-15 11:25:20 | Step 5935/10150 | Loss: 2.3168 | LR: 2.901661e-04
2026-08-15 11:25:23 |   >> Validation Loss: 2.2674
2026-08-15 11:25:23 |   --> Seen Generation @ step 5935:
Input: Translate to Vietnamese: Sorry, that question's not on here.
Output: Xin lỗi, câu hỏi đó không phải ở đây.
--------------------------------------------------
2026-08-15 11:25:23 | Saving checkpoint to ./checkpoints\step_5935...
2026-08-15 11:25:23 | Checkpoint saved successfully!

2026-08-15 11:25:23 | Deleted old checkpoint: ./checkpoints\step_5925
2026-08-15 11:25:30 | Step 5940/10150 | Loss: 2.3046 | LR: 2.898137e-04
2026-08-15 11:25:33 |   >> Validation Loss: 2.2680
2026-08-15 11:25:33 |   --> Seen Generation @ step 5940:
Input: Translate to Vietnamese: Sorry, that question's not on here.
Output: Xin lỗi, câu hỏi đó không phải ở đây.
--------------------------------------------------
2026-08-15 11:25:33 | Saving checkpoint to ./checkpoints\step_5940...
2026-08-15 11:25:33 | Checkpoint saved successfully!

2026-08-15 11:25:33 | Deleted old checkpoint: ./checkpoints\step_5930
2026-08-15 11:25:40 | Step 5945/10150 | Loss: 2.2782 | LR: 2.894612e-04
2026-08-15 11:25:44 |   >> Validation Loss: 2.2675
2026-08-15 11:25:44 |   --> Seen Generation @ step 5945:
Input: Translate to Vietnamese: Sorry, that question's not on here.
Output: Xin lỗi, câu hỏi không ở đây.
--------------------------------------------------
2026-08-15 11:25:44 | Saving checkpoint to ./checkpoints\step_5945...
2026-08-15 11:25:44 | Checkpoint saved successfully!

2026-08-15 11:25:44 | Deleted old checkpoint: ./checkpoints\step_5935
2026-08-15 11:25:51 | Step 5950/10150 | Loss: 2.2749 | LR: 2.891086e-04
2026-08-15 11:25:54 |   >> Validation Loss: 2.2666
2026-08-15 11:25:54 |   --> Seen Generation @ step 5950:
Input: Translate to Vietnamese: Sorry, that question's not on here.
Output: Xin lỗi, câu hỏi không phải ở đây.
--------------------------------------------------
2026-08-15 11:25:54 | Saving checkpoint to ./checkpoints\step_5950...
2026-08-15 11:25:54 | Checkpoint saved successfully!

2026-08-15 11:25:54 | Deleted old checkpoint: ./checkpoints\step_5940
2026-08-15 11:26:01 | Step 5955/10150 | Loss: 2.2532 | LR: 2.887560e-04
2026-08-15 11:26:05 |   >> Validation Loss: 2.2679
2026-08-15 11:26:05 |   --> Seen Generation @ step 5955:
Input: Translate to Vietnamese: Sorry, that question's not on here.
Output: Xin lỗi, câu hỏi không phải ở đây.
--------------------------------------------------
2026-08-15 11:26:05 | Saving checkpoint to ./checkpoints\step_5955...
2026-08-15 11:26:05 | Checkpoint saved successfully!

2026-08-15 11:26:05 | Deleted old checkpoint: ./checkpoints\step_5945
2026-08-15 11:26:12 | Step 5960/10150 | Loss: 2.3044 | LR: 2.884032e-04
2026-08-15 11:26:15 |   >> Validation Loss: 2.2676
2026-08-15 11:26:15 |   --> Seen Generation @ step 5960:
Input: Translate to Vietnamese: Sorry, that question's not on here.
Output: Xin lỗi, câu hỏi không phải ở đây.
--------------------------------------------------
2026-08-15 11:26:15 | Saving checkpoint to ./checkpoints\step_5960...
2026-08-15 11:26:15 | Checkpoint saved successfully!

2026-08-15 11:26:15 | Deleted old checkpoint: ./checkpoints\step_5950
2026-08-15 11:26:22 | Step 5965/10150 | Loss: 2.2711 | LR: 2.880504e-04
2026-08-15 11:26:26 |   >> Validation Loss: 2.2675
2026-08-15 11:26:26 |   --> Seen Generation @ step 5965:
Input: Translate to Vietnamese: Sorry, that question's not on here.
Output: Xin lỗi, câu hỏi không phải ở đây.
--------------------------------------------------
2026-08-15 11:26:26 | Saving checkpoint to ./checkpoints\step_5965...
2026-08-15 11:26:26 | Checkpoint saved successfully!

2026-08-15 11:26:26 | Deleted old checkpoint: ./checkpoints\step_5955
2026-08-15 11:26:33 | Step 5970/10150 | Loss: 2.2415 | LR: 2.876976e-04
2026-08-15 11:26:36 |   >> Validation Loss: 2.2682
2026-08-15 11:26:36 |   --> Seen Generation @ step 5970:
Input: Translate to Vietnamese: Sorry, that question's not on here.
Output: Xin lỗi, câu hỏi đó không phải ở đây.
--------------------------------------------------
2026-08-15 11:26:36 | Saving checkpoint to ./checkpoints\step_5970...
2026-08-15 11:26:36 | Checkpoint saved successfully!

2026-08-15 11:26:36 | Deleted old checkpoint: ./checkpoints\step_5960
2026-08-15 11:26:43 | Step 5975/10150 | Loss: 2.2903 | LR: 2.873446e-04
2026-08-15 11:26:47 |   >> Validation Loss: 2.2671
2026-08-15 11:26:47 |   --> Seen Generation @ step 5975:
Input: Translate to Vietnamese: Sorry, that question's not on here.
Output: Xin lỗi, câu hỏi không ở đây.
--------------------------------------------------
2026-08-15 11:26:47 | Saving checkpoint to ./checkpoints\step_5975...
2026-08-15 11:26:47 | Checkpoint saved successfully!

2026-08-15 11:26:47 | Deleted old checkpoint: ./checkpoints\step_5965
2026-08-15 11:26:54 | Step 5980/10150 | Loss: 2.3157 | LR: 2.869916e-04
2026-08-15 11:26:57 |   >> Validation Loss: 2.2673
2026-08-15 11:26:57 |   --> Seen Generation @ step 5980:
Input: Translate to Vietnamese: Sorry, that question's not on here.
Output: Xin lỗi, câu hỏi đó không phải ở đây.
--------------------------------------------------
2026-08-15 11:26:57 | Saving checkpoint to ./checkpoints\step_5980...
2026-08-15 11:26:57 | Checkpoint saved successfully!

2026-08-15 11:26:57 | Deleted old checkpoint: ./checkpoints\step_5970
2026-08-15 11:27:04 | Step 5985/10150 | Loss: 2.3267 | LR: 2.866385e-04
2026-08-15 11:27:08 |   >> Validation Loss: 2.2658
2026-08-15 11:27:08 |   --> Seen Generation @ step 5985:
Input: Translate to Vietnamese: Sorry, that question's not on here.
Output: Xin lỗi, câu hỏi đó không phải ở đây.
--------------------------------------------------
2026-08-15 11:27:08 | Saving checkpoint to ./checkpoints\step_5985...
2026-08-15 11:27:08 | Checkpoint saved successfully!

2026-08-15 11:27:08 | Deleted old checkpoint: ./checkpoints\step_5975
2026-08-15 11:27:15 | Step 5990/10150 | Loss: 2.3265 | LR: 2.862853e-04
2026-08-15 11:27:18 |   >> Validation Loss: 2.2659
2026-08-15 11:27:18 |   --> Seen Generation @ step 5990:
Input: Translate to Vietnamese: Sorry, that question's not on here.
Output: Xin lỗi, câu hỏi đó không phải ở đây.
--------------------------------------------------
2026-08-15 11:27:18 | Saving checkpoint to ./checkpoints\step_5990...
2026-08-15 11:27:18 | Checkpoint saved successfully!

2026-08-15 11:27:18 | Deleted old checkpoint: ./checkpoints\step_5980
2026-08-15 11:27:25 | Step 5995/10150 | Loss: 2.3640 | LR: 2.859320e-04
2026-08-15 11:27:28 |   >> Validation Loss: 2.2661
2026-08-15 11:27:29 |   --> Seen Generation @ step 5995:
Input: Translate to Vietnamese: Sorry, that question's not on here.
Output: Xin lỗi, câu hỏi đó không phải ở đây.
--------------------------------------------------
2026-08-15 11:27:29 | Saving checkpoint to ./checkpoints\step_5995...
2026-08-15 11:27:29 | Checkpoint saved successfully!

2026-08-15 11:27:29 | Deleted old checkpoint: ./checkpoints\step_5985
2026-08-15 11:27:36 | Step 6000/10150 | Loss: 2.2315 | LR: 2.855787e-04
2026-08-15 11:27:39 |   >> Validation Loss: 2.2657
2026-08-15 11:27:39 |   --> Seen Generation @ step 6000:
Input: Translate to Vietnamese: Sorry, that question's not on here.
Output: Xin lỗi, câu hỏi đó không phải ở đây.
--------------------------------------------------
2026-08-15 11:27:39 | Saving checkpoint to ./checkpoints\step_6000...
2026-08-15 11:27:39 | Checkpoint saved successfully!

2026-08-15 11:27:39 | Deleted old checkpoint: ./checkpoints\step_5990
2026-08-15 11:27:46 | Step 6005/10150 | Loss: 2.2499 | LR: 2.852253e-04
2026-08-15 11:27:49 |   >> Validation Loss: 2.2671
2026-08-15 11:27:50 |   --> Seen Generation @ step 6005:
Input: Translate to Vietnamese: Sorry, that question's not on here.
Output: Xin lỗi, câu hỏi đó không phải ở đây.
--------------------------------------------------
2026-08-15 11:27:50 | Saving checkpoint to ./checkpoints\step_6005...
2026-08-15 11:27:50 | Checkpoint saved successfully!

2026-08-15 11:27:50 | Deleted old checkpoint: ./checkpoints\step_5995
2026-08-15 11:27:57 | Step 6010/10150 | Loss: 2.3615 | LR: 2.848718e-04
2026-08-15 11:28:00 |   >> Validation Loss: 2.2664
2026-08-15 11:28:00 |   --> Seen Generation @ step 6010:
Input: Translate to Vietnamese: Sorry, that question's not on here.
Output: Xin lỗi, câu hỏi đó không phải ở đây.
--------------------------------------------------
2026-08-15 11:28:00 | Saving checkpoint to ./checkpoints\step_6010...
2026-08-15 11:28:00 | Checkpoint saved successfully!

2026-08-15 11:28:00 | Deleted old checkpoint: ./checkpoints\step_6000
2026-08-15 11:28:07 | Step 6015/10150 | Loss: 2.2814 | LR: 2.845183e-04
2026-08-15 11:28:10 |   >> Validation Loss: 2.2640
2026-08-15 11:28:10 |   --> Seen Generation @ step 6015:
Input: Translate to Vietnamese: Sorry, that question's not on here.
Output: Xin lỗi, câu hỏi đó không phải ở đây.
--------------------------------------------------
2026-08-15 11:28:10 | Saving checkpoint to ./checkpoints\step_6015...
2026-08-15 11:28:11 | Checkpoint saved successfully!

2026-08-15 11:28:11 | Deleted old checkpoint: ./checkpoints\step_6005
2026-08-15 11:28:18 | Step 6020/10150 | Loss: 2.3082 | LR: 2.841647e-04
2026-08-15 11:28:21 |   >> Validation Loss: 2.2651
2026-08-15 11:28:21 |   --> Seen Generation @ step 6020:
Input: Translate to Vietnamese: Sorry, that question's not on here.
Output: Xin lỗi, câu hỏi đó không phải ở đây.
--------------------------------------------------
2026-08-15 11:28:21 | Saving checkpoint to ./checkpoints\step_6020...
2026-08-15 11:28:21 | Checkpoint saved successfully!

2026-08-15 11:28:21 | Deleted old checkpoint: ./checkpoints\step_6010
2026-08-15 11:28:28 | Step 6025/10150 | Loss: 2.3344 | LR: 2.838110e-04
2026-08-15 11:28:31 |   >> Validation Loss: 2.2654
2026-08-15 11:28:31 |   --> Seen Generation @ step 6025:
Input: Translate to Vietnamese: Sorry, that question's not on here.
Output: Xin lỗi, câu hỏi đó không phải ở đây.
--------------------------------------------------
2026-08-15 11:28:31 | Saving checkpoint to ./checkpoints\step_6025...
2026-08-15 11:28:32 | Checkpoint saved successfully!

2026-08-15 11:28:32 | Deleted old checkpoint: ./checkpoints\step_6015
2026-08-15 11:28:39 | Step 6030/10150 | Loss: 2.2987 | LR: 2.834572e-04
2026-08-15 11:28:42 |   >> Validation Loss: 2.2643
2026-08-15 11:28:42 |   --> Seen Generation @ step 6030:
Input: Translate to Vietnamese: Sorry, that question's not on here.
Output: Xin lỗi, câu hỏi đó không phải ở đây.
--------------------------------------------------
2026-08-15 11:28:42 | Saving checkpoint to ./checkpoints\step_6030...
2026-08-15 11:28:42 | Checkpoint saved successfully!

2026-08-15 11:28:42 | Deleted old checkpoint: ./checkpoints\step_6020
2026-08-15 11:28:49 | Step 6035/10150 | Loss: 2.2538 | LR: 2.831034e-04
2026-08-15 11:28:52 |   >> Validation Loss: 2.2634
2026-08-15 11:28:52 |   --> Seen Generation @ step 6035:
Input: Translate to Vietnamese: Sorry, that question's not on here.
Output: Xin lỗi, câu hỏi đó không phải ở đây.
--------------------------------------------------
2026-08-15 11:28:52 | Saving checkpoint to ./checkpoints\step_6035...
2026-08-15 11:28:53 | Checkpoint saved successfully!

2026-08-15 11:28:53 | Deleted old checkpoint: ./checkpoints\step_6025
2026-08-15 11:28:59 | Step 6040/10150 | Loss: 2.2330 | LR: 2.827495e-04
2026-08-15 11:29:03 |   >> Validation Loss: 2.2624
2026-08-15 11:29:03 |   --> Seen Generation @ step 6040:
Input: Translate to Vietnamese: Sorry, that question's not on here.
Output: Xin lỗi, câu hỏi đó không phải ở đây.
--------------------------------------------------
2026-08-15 11:29:03 | Saving checkpoint to ./checkpoints\step_6040...
2026-08-15 11:29:03 | Checkpoint saved successfully!

2026-08-15 11:29:03 | Deleted old checkpoint: ./checkpoints\step_6030
2026-08-15 11:29:10 | Step 6045/10150 | Loss: 2.2875 | LR: 2.823956e-04
2026-08-15 11:29:13 |   >> Validation Loss: 2.2629
2026-08-15 11:29:13 |   --> Seen Generation @ step 6045:
Input: Translate to Vietnamese: Sorry, that question's not on here.
Output: Xin lỗi, câu hỏi đó không phải ở đây.
--------------------------------------------------
2026-08-15 11:29:13 | Saving checkpoint to ./checkpoints\step_6045...
2026-08-15 11:29:13 | Checkpoint saved successfully!

2026-08-15 11:29:13 | Deleted old checkpoint: ./checkpoints\step_6035
2026-08-15 11:29:20 | Step 6050/10150 | Loss: 2.1907 | LR: 2.820415e-04
2026-08-15 11:29:24 |   >> Validation Loss: 2.2628
2026-08-15 11:29:24 |   --> Seen Generation @ step 6050:
Input: Translate to Vietnamese: Sorry, that question's not on here.
Output: Xin lỗi, câu hỏi đó không phải ở đây.
--------------------------------------------------
2026-08-15 11:29:24 | Saving checkpoint to ./checkpoints\step_6050...
2026-08-15 11:29:24 | Checkpoint saved successfully!

2026-08-15 11:29:24 | Deleted old checkpoint: ./checkpoints\step_6040
2026-08-15 11:29:31 | Step 6055/10150 | Loss: 2.3418 | LR: 2.816875e-04
2026-08-15 11:29:34 |   >> Validation Loss: 2.2643
2026-08-15 11:29:34 |   --> Seen Generation @ step 6055:
Input: Translate to Vietnamese: Sorry, that question's not on here.
Output: Xin lỗi, câu hỏi đó không phải ở đây.
--------------------------------------------------
2026-08-15 11:29:34 | Saving checkpoint to ./checkpoints\step_6055...
2026-08-15 11:29:34 | Checkpoint saved successfully!

2026-08-15 11:29:34 | Deleted old checkpoint: ./checkpoints\step_6045
2026-08-15 11:29:41 | Step 6060/10150 | Loss: 2.2835 | LR: 2.813333e-04
2026-08-15 11:29:45 |   >> Validation Loss: 2.2620
2026-08-15 11:29:45 |   --> Seen Generation @ step 6060:
Input: Translate to Vietnamese: Sorry, that question's not on here.
Output: Xin lỗi, câu hỏi đó không phải ở đây.
--------------------------------------------------
2026-08-15 11:29:45 | Saving checkpoint to ./checkpoints\step_6060...
2026-08-15 11:29:45 | Checkpoint saved successfully!

2026-08-15 11:29:45 | Deleted old checkpoint: ./checkpoints\step_6050
2026-08-15 11:29:52 | Step 6065/10150 | Loss: 2.2589 | LR: 2.809791e-04
2026-08-15 11:29:55 |   >> Validation Loss: 2.2605
2026-08-15 11:29:55 |   --> Seen Generation @ step 6065:
Input: Translate to Vietnamese: Sorry, that question's not on here.
Output: Xin lỗi, câu hỏi đó không phải ở đây.
--------------------------------------------------
2026-08-15 11:29:55 | Saving checkpoint to ./checkpoints\step_6065...
2026-08-15 11:29:55 | Checkpoint saved successfully!

2026-08-15 11:29:55 | Deleted old checkpoint: ./checkpoints\step_6055
2026-08-15 11:30:02 | Step 6070/10150 | Loss: 2.3113 | LR: 2.806248e-04
2026-08-15 11:30:06 |   >> Validation Loss: 2.2611
2026-08-15 11:30:06 |   --> Seen Generation @ step 6070:
Input: Translate to Vietnamese: Sorry, that question's not on here.
Output: Xin lỗi, câu hỏi đó không phải ở đây.
--------------------------------------------------
2026-08-15 11:30:06 | Saving checkpoint to ./checkpoints\step_6070...
2026-08-15 11:30:06 | Checkpoint saved successfully!

2026-08-15 11:30:06 | Deleted old checkpoint: ./checkpoints\step_6060
2026-08-15 11:30:13 | Step 6075/10150 | Loss: 2.2733 | LR: 2.802705e-04
2026-08-15 11:30:16 |   >> Validation Loss: 2.2610
2026-08-15 11:30:16 |   --> Seen Generation @ step 6075:
Input: Translate to Vietnamese: Sorry, that question's not on here.
Output: Xin lỗi, câu hỏi đó không phải ở đây.
--------------------------------------------------
2026-08-15 11:30:16 | Saving checkpoint to ./checkpoints\step_6075...
2026-08-15 11:30:16 | Checkpoint saved successfully!

2026-08-15 11:30:16 | Deleted old checkpoint: ./checkpoints\step_6065
2026-08-15 11:30:23 | Step 6080/10150 | Loss: 2.3302 | LR: 2.799161e-04
2026-08-15 11:30:27 |   >> Validation Loss: 2.2620
2026-08-15 11:30:27 |   --> Seen Generation @ step 6080:
Input: Translate to Vietnamese: Sorry, that question's not on here.
Output: Xin lỗi, câu hỏi đó không phải ở đây.
--------------------------------------------------
2026-08-15 11:30:27 | Saving checkpoint to ./checkpoints\step_6080...
2026-08-15 11:30:27 | Checkpoint saved successfully!

2026-08-15 11:30:27 | Deleted old checkpoint: ./checkpoints\step_6070
2026-08-15 11:30:34 | Step 6085/10150 | Loss: 2.3152 | LR: 2.795616e-04
2026-08-15 11:30:37 |   >> Validation Loss: 2.2613
2026-08-15 11:30:37 |   --> Seen Generation @ step 6085:
Input: Translate to Vietnamese: Sorry, that question's not on here.
Output: Xin lỗi, câu hỏi đó không phải ở đây.
--------------------------------------------------
2026-08-15 11:30:37 | Saving checkpoint to ./checkpoints\step_6085...
2026-08-15 11:30:37 | Checkpoint saved successfully!

2026-08-15 11:30:37 | Deleted old checkpoint: ./checkpoints\step_6075
2026-08-15 11:30:45 | Step 6090/10150 | Loss: 2.2759 | LR: 2.792071e-04
2026-08-15 11:30:48 |   >> Validation Loss: 2.2619
2026-08-15 11:30:48 |   --> Seen Generation @ step 6090:
Input: Translate to Vietnamese: Sorry, that question's not on here.
Output: Xin lỗi, câu hỏi đó không phải ở đây.
--------------------------------------------------
2026-08-15 11:30:48 | Saving checkpoint to ./checkpoints\step_6090...
2026-08-15 11:30:48 | Checkpoint saved successfully!

2026-08-15 11:30:48 | Deleted old checkpoint: ./checkpoints\step_6080
2026-08-15 11:30:55 | Step 6095/10150 | Loss: 2.1915 | LR: 2.788525e-04
2026-08-15 11:30:58 |   >> Validation Loss: 2.2623
2026-08-15 11:30:58 |   --> Seen Generation @ step 6095:
Input: Translate to Vietnamese: Sorry, that question's not on here.
Output: Xin lỗi, câu hỏi đó không phải ở đây.
--------------------------------------------------
2026-08-15 11:30:58 | Saving checkpoint to ./checkpoints\step_6095...
2026-08-15 11:30:58 | Checkpoint saved successfully!

2026-08-15 11:30:58 | Deleted old checkpoint: ./checkpoints\step_6085
2026-08-15 11:31:05 | Step 6100/10150 | Loss: 2.2881 | LR: 2.784979e-04
2026-08-15 11:31:09 |   >> Validation Loss: 2.2603
2026-08-15 11:31:09 |   --> Seen Generation @ step 6100:
Input: Translate to Vietnamese: Sorry, that question's not on here.
Output: Xin lỗi, câu hỏi đó không phải ở đây.
--------------------------------------------------
2026-08-15 11:31:09 | Saving checkpoint to ./checkpoints\step_6100...
2026-08-15 11:31:09 | Checkpoint saved successfully!

2026-08-15 11:31:09 | Deleted old checkpoint: ./checkpoints\step_6090
2026-08-15 11:31:16 | Step 6105/10150 | Loss: 2.3578 | LR: 2.781432e-04
2026-08-15 11:31:19 |   >> Validation Loss: 2.2593
2026-08-15 11:31:19 |   --> Seen Generation @ step 6105:
Input: Translate to Vietnamese: Sorry, that question's not on here.
Output: Xin lỗi, câu hỏi đó không phải ở đây.
--------------------------------------------------
2026-08-15 11:31:19 | Saving checkpoint to ./checkpoints\step_6105...
2026-08-15 11:31:19 | Checkpoint saved successfully!

2026-08-15 11:31:19 | Deleted old checkpoint: ./checkpoints\step_6095
2026-08-15 11:31:26 | Step 6110/10150 | Loss: 2.2954 | LR: 2.777884e-04
2026-08-15 11:31:30 |   >> Validation Loss: 2.2606
2026-08-15 11:31:30 |   --> Seen Generation @ step 6110:
Input: Translate to Vietnamese: Sorry, that question's not on here.
Output: Xin lỗi, câu hỏi đó không phải ở đây.
--------------------------------------------------
2026-08-15 11:31:30 | Saving checkpoint to ./checkpoints\step_6110...
2026-08-15 11:31:30 | Checkpoint saved successfully!

2026-08-15 11:31:30 | Deleted old checkpoint: ./checkpoints\step_6100
2026-08-15 11:31:37 | Step 6115/10150 | Loss: 2.2993 | LR: 2.774336e-04
2026-08-15 11:31:40 |   >> Validation Loss: 2.2594
2026-08-15 11:31:40 |   --> Seen Generation @ step 6115:
Input: Translate to Vietnamese: Sorry, that question's not on here.
Output: Xin lỗi, câu hỏi đó không phải ở đây.
--------------------------------------------------
2026-08-15 11:31:40 | Saving checkpoint to ./checkpoints\step_6115...
2026-08-15 11:31:40 | Checkpoint saved successfully!

2026-08-15 11:31:40 | Deleted old checkpoint: ./checkpoints\step_6105
2026-08-15 11:31:47 | Step 6120/10150 | Loss: 2.2800 | LR: 2.770787e-04
2026-08-15 11:31:51 |   >> Validation Loss: 2.2583
2026-08-15 11:31:51 |   --> Seen Generation @ step 6120:
Input: Translate to Vietnamese: Sorry, that question's not on here.
Output: Xin lỗi, câu hỏi đó không phải ở đây.
--------------------------------------------------
2026-08-15 11:31:51 | Saving checkpoint to ./checkpoints\step_6120...
2026-08-15 11:31:51 | Checkpoint saved successfully!

2026-08-15 11:31:51 | Deleted old checkpoint: ./checkpoints\step_6110
2026-08-15 11:31:58 | Step 6125/10150 | Loss: 2.2312 | LR: 2.767238e-04
2026-08-15 11:32:01 |   >> Validation Loss: 2.2594
2026-08-15 11:32:01 |   --> Seen Generation @ step 6125:
Input: Translate to Vietnamese: Sorry, that question's not on here.
Output: Xin lỗi, câu hỏi đó không phải ở đây.
--------------------------------------------------
2026-08-15 11:32:01 | Saving checkpoint to ./checkpoints\step_6125...
2026-08-15 11:32:01 | Checkpoint saved successfully!

2026-08-15 11:32:01 | Deleted old checkpoint: ./checkpoints\step_6115
2026-08-15 11:32:08 | Step 6130/10150 | Loss: 2.2325 | LR: 2.763688e-04
2026-08-15 11:32:11 |   >> Validation Loss: 2.2590
2026-08-15 11:32:12 |   --> Seen Generation @ step 6130:
Input: Translate to Vietnamese: Sorry, that question's not on here.
Output: Xin lỗi, câu hỏi đó không phải ở đây.
--------------------------------------------------
2026-08-15 11:32:12 | Saving checkpoint to ./checkpoints\step_6130...
2026-08-15 11:32:12 | Checkpoint saved successfully!

2026-08-15 11:32:12 | Deleted old checkpoint: ./checkpoints\step_6120
2026-08-15 11:32:19 | Step 6135/10150 | Loss: 2.2624 | LR: 2.760138e-04
2026-08-15 11:32:22 |   >> Validation Loss: 2.2597
2026-08-15 11:32:22 |   --> Seen Generation @ step 6135:
Input: Translate to Vietnamese: Sorry, that question's not on here.
Output: Xin lỗi, câu hỏi đó không phải ở đây.
--------------------------------------------------
2026-08-15 11:32:22 | Saving checkpoint to ./checkpoints\step_6135...
2026-08-15 11:32:22 | Checkpoint saved successfully!

2026-08-15 11:32:22 | Deleted old checkpoint: ./checkpoints\step_6125
2026-08-15 11:32:29 | Step 6140/10150 | Loss: 2.2675 | LR: 2.756587e-04
2026-08-15 11:32:32 |   >> Validation Loss: 2.2600
2026-08-15 11:32:32 |   --> Seen Generation @ step 6140:
Input: Translate to Vietnamese: Sorry, that question's not on here.
Output: Xin lỗi, câu hỏi đó không phải ở đây.
--------------------------------------------------
2026-08-15 11:32:32 | Saving checkpoint to ./checkpoints\step_6140...
2026-08-15 11:32:32 | Checkpoint saved successfully!

2026-08-15 11:32:32 | Deleted old checkpoint: ./checkpoints\step_6130
2026-08-15 11:32:39 | Step 6145/10150 | Loss: 2.3311 | LR: 2.753035e-04
2026-08-15 11:32:43 |   >> Validation Loss: 2.2579
2026-08-15 11:32:43 |   --> Seen Generation @ step 6145:
Input: Translate to Vietnamese: Sorry, that question's not on here.
Output: Xin lỗi, câu hỏi đó không phải ở đây.
--------------------------------------------------
2026-08-15 11:32:43 | Saving checkpoint to ./checkpoints\step_6145...
2026-08-15 11:32:43 | Checkpoint saved successfully!

2026-08-15 11:32:43 | Deleted old checkpoint: ./checkpoints\step_6135
2026-08-15 11:32:50 | Step 6150/10150 | Loss: 2.2567 | LR: 2.749483e-04
2026-08-15 11:32:53 |   >> Validation Loss: 2.2595
2026-08-15 11:32:53 |   --> Seen Generation @ step 6150:
Input: Translate to Vietnamese: Sorry, that question's not on here.
Output: Xin lỗi, câu hỏi đó không phải ở đây.
--------------------------------------------------
2026-08-15 11:32:53 | Saving checkpoint to ./checkpoints\step_6150...
2026-08-15 11:32:53 | Checkpoint saved successfully!

2026-08-15 11:32:53 | Deleted old checkpoint: ./checkpoints\step_6140
2026-08-15 11:33:00 | Step 6155/10150 | Loss: 2.2681 | LR: 2.745931e-04
2026-08-15 11:33:04 |   >> Validation Loss: 2.2589
2026-08-15 11:33:04 |   --> Seen Generation @ step 6155:
Input: Translate to Vietnamese: Sorry, that question's not on here.
Output: Xin lỗi, câu hỏi đó không phải ở đây.
--------------------------------------------------
2026-08-15 11:33:04 | Saving checkpoint to ./checkpoints\step_6155...
2026-08-15 11:33:04 | Checkpoint saved successfully!

2026-08-15 11:33:04 | Deleted old checkpoint: ./checkpoints\step_6145
2026-08-15 11:33:11 | Step 6160/10150 | Loss: 2.2554 | LR: 2.742378e-04
2026-08-15 11:33:14 |   >> Validation Loss: 2.2603
2026-08-15 11:33:14 |   --> Seen Generation @ step 6160:
Input: Translate to Vietnamese: Sorry, that question's not on here.
Output: Xin lỗi, câu hỏi không phải ở đây.
--------------------------------------------------
2026-08-15 11:33:14 | Saving checkpoint to ./checkpoints\step_6160...
2026-08-15 11:33:14 | Checkpoint saved successfully!

2026-08-15 11:33:14 | Deleted old checkpoint: ./checkpoints\step_6150
2026-08-15 11:33:21 | Step 6165/10150 | Loss: 2.3164 | LR: 2.738825e-04
2026-08-15 11:33:25 |   >> Validation Loss: 2.2597
2026-08-15 11:33:25 |   --> Seen Generation @ step 6165:
Input: Translate to Vietnamese: Sorry, that question's not on here.
Output: Xin lỗi, câu hỏi không phải ở đây.
--------------------------------------------------
2026-08-15 11:33:25 | Saving checkpoint to ./checkpoints\step_6165...
2026-08-15 11:33:25 | Checkpoint saved successfully!

2026-08-15 11:33:25 | Deleted old checkpoint: ./checkpoints\step_6155
2026-08-15 11:33:32 | Step 6170/10150 | Loss: 2.3183 | LR: 2.735271e-04
2026-08-15 11:33:35 |   >> Validation Loss: 2.2586
2026-08-15 11:33:35 |   --> Seen Generation @ step 6170:
Input: Translate to Vietnamese: Sorry, that question's not on here.
Output: Xin lỗi, câu hỏi không phải ở đây.
--------------------------------------------------
2026-08-15 11:33:35 | Saving checkpoint to ./checkpoints\step_6170...
2026-08-15 11:33:35 | Checkpoint saved successfully!

2026-08-15 11:33:35 | Deleted old checkpoint: ./checkpoints\step_6160
2026-08-15 11:33:42 | Step 6175/10150 | Loss: 2.3259 | LR: 2.731716e-04
2026-08-15 11:33:46 |   >> Validation Loss: 2.2580
2026-08-15 11:33:46 |   --> Seen Generation @ step 6175:
Input: Translate to Vietnamese: Sorry, that question's not on here.
Output: Xin lỗi, câu hỏi không phải ở đây.
--------------------------------------------------
2026-08-15 11:33:46 | Saving checkpoint to ./checkpoints\step_6175...
2026-08-15 11:33:46 | Checkpoint saved successfully!

2026-08-15 11:33:46 | Deleted old checkpoint: ./checkpoints\step_6165
2026-08-15 11:33:53 | Step 6180/10150 | Loss: 2.3216 | LR: 2.728162e-04
2026-08-15 11:33:56 |   >> Validation Loss: 2.2589
2026-08-15 11:33:56 |   --> Seen Generation @ step 6180:
Input: Translate to Vietnamese: Sorry, that question's not on here.
Output: Xin lỗi, câu hỏi không phải ở đây.
--------------------------------------------------
2026-08-15 11:33:56 | Saving checkpoint to ./checkpoints\step_6180...
2026-08-15 11:33:56 | Checkpoint saved successfully!

2026-08-15 11:33:56 | Deleted old checkpoint: ./checkpoints\step_6170
2026-08-15 11:34:03 | Step 6185/10150 | Loss: 2.3451 | LR: 2.724606e-04
2026-08-15 11:34:06 |   >> Validation Loss: 2.2561
2026-08-15 11:34:06 |   --> Seen Generation @ step 6185:
Input: Translate to Vietnamese: Sorry, that question's not on here.
Output: Xin lỗi, câu hỏi không phải ở đây.
--------------------------------------------------
2026-08-15 11:34:06 | Saving checkpoint to ./checkpoints\step_6185...
2026-08-15 11:34:07 | Checkpoint saved successfully!

2026-08-15 11:34:07 | Deleted old checkpoint: ./checkpoints\step_6175
2026-08-15 11:34:13 | Step 6190/10150 | Loss: 2.2818 | LR: 2.721050e-04
2026-08-15 11:34:17 |   >> Validation Loss: 2.2569
2026-08-15 11:34:17 |   --> Seen Generation @ step 6190:
Input: Translate to Vietnamese: Sorry, that question's not on here.
Output: Xin lỗi, câu hỏi không phải ở đây.
--------------------------------------------------
2026-08-15 11:34:17 | Saving checkpoint to ./checkpoints\step_6190...
2026-08-15 11:34:17 | Checkpoint saved successfully!

2026-08-15 11:34:17 | Deleted old checkpoint: ./checkpoints\step_6180
2026-08-15 11:34:24 | Step 6195/10150 | Loss: 2.2605 | LR: 2.717494e-04
2026-08-15 11:34:27 |   >> Validation Loss: 2.2566
2026-08-15 11:34:27 |   --> Seen Generation @ step 6195:
Input: Translate to Vietnamese: Sorry, that question's not on here.
Output: Xin lỗi, câu hỏi không phải ở đây.
--------------------------------------------------
2026-08-15 11:34:27 | Saving checkpoint to ./checkpoints\step_6195...
2026-08-15 11:34:27 | Checkpoint saved successfully!

2026-08-15 11:34:27 | Deleted old checkpoint: ./checkpoints\step_6185
2026-08-15 11:34:34 | Step 6200/10150 | Loss: 2.2998 | LR: 2.713938e-04
2026-08-15 11:34:38 |   >> Validation Loss: 2.2570
2026-08-15 11:34:38 |   --> Seen Generation @ step 6200:
Input: Translate to Vietnamese: Sorry, that question's not on here.
Output: Xin lỗi, câu hỏi đó không phải ở đây.
--------------------------------------------------
2026-08-15 11:34:38 | Saving checkpoint to ./checkpoints\step_6200...
2026-08-15 11:34:38 | Checkpoint saved successfully!

2026-08-15 11:34:38 | Deleted old checkpoint: ./checkpoints\step_6190
2026-08-15 11:34:45 | Step 6205/10150 | Loss: 2.3413 | LR: 2.710380e-04
2026-08-15 11:34:48 |   >> Validation Loss: 2.2569
2026-08-15 11:34:48 |   --> Seen Generation @ step 6205:
Input: Translate to Vietnamese: Sorry, that question's not on here.
Output: Xin lỗi, câu hỏi không phải ở đây.
--------------------------------------------------
2026-08-15 11:34:48 | Saving checkpoint to ./checkpoints\step_6205...
2026-08-15 11:34:48 | Checkpoint saved successfully!

2026-08-15 11:34:48 | Deleted old checkpoint: ./checkpoints\step_6195
2026-08-15 11:34:55 | Step 6210/10150 | Loss: 2.1930 | LR: 2.706823e-04
2026-08-15 11:34:59 |   >> Validation Loss: 2.2565
2026-08-15 11:34:59 |   --> Seen Generation @ step 6210:
Input: Translate to Vietnamese: Sorry, that question's not on here.
Output: Xin lỗi, câu hỏi không phải ở đây.
--------------------------------------------------
2026-08-15 11:34:59 | Saving checkpoint to ./checkpoints\step_6210...
2026-08-15 11:34:59 | Checkpoint saved successfully!

2026-08-15 11:34:59 | Deleted old checkpoint: ./checkpoints\step_6200
2026-08-15 11:35:06 | Step 6215/10150 | Loss: 2.3285 | LR: 2.703265e-04
2026-08-15 11:35:09 |   >> Validation Loss: 2.2563
2026-08-15 11:35:09 |   --> Seen Generation @ step 6215:
Input: Translate to Vietnamese: Sorry, that question's not on here.
Output: Xin lỗi, câu hỏi đó không phải ở đây.
--------------------------------------------------
2026-08-15 11:35:09 | Saving checkpoint to ./checkpoints\step_6215...
2026-08-15 11:35:09 | Checkpoint saved successfully!

2026-08-15 11:35:09 | Deleted old checkpoint: ./checkpoints\step_6205
2026-08-15 11:35:16 | Step 6220/10150 | Loss: 2.2392 | LR: 2.699707e-04
2026-08-15 11:35:20 |   >> Validation Loss: 2.2560
2026-08-15 11:35:20 |   --> Seen Generation @ step 6220:
Input: Translate to Vietnamese: Sorry, that question's not on here.
Output: Xin lỗi, câu hỏi đó không phải ở đây.
--------------------------------------------------
2026-08-15 11:35:20 | Saving checkpoint to ./checkpoints\step_6220...
2026-08-15 11:35:20 | Checkpoint saved successfully!

2026-08-15 11:35:20 | Deleted old checkpoint: ./checkpoints\step_6210
2026-08-15 11:35:27 | Step 6225/10150 | Loss: 2.2630 | LR: 2.696148e-04
2026-08-15 11:35:30 |   >> Validation Loss: 2.2546
2026-08-15 11:35:30 |   --> Seen Generation @ step 6225:
Input: Translate to Vietnamese: Sorry, that question's not on here.
Output: Xin lỗi, câu hỏi không phải ở đây.
--------------------------------------------------
2026-08-15 11:35:30 | Saving checkpoint to ./checkpoints\step_6225...
2026-08-15 11:35:31 | Checkpoint saved successfully!

2026-08-15 11:35:31 | Deleted old checkpoint: ./checkpoints\step_6215
2026-08-15 11:35:38 | Step 6230/10150 | Loss: 2.2740 | LR: 2.692589e-04
2026-08-15 11:35:41 |   >> Validation Loss: 2.2551
2026-08-15 11:35:41 |   --> Seen Generation @ step 6230:
Input: Translate to Vietnamese: Sorry, that question's not on here.
Output: Xin lỗi, câu hỏi không phải ở đây.
--------------------------------------------------
2026-08-15 11:35:41 | Saving checkpoint to ./checkpoints\step_6230...
2026-08-15 11:35:41 | Checkpoint saved successfully!

2026-08-15 11:35:41 | Deleted old checkpoint: ./checkpoints\step_6220
2026-08-15 11:35:48 | Step 6235/10150 | Loss: 2.3207 | LR: 2.689029e-04
2026-08-15 11:35:51 |   >> Validation Loss: 2.2557
2026-08-15 11:35:51 |   --> Seen Generation @ step 6235:
Input: Translate to Vietnamese: Sorry, that question's not on here.
Output: Xin lỗi, câu hỏi không phải ở đây.
--------------------------------------------------
2026-08-15 11:35:51 | Saving checkpoint to ./checkpoints\step_6235...
2026-08-15 11:35:51 | Checkpoint saved successfully!

2026-08-15 11:35:51 | Deleted old checkpoint: ./checkpoints\step_6225
2026-08-15 11:35:58 | Step 6240/10150 | Loss: 2.2552 | LR: 2.685469e-04
2026-08-15 11:36:02 |   >> Validation Loss: 2.2598
2026-08-15 11:36:02 |   --> Seen Generation @ step 6240:
Input: Translate to Vietnamese: Sorry, that question's not on here.
Output: Xin lỗi, câu hỏi không phải ở đây.
--------------------------------------------------
2026-08-15 11:36:02 | Saving checkpoint to ./checkpoints\step_6240...
2026-08-15 11:36:02 | Checkpoint saved successfully!

2026-08-15 11:36:02 | Deleted old checkpoint: ./checkpoints\step_6230
2026-08-15 11:36:09 | Step 6245/10150 | Loss: 2.1977 | LR: 2.681909e-04
2026-08-15 11:36:12 |   >> Validation Loss: 2.2571
2026-08-15 11:36:12 |   --> Seen Generation @ step 6245:
Input: Translate to Vietnamese: Sorry, that question's not on here.
Output: Xin lỗi, câu hỏi đó không phải ở đây.
--------------------------------------------------
2026-08-15 11:36:12 | Saving checkpoint to ./checkpoints\step_6245...
2026-08-15 11:36:12 | Checkpoint saved successfully!

2026-08-15 11:36:12 | Deleted old checkpoint: ./checkpoints\step_6235
2026-08-15 11:36:19 | Step 6250/10150 | Loss: 2.2766 | LR: 2.678348e-04
2026-08-15 11:36:23 |   >> Validation Loss: 2.2552
2026-08-15 11:36:23 |   --> Seen Generation @ step 6250:
Input: Translate to Vietnamese: Sorry, that question's not on here.
Output: Xin lỗi, câu hỏi đó không phải ở đây.
--------------------------------------------------
2026-08-15 11:36:23 | Saving checkpoint to ./checkpoints\step_6250...
2026-08-15 11:36:23 | Checkpoint saved successfully!

2026-08-15 11:36:23 | Deleted old checkpoint: ./checkpoints\step_6240
2026-08-15 11:36:30 | Step 6255/10150 | Loss: 2.2481 | LR: 2.674787e-04
2026-08-15 11:36:33 |   >> Validation Loss: 2.2561
2026-08-15 11:36:33 |   --> Seen Generation @ step 6255:
Input: Translate to Vietnamese: Sorry, that question's not on here.
Output: Xin lỗi, câu hỏi đó không phải ở đây.
--------------------------------------------------
2026-08-15 11:36:33 | Saving checkpoint to ./checkpoints\step_6255...
2026-08-15 11:36:33 | Checkpoint saved successfully!

2026-08-15 11:36:33 | Deleted old checkpoint: ./checkpoints\step_6245
2026-08-15 11:36:40 | Step 6260/10150 | Loss: 2.2539 | LR: 2.671225e-04
2026-08-15 11:36:43 |   >> Validation Loss: 2.2552
2026-08-15 11:36:44 |   --> Seen Generation @ step 6260:
Input: Translate to Vietnamese: Sorry, that question's not on here.
Output: Xin lỗi, câu hỏi đó không phải ở đây.
--------------------------------------------------
2026-08-15 11:36:44 | Saving checkpoint to ./checkpoints\step_6260...
2026-08-15 11:36:44 | Checkpoint saved successfully!

2026-08-15 11:36:44 | Deleted old checkpoint: ./checkpoints\step_6250
2026-08-15 11:36:51 | Step 6265/10150 | Loss: 2.3192 | LR: 2.667664e-04
2026-08-15 11:36:54 |   >> Validation Loss: 2.2566
2026-08-15 11:36:54 |   --> Seen Generation @ step 6265:
Input: Translate to Vietnamese: Sorry, that question's not on here.
Output: Xin lỗi, câu hỏi đó không phải ở đây.
--------------------------------------------------
2026-08-15 11:36:54 | Saving checkpoint to ./checkpoints\step_6265...
2026-08-15 11:36:54 | Checkpoint saved successfully!

2026-08-15 11:36:54 | Deleted old checkpoint: ./checkpoints\step_6255
2026-08-15 11:37:01 | Step 6270/10150 | Loss: 2.2674 | LR: 2.664102e-04
2026-08-15 11:37:04 |   >> Validation Loss: 2.2540
2026-08-15 11:37:05 |   --> Seen Generation @ step 6270:
Input: Translate to Vietnamese: Sorry, that question's not on here.
Output: Xin lỗi, câu hỏi đó không phải ở đây.
--------------------------------------------------
2026-08-15 11:37:05 | Saving checkpoint to ./checkpoints\step_6270...
2026-08-15 11:37:05 | Checkpoint saved successfully!

2026-08-15 11:37:05 | Deleted old checkpoint: ./checkpoints\step_6260
2026-08-15 11:37:12 | Step 6275/10150 | Loss: 2.2163 | LR: 2.660539e-04
2026-08-15 11:37:15 |   >> Validation Loss: 2.2539
2026-08-15 11:37:15 |   --> Seen Generation @ step 6275:
Input: Translate to Vietnamese: Sorry, that question's not on here.
Output: Xin lỗi, câu hỏi đó không phải ở đây.
--------------------------------------------------
2026-08-15 11:37:15 | Saving checkpoint to ./checkpoints\step_6275...
2026-08-15 11:37:15 | Checkpoint saved successfully!

2026-08-15 11:37:15 | Deleted old checkpoint: ./checkpoints\step_6265
2026-08-15 11:37:22 | Step 6280/10150 | Loss: 2.2287 | LR: 2.656976e-04
2026-08-15 11:37:25 |   >> Validation Loss: 2.2537
2026-08-15 11:37:25 |   --> Seen Generation @ step 6280:
Input: Translate to Vietnamese: Sorry, that question's not on here.
Output: Xin lỗi, câu hỏi đó không phải ở đây.
--------------------------------------------------
2026-08-15 11:37:25 | Saving checkpoint to ./checkpoints\step_6280...
2026-08-15 11:37:26 | Checkpoint saved successfully!

2026-08-15 11:37:26 | Deleted old checkpoint: ./checkpoints\step_6270
2026-08-15 11:37:32 | Step 6285/10150 | Loss: 2.2992 | LR: 2.653413e-04
2026-08-15 11:37:36 |   >> Validation Loss: 2.2530
2026-08-15 11:37:36 |   --> Seen Generation @ step 6285:
Input: Translate to Vietnamese: Sorry, that question's not on here.
Output: Xin lỗi, câu hỏi đó không phải ở đây.
--------------------------------------------------
2026-08-15 11:37:36 | Saving checkpoint to ./checkpoints\step_6285...
2026-08-15 11:37:36 | Checkpoint saved successfully!

2026-08-15 11:37:36 | Deleted old checkpoint: ./checkpoints\step_6275
2026-08-15 11:37:43 | Step 6290/10150 | Loss: 2.2347 | LR: 2.649850e-04
2026-08-15 11:37:46 |   >> Validation Loss: 2.2552
2026-08-15 11:37:46 |   --> Seen Generation @ step 6290:
Input: Translate to Vietnamese: Sorry, that question's not on here.
Output: Xin lỗi, câu hỏi đó không phải ở đây.
--------------------------------------------------
2026-08-15 11:37:46 | Saving checkpoint to ./checkpoints\step_6290...
2026-08-15 11:37:46 | Checkpoint saved successfully!

2026-08-15 11:37:46 | Deleted old checkpoint: ./checkpoints\step_6280
2026-08-15 11:37:53 | Step 6295/10150 | Loss: 2.2186 | LR: 2.646286e-04
2026-08-15 11:37:57 |   >> Validation Loss: 2.2534
2026-08-15 11:37:57 |   --> Seen Generation @ step 6295:
Input: Translate to Vietnamese: Sorry, that question's not on here.
Output: Xin lỗi, câu hỏi đó không phải ở đây.
--------------------------------------------------
2026-08-15 11:37:57 | Saving checkpoint to ./checkpoints\step_6295...
2026-08-15 11:37:57 | Checkpoint saved successfully!

2026-08-15 11:37:57 | Deleted old checkpoint: ./checkpoints\step_6285
2026-08-15 11:38:04 | Step 6300/10150 | Loss: 2.2377 | LR: 2.642722e-04
2026-08-15 11:38:07 |   >> Validation Loss: 2.2535
2026-08-15 11:38:07 |   --> Seen Generation @ step 6300:
Input: Translate to Vietnamese: Sorry, that question's not on here.
Output: Xin lỗi, câu hỏi đó không phải ở đây.
--------------------------------------------------
2026-08-15 11:38:07 | Saving checkpoint to ./checkpoints\step_6300...
2026-08-15 11:38:07 | Checkpoint saved successfully!

2026-08-15 11:38:07 | Deleted old checkpoint: ./checkpoints\step_6290
2026-08-15 11:38:14 | Step 6305/10150 | Loss: 2.2528 | LR: 2.639158e-04
2026-08-15 11:38:18 |   >> Validation Loss: 2.2537
2026-08-15 11:38:18 |   --> Seen Generation @ step 6305:
Input: Translate to Vietnamese: Sorry, that question's not on here.
Output: Xin lỗi, câu hỏi đó không phải ở đây.
--------------------------------------------------
2026-08-15 11:38:18 | Saving checkpoint to ./checkpoints\step_6305...
2026-08-15 11:38:18 | Checkpoint saved successfully!

2026-08-15 11:38:18 | Deleted old checkpoint: ./checkpoints\step_6295
2026-08-15 11:38:25 | Step 6310/10150 | Loss: 2.2561 | LR: 2.635593e-04
2026-08-15 11:38:28 |   >> Validation Loss: 2.2550
2026-08-15 11:38:28 |   --> Seen Generation @ step 6310:
Input: Translate to Vietnamese: Sorry, that question's not on here.
Output: Xin lỗi, câu hỏi đó không phải ở đây.
--------------------------------------------------
2026-08-15 11:38:28 | Saving checkpoint to ./checkpoints\step_6310...
2026-08-15 11:38:28 | Checkpoint saved successfully!

2026-08-15 11:38:28 | Deleted old checkpoint: ./checkpoints\step_6300
2026-08-15 11:38:35 | Step 6315/10150 | Loss: 2.2118 | LR: 2.632028e-04
2026-08-15 11:38:39 |   >> Validation Loss: 2.2548
2026-08-15 11:38:39 |   --> Seen Generation @ step 6315:
Input: Translate to Vietnamese: Sorry, that question's not on here.
Output: Xin lỗi, câu hỏi đó không phải ở đây.
--------------------------------------------------
2026-08-15 11:38:39 | Saving checkpoint to ./checkpoints\step_6315...
2026-08-15 11:38:39 | Checkpoint saved successfully!

2026-08-15 11:38:39 | Deleted old checkpoint: ./checkpoints\step_6305
2026-08-15 11:38:46 | Step 6320/10150 | Loss: 2.3394 | LR: 2.628463e-04
2026-08-15 11:38:49 |   >> Validation Loss: 2.2535
2026-08-15 11:38:49 |   --> Seen Generation @ step 6320:
Input: Translate to Vietnamese: Sorry, that question's not on here.
Output: Xin lỗi, câu hỏi đó không phải ở đây.
--------------------------------------------------
2026-08-15 11:38:49 | Saving checkpoint to ./checkpoints\step_6320...
2026-08-15 11:38:49 | Checkpoint saved successfully!

2026-08-15 11:38:49 | Deleted old checkpoint: ./checkpoints\step_6310
2026-08-15 11:38:56 | Step 6325/10150 | Loss: 2.1888 | LR: 2.624898e-04
2026-08-15 11:39:00 |   >> Validation Loss: 2.2537
2026-08-15 11:39:00 |   --> Seen Generation @ step 6325:
Input: Translate to Vietnamese: Sorry, that question's not on here.
Output: Xin lỗi, câu hỏi đó không phải ở đây.
--------------------------------------------------
2026-08-15 11:39:00 | Saving checkpoint to ./checkpoints\step_6325...
2026-08-15 11:39:00 | Checkpoint saved successfully!

2026-08-15 11:39:00 | Deleted old checkpoint: ./checkpoints\step_6315
2026-08-15 11:39:07 | Step 6330/10150 | Loss: 2.2977 | LR: 2.621332e-04
2026-08-15 11:39:10 |   >> Validation Loss: 2.2522
2026-08-15 11:39:10 |   --> Seen Generation @ step 6330:
Input: Translate to Vietnamese: Sorry, that question's not on here.
Output: Xin lỗi, câu hỏi đó không phải ở đây.
--------------------------------------------------
2026-08-15 11:39:10 | Saving checkpoint to ./checkpoints\step_6330...
2026-08-15 11:39:10 | Checkpoint saved successfully!

2026-08-15 11:39:10 | Deleted old checkpoint: ./checkpoints\step_6320
2026-08-15 11:39:17 | Step 6335/10150 | Loss: 2.2915 | LR: 2.617766e-04
2026-08-15 11:39:20 |   >> Validation Loss: 2.2513
2026-08-15 11:39:21 |   --> Seen Generation @ step 6335:
Input: Translate to Vietnamese: Sorry, that question's not on here.
Output: Xin lỗi, câu hỏi đó không phải ở đây.
--------------------------------------------------
2026-08-15 11:39:21 | Saving checkpoint to ./checkpoints\step_6335...
2026-08-15 11:39:21 | Checkpoint saved successfully!

2026-08-15 11:39:21 | Deleted old checkpoint: ./checkpoints\step_6325
2026-08-15 11:39:28 | Step 6340/10150 | Loss: 2.2727 | LR: 2.614200e-04
2026-08-15 11:39:31 |   >> Validation Loss: 2.2513
2026-08-15 11:39:31 |   --> Seen Generation @ step 6340:
Input: Translate to Vietnamese: Sorry, that question's not on here.
Output: Xin lỗi, câu hỏi đó không phải ở đây.
--------------------------------------------------
2026-08-15 11:39:31 | Saving checkpoint to ./checkpoints\step_6340...
2026-08-15 11:39:31 | Checkpoint saved successfully!

2026-08-15 11:39:31 | Deleted old checkpoint: ./checkpoints\step_6330
2026-08-15 11:39:38 | Step 6345/10150 | Loss: 2.2387 | LR: 2.610634e-04
2026-08-15 11:39:41 |   >> Validation Loss: 2.2514
2026-08-15 11:39:41 |   --> Seen Generation @ step 6345:
Input: Translate to Vietnamese: Sorry, that question's not on here.
Output: Xin lỗi, câu hỏi đó không phải ở đây.
--------------------------------------------------
2026-08-15 11:39:42 | Saving checkpoint to ./checkpoints\step_6345...
2026-08-15 11:39:42 | Checkpoint saved successfully!

2026-08-15 11:39:42 | Deleted old checkpoint: ./checkpoints\step_6335
2026-08-15 11:39:49 | Step 6350/10150 | Loss: 2.2642 | LR: 2.607067e-04
2026-08-15 11:39:52 |   >> Validation Loss: 2.2514
2026-08-15 11:39:52 |   --> Seen Generation @ step 6350:
Input: Translate to Vietnamese: Sorry, that question's not on here.
Output: Xin lỗi, câu hỏi đó không phải ở đây.
--------------------------------------------------
2026-08-15 11:39:52 | Saving checkpoint to ./checkpoints\step_6350...
2026-08-15 11:39:52 | Checkpoint saved successfully!

2026-08-15 11:39:52 | Deleted old checkpoint: ./checkpoints\step_6340
2026-08-15 11:39:59 | Step 6355/10150 | Loss: 2.2496 | LR: 2.603500e-04
2026-08-15 11:40:02 |   >> Validation Loss: 2.2525
2026-08-15 11:40:02 |   --> Seen Generation @ step 6355:
Input: Translate to Vietnamese: Sorry, that question's not on here.
Output: Xin lỗi, câu hỏi đó không phải ở đây.
--------------------------------------------------
2026-08-15 11:40:02 | Saving checkpoint to ./checkpoints\step_6355...
2026-08-15 11:40:03 | Checkpoint saved successfully!

2026-08-15 11:40:03 | Deleted old checkpoint: ./checkpoints\step_6345
2026-08-15 11:40:10 | Step 6360/10150 | Loss: 2.2946 | LR: 2.599933e-04
2026-08-15 11:40:13 |   >> Validation Loss: 2.2529
2026-08-15 11:40:13 |   --> Seen Generation @ step 6360:
Input: Translate to Vietnamese: Sorry, that question's not on here.
Output: Xin lỗi, câu hỏi đó không phải ở đây.
--------------------------------------------------
2026-08-15 11:40:13 | Saving checkpoint to ./checkpoints\step_6360...
2026-08-15 11:40:13 | Checkpoint saved successfully!

2026-08-15 11:40:13 | Deleted old checkpoint: ./checkpoints\step_6350
2026-08-15 11:40:20 | Step 6365/10150 | Loss: 2.2594 | LR: 2.596366e-04
2026-08-15 11:40:23 |   >> Validation Loss: 2.2526
2026-08-15 11:40:24 |   --> Seen Generation @ step 6365:
Input: Translate to Vietnamese: Sorry, that question's not on here.
Output: Xin lỗi, câu hỏi đó không phải ở đây.
--------------------------------------------------
2026-08-15 11:40:24 | Saving checkpoint to ./checkpoints\step_6365...
2026-08-15 11:40:24 | Checkpoint saved successfully!

2026-08-15 11:40:24 | Deleted old checkpoint: ./checkpoints\step_6355
2026-08-15 11:40:31 | Step 6370/10150 | Loss: 2.2232 | LR: 2.592798e-04
2026-08-15 11:40:34 |   >> Validation Loss: 2.2500
2026-08-15 11:40:34 |   --> Seen Generation @ step 6370:
Input: Translate to Vietnamese: Sorry, that question's not on here.
Output: Xin lỗi, câu hỏi đó không phải ở đây.
--------------------------------------------------
2026-08-15 11:40:34 | Saving checkpoint to ./checkpoints\step_6370...
2026-08-15 11:40:34 | Checkpoint saved successfully!

2026-08-15 11:40:34 | Deleted old checkpoint: ./checkpoints\step_6360
2026-08-15 11:40:41 | Step 6375/10150 | Loss: 2.2895 | LR: 2.589231e-04
2026-08-15 11:40:44 |   >> Validation Loss: 2.2499
2026-08-15 11:40:44 |   --> Seen Generation @ step 6375:
Input: Translate to Vietnamese: Sorry, that question's not on here.
Output: Xin lỗi, câu hỏi đó không phải ở đây.
--------------------------------------------------
2026-08-15 11:40:44 | Saving checkpoint to ./checkpoints\step_6375...
2026-08-15 11:40:45 | Checkpoint saved successfully!

2026-08-15 11:40:45 | Deleted old checkpoint: ./checkpoints\step_6365
2026-08-15 11:40:52 | Step 6380/10150 | Loss: 2.2821 | LR: 2.585663e-04
2026-08-15 11:40:55 |   >> Validation Loss: 2.2494
2026-08-15 11:40:55 |   --> Seen Generation @ step 6380:
Input: Translate to Vietnamese: Sorry, that question's not on here.
Output: Xin lỗi, câu hỏi đó không phải ở đây.
--------------------------------------------------
2026-08-15 11:40:55 | Saving checkpoint to ./checkpoints\step_6380...
2026-08-15 11:40:55 | Checkpoint saved successfully!

2026-08-15 11:40:55 | Deleted old checkpoint: ./checkpoints\step_6370
2026-08-15 11:41:02 | Step 6385/10150 | Loss: 2.2101 | LR: 2.582095e-04
2026-08-15 11:41:06 |   >> Validation Loss: 2.2501
2026-08-15 11:41:06 |   --> Seen Generation @ step 6385:
Input: Translate to Vietnamese: Sorry, that question's not on here.
Output: Xin lỗi, câu hỏi đó không phải ở đây.
--------------------------------------------------
2026-08-15 11:41:06 | Saving checkpoint to ./checkpoints\step_6385...
2026-08-15 11:41:06 | Checkpoint saved successfully!

2026-08-15 11:41:06 | Deleted old checkpoint: ./checkpoints\step_6375
2026-08-15 11:41:13 | Step 6390/10150 | Loss: 2.2824 | LR: 2.578527e-04
2026-08-15 11:41:16 |   >> Validation Loss: 2.2491
2026-08-15 11:41:16 |   --> Seen Generation @ step 6390:
Input: Translate to Vietnamese: Sorry, that question's not on here.
Output: Xin lỗi, câu hỏi đó không phải ở đây.
--------------------------------------------------
2026-08-15 11:41:16 | Saving checkpoint to ./checkpoints\step_6390...
2026-08-15 11:41:17 | Checkpoint saved successfully!

2026-08-15 11:41:17 | Deleted old checkpoint: ./checkpoints\step_6380
2026-08-15 11:41:24 | Step 6395/10150 | Loss: 2.2935 | LR: 2.574959e-04
2026-08-15 11:41:27 |   >> Validation Loss: 2.2482
2026-08-15 11:41:27 |   --> Seen Generation @ step 6395:
Input: Translate to Vietnamese: Sorry, that question's not on here.
Output: Xin lỗi, câu hỏi đó không phải ở đây.
--------------------------------------------------
2026-08-15 11:41:27 | Saving checkpoint to ./checkpoints\step_6395...
2026-08-15 11:41:27 | Checkpoint saved successfully!

2026-08-15 11:41:27 | Deleted old checkpoint: ./checkpoints\step_6385
2026-08-15 11:41:34 | Step 6400/10150 | Loss: 2.2475 | LR: 2.571390e-04
2026-08-15 11:41:37 |   >> Validation Loss: 2.2500
2026-08-15 11:41:37 |   --> Seen Generation @ step 6400:
Input: Translate to Vietnamese: Sorry, that question's not on here.
Output: Xin lỗi, câu hỏi đó không phải ở đây.
--------------------------------------------------
2026-08-15 11:41:37 | Saving checkpoint to ./checkpoints\step_6400...
2026-08-15 11:41:38 | Checkpoint saved successfully!

2026-08-15 11:41:38 | Deleted old checkpoint: ./checkpoints\step_6390
2026-08-15 11:41:45 | Step 6405/10150 | Loss: 2.3008 | LR: 2.567822e-04
2026-08-15 11:41:48 |   >> Validation Loss: 2.2487
2026-08-15 11:41:48 |   --> Seen Generation @ step 6405:
Input: Translate to Vietnamese: Sorry, that question's not on here.
Output: Xin lỗi, câu hỏi đó không phải ở đây.
--------------------------------------------------
2026-08-15 11:41:48 | Saving checkpoint to ./checkpoints\step_6405...
2026-08-15 11:41:48 | Checkpoint saved successfully!

2026-08-15 11:41:48 | Deleted old checkpoint: ./checkpoints\step_6395
2026-08-15 11:41:55 | Step 6410/10150 | Loss: 2.2344 | LR: 2.564253e-04
2026-08-15 11:41:58 |   >> Validation Loss: 2.2485
2026-08-15 11:41:58 |   --> Seen Generation @ step 6410:
Input: Translate to Vietnamese: Sorry, that question's not on here.
Output: Xin lỗi, câu hỏi đó không phải ở đây.
--------------------------------------------------
2026-08-15 11:41:58 | Saving checkpoint to ./checkpoints\step_6410...
2026-08-15 11:41:59 | Checkpoint saved successfully!

2026-08-15 11:41:59 | Deleted old checkpoint: ./checkpoints\step_6400
2026-08-15 11:42:06 | Step 6415/10150 | Loss: 2.2339 | LR: 2.560684e-04
2026-08-15 11:42:09 |   >> Validation Loss: 2.2489
2026-08-15 11:42:09 |   --> Seen Generation @ step 6415:
Input: Translate to Vietnamese: Sorry, that question's not on here.
Output: Xin lỗi, câu hỏi đó không phải ở đây.
--------------------------------------------------
2026-08-15 11:42:09 | Saving checkpoint to ./checkpoints\step_6415...
2026-08-15 11:42:09 | Checkpoint saved successfully!

2026-08-15 11:42:09 | Deleted old checkpoint: ./checkpoints\step_6405
2026-08-15 11:42:16 | Step 6420/10150 | Loss: 2.2947 | LR: 2.557115e-04
2026-08-15 11:42:19 |   >> Validation Loss: 2.2485
2026-08-15 11:42:19 |   --> Seen Generation @ step 6420:
Input: Translate to Vietnamese: Sorry, that question's not on here.
Output: Xin lỗi, câu hỏi đó không phải ở đây.
--------------------------------------------------
2026-08-15 11:42:19 | Saving checkpoint to ./checkpoints\step_6420...
2026-08-15 11:42:19 | Checkpoint saved successfully!

2026-08-15 11:42:19 | Deleted old checkpoint: ./checkpoints\step_6410
2026-08-15 11:42:26 | Step 6425/10150 | Loss: 2.2484 | LR: 2.553546e-04
2026-08-15 11:42:30 |   >> Validation Loss: 2.2489
2026-08-15 11:42:30 |   --> Seen Generation @ step 6425:
Input: Translate to Vietnamese: Sorry, that question's not on here.
Output: Xin lỗi, câu hỏi đó không phải ở đây.
--------------------------------------------------
2026-08-15 11:42:30 | Saving checkpoint to ./checkpoints\step_6425...
2026-08-15 11:42:30 | Checkpoint saved successfully!

2026-08-15 11:42:30 | Deleted old checkpoint: ./checkpoints\step_6415
2026-08-15 11:42:37 | Step 6430/10150 | Loss: 2.2588 | LR: 2.549977e-04
2026-08-15 11:42:40 |   >> Validation Loss: 2.2483
2026-08-15 11:42:40 |   --> Seen Generation @ step 6430:
Input: Translate to Vietnamese: Sorry, that question's not on here.
Output: Xin lỗi, câu hỏi đó không phải ở đây.
--------------------------------------------------
2026-08-15 11:42:40 | Saving checkpoint to ./checkpoints\step_6430...
2026-08-15 11:42:40 | Checkpoint saved successfully!

2026-08-15 11:42:40 | Deleted old checkpoint: ./checkpoints\step_6420
2026-08-15 11:42:47 | Step 6435/10150 | Loss: 2.2750 | LR: 2.546407e-04
2026-08-15 11:42:51 |   >> Validation Loss: 2.2476
2026-08-15 11:42:51 |   --> Seen Generation @ step 6435:
Input: Translate to Vietnamese: Sorry, that question's not on here.
Output: Xin lỗi, câu hỏi đó không phải ở đây.
--------------------------------------------------
2026-08-15 11:42:51 | Saving checkpoint to ./checkpoints\step_6435...
2026-08-15 11:42:51 | Checkpoint saved successfully!

2026-08-15 11:42:51 | Deleted old checkpoint: ./checkpoints\step_6425
2026-08-15 11:42:58 | Step 6440/10150 | Loss: 2.3410 | LR: 2.542838e-04
2026-08-15 11:43:01 |   >> Validation Loss: 2.2457
2026-08-15 11:43:01 |   --> Seen Generation @ step 6440:
Input: Translate to Vietnamese: Sorry, that question's not on here.
Output: Xin lỗi, câu hỏi đó không phải ở đây.
--------------------------------------------------
2026-08-15 11:43:01 | Saving checkpoint to ./checkpoints\step_6440...
2026-08-15 11:43:01 | Checkpoint saved successfully!

2026-08-15 11:43:01 | Deleted old checkpoint: ./checkpoints\step_6430
2026-08-15 11:43:08 | Step 6445/10150 | Loss: 2.2184 | LR: 2.539268e-04
2026-08-15 11:43:12 |   >> Validation Loss: 2.2453
2026-08-15 11:43:12 |   --> Seen Generation @ step 6445:
Input: Translate to Vietnamese: Sorry, that question's not on here.
Output: Xin lỗi, câu hỏi đó không phải ở đây.
--------------------------------------------------
2026-08-15 11:43:12 | Saving checkpoint to ./checkpoints\step_6445...
2026-08-15 11:43:12 | Checkpoint saved successfully!

2026-08-15 11:43:12 | Deleted old checkpoint: ./checkpoints\step_6435
2026-08-15 11:43:19 | Step 6450/10150 | Loss: 2.2675 | LR: 2.535699e-04
2026-08-15 11:43:22 |   >> Validation Loss: 2.2471
2026-08-15 11:43:22 |   --> Seen Generation @ step 6450:
Input: Translate to Vietnamese: Sorry, that question's not on here.
Output: Xin lỗi, câu hỏi đó không phải ở đây.
--------------------------------------------------
2026-08-15 11:43:22 | Saving checkpoint to ./checkpoints\step_6450...
2026-08-15 11:43:22 | Checkpoint saved successfully!

2026-08-15 11:43:22 | Deleted old checkpoint: ./checkpoints\step_6440
2026-08-15 11:43:29 | Step 6455/10150 | Loss: 2.3009 | LR: 2.532129e-04
2026-08-15 11:43:33 |   >> Validation Loss: 2.2455
2026-08-15 11:43:33 |   --> Seen Generation @ step 6455:
Input: Translate to Vietnamese: Sorry, that question's not on here.
Output: Xin lỗi, câu hỏi đó không phải ở đây.
--------------------------------------------------
2026-08-15 11:43:33 | Saving checkpoint to ./checkpoints\step_6455...
2026-08-15 11:43:33 | Checkpoint saved successfully!

2026-08-15 11:43:33 | Deleted old checkpoint: ./checkpoints\step_6445
2026-08-15 11:43:40 | Step 6460/10150 | Loss: 2.3339 | LR: 2.528559e-04
2026-08-15 11:43:43 |   >> Validation Loss: 2.2459
2026-08-15 11:43:43 |   --> Seen Generation @ step 6460:
Input: Translate to Vietnamese: Sorry, that question's not on here.
Output: Xin lỗi, câu hỏi đó không phải ở đây.
--------------------------------------------------
2026-08-15 11:43:43 | Saving checkpoint to ./checkpoints\step_6460...
2026-08-15 11:43:43 | Checkpoint saved successfully!

2026-08-15 11:43:43 | Deleted old checkpoint: ./checkpoints\step_6450
2026-08-15 11:43:50 | Step 6465/10150 | Loss: 2.2481 | LR: 2.524990e-04
2026-08-15 11:43:54 |   >> Validation Loss: 2.2457
2026-08-15 11:43:54 |   --> Seen Generation @ step 6465:
Input: Translate to Vietnamese: Sorry, that question's not on here.
Output: Xin lỗi, câu hỏi đó không phải ở đây.
--------------------------------------------------
2026-08-15 11:43:54 | Saving checkpoint to ./checkpoints\step_6465...
2026-08-15 11:43:54 | Checkpoint saved successfully!

2026-08-15 11:43:54 | Deleted old checkpoint: ./checkpoints\step_6455
2026-08-15 11:44:01 | Step 6470/10150 | Loss: 2.3163 | LR: 2.521420e-04
2026-08-15 11:44:04 |   >> Validation Loss: 2.2445
2026-08-15 11:44:04 |   --> Seen Generation @ step 6470:
Input: Translate to Vietnamese: Sorry, that question's not on here.
Output: Xin lỗi, câu hỏi đó không phải ở đây.
--------------------------------------------------
2026-08-15 11:44:04 | Saving checkpoint to ./checkpoints\step_6470...
2026-08-15 11:44:04 | Checkpoint saved successfully!

2026-08-15 11:44:04 | Deleted old checkpoint: ./checkpoints\step_6460
2026-08-15 11:44:11 | Step 6475/10150 | Loss: 2.2347 | LR: 2.517850e-04
2026-08-15 11:44:15 |   >> Validation Loss: 2.2450
2026-08-15 11:44:15 |   --> Seen Generation @ step 6475:
Input: Translate to Vietnamese: Sorry, that question's not on here.
Output: Xin lỗi, câu hỏi đó không phải ở đây.
--------------------------------------------------
2026-08-15 11:44:15 | Saving checkpoint to ./checkpoints\step_6475...
2026-08-15 11:44:15 | Checkpoint saved successfully!

2026-08-15 11:44:15 | Deleted old checkpoint: ./checkpoints\step_6465
2026-08-15 11:44:22 | Step 6480/10150 | Loss: 2.2823 | LR: 2.514280e-04
2026-08-15 11:44:25 |   >> Validation Loss: 2.2448
2026-08-15 11:44:25 |   --> Seen Generation @ step 6480:
Input: Translate to Vietnamese: Sorry, that question's not on here.
Output: Xin lỗi, câu hỏi đó không phải ở đây.
--------------------------------------------------
2026-08-15 11:44:25 | Saving checkpoint to ./checkpoints\step_6480...
2026-08-15 11:44:25 | Checkpoint saved successfully!

2026-08-15 11:44:25 | Deleted old checkpoint: ./checkpoints\step_6470
2026-08-15 11:44:32 | Step 6485/10150 | Loss: 2.3145 | LR: 2.510710e-04
2026-08-15 11:44:36 |   >> Validation Loss: 2.2442
2026-08-15 11:44:36 |   --> Seen Generation @ step 6485:
Input: Translate to Vietnamese: Sorry, that question's not on here.
Output: Xin lỗi, câu hỏi đó không phải ở đây.
--------------------------------------------------
2026-08-15 11:44:36 | Saving checkpoint to ./checkpoints\step_6485...
2026-08-15 11:44:36 | Checkpoint saved successfully!

2026-08-15 11:44:36 | Deleted old checkpoint: ./checkpoints\step_6475
2026-08-15 11:44:43 | Step 6490/10150 | Loss: 2.3271 | LR: 2.507140e-04
2026-08-15 11:44:46 |   >> Validation Loss: 2.2450
2026-08-15 11:44:46 |   --> Seen Generation @ step 6490:
Input: Translate to Vietnamese: Sorry, that question's not on here.
Output: Xin lỗi, câu hỏi đó không phải ở đây.
--------------------------------------------------
2026-08-15 11:44:46 | Saving checkpoint to ./checkpoints\step_6490...
2026-08-15 11:44:47 | Checkpoint saved successfully!

2026-08-15 11:44:47 | Deleted old checkpoint: ./checkpoints\step_6480
2026-08-15 11:44:54 | Step 6495/10150 | Loss: 2.3087 | LR: 2.503570e-04
2026-08-15 11:44:57 |   >> Validation Loss: 2.2437
2026-08-15 11:44:57 |   --> Seen Generation @ step 6495:
Input: Translate to Vietnamese: Sorry, that question's not on here.
Output: Xin lỗi, câu hỏi đó không phải ở đây.
--------------------------------------------------
2026-08-15 11:44:57 | Saving checkpoint to ./checkpoints\step_6495...
2026-08-15 11:44:57 | Checkpoint saved successfully!

2026-08-15 11:44:57 | Deleted old checkpoint: ./checkpoints\step_6485
2026-08-15 11:45:04 | Step 6500/10150 | Loss: 2.3310 | LR: 2.500000e-04
2026-08-15 11:45:07 |   >> Validation Loss: 2.2440
2026-08-15 11:45:07 |   --> Seen Generation @ step 6500:
Input: Translate to Vietnamese: Sorry, that question's not on here.
Output: Xin lỗi, câu hỏi đó không phải ở đây.
--------------------------------------------------
2026-08-15 11:45:07 | Saving checkpoint to ./checkpoints\step_6500...
2026-08-15 11:45:08 | Checkpoint saved successfully!

2026-08-15 11:45:08 | Deleted old checkpoint: ./checkpoints\step_6490
2026-08-15 11:45:15 | Step 6505/10150 | Loss: 2.2525 | LR: 2.496430e-04
2026-08-15 11:45:18 |   >> Validation Loss: 2.2441
2026-08-15 11:45:18 |   --> Seen Generation @ step 6505:
Input: Translate to Vietnamese: Sorry, that question's not on here.
Output: Xin lỗi, câu hỏi đó không phải ở đây.
--------------------------------------------------
2026-08-15 11:45:18 | Saving checkpoint to ./checkpoints\step_6505...
2026-08-15 11:45:18 | Checkpoint saved successfully!

2026-08-15 11:45:18 | Deleted old checkpoint: ./checkpoints\step_6495
2026-08-15 11:45:25 | Step 6510/10150 | Loss: 2.2811 | LR: 2.492860e-04
2026-08-15 11:45:28 |   >> Validation Loss: 2.2431
2026-08-15 11:45:28 |   --> Seen Generation @ step 6510:
Input: Translate to Vietnamese: Sorry, that question's not on here.
Output: Xin lỗi, câu hỏi đó không phải ở đây.
--------------------------------------------------
2026-08-15 11:45:28 | Saving checkpoint to ./checkpoints\step_6510...
2026-08-15 11:45:29 | Checkpoint saved successfully!

2026-08-15 11:45:29 | Deleted old checkpoint: ./checkpoints\step_6500
2026-08-15 11:45:36 | Step 6515/10150 | Loss: 2.2949 | LR: 2.489290e-04
2026-08-15 11:45:39 |   >> Validation Loss: 2.2423
2026-08-15 11:45:39 |   --> Seen Generation @ step 6515:
Input: Translate to Vietnamese: Sorry, that question's not on here.
Output: Xin lỗi, câu hỏi đó không phải ở đây.
--------------------------------------------------
2026-08-15 11:45:39 | Saving checkpoint to ./checkpoints\step_6515...
2026-08-15 11:45:39 | Checkpoint saved successfully!

2026-08-15 11:45:39 | Deleted old checkpoint: ./checkpoints\step_6505
2026-08-15 11:45:46 | Step 6520/10150 | Loss: 2.2542 | LR: 2.485720e-04
2026-08-15 11:45:49 |   >> Validation Loss: 2.2422
2026-08-15 11:45:49 |   --> Seen Generation @ step 6520:
Input: Translate to Vietnamese: Sorry, that question's not on here.
Output: Xin lỗi, câu hỏi đó không phải ở đây.
--------------------------------------------------
2026-08-15 11:45:49 | Saving checkpoint to ./checkpoints\step_6520...
2026-08-15 11:45:50 | Checkpoint saved successfully!

2026-08-15 11:45:50 | Deleted old checkpoint: ./checkpoints\step_6510
2026-08-15 11:45:57 | Step 6525/10150 | Loss: 2.2040 | LR: 2.482150e-04
2026-08-15 11:46:00 |   >> Validation Loss: 2.2426
2026-08-15 11:46:00 |   --> Seen Generation @ step 6525:
Input: Translate to Vietnamese: Sorry, that question's not on here.
Output: Xin lỗi, câu hỏi đó không phải ở đây.
--------------------------------------------------
2026-08-15 11:46:00 | Saving checkpoint to ./checkpoints\step_6525...
2026-08-15 11:46:00 | Checkpoint saved successfully!

2026-08-15 11:46:00 | Deleted old checkpoint: ./checkpoints\step_6515
2026-08-15 11:46:07 | Step 6530/10150 | Loss: 2.3019 | LR: 2.478580e-04
2026-08-15 11:46:10 |   >> Validation Loss: 2.2423
2026-08-15 11:46:10 |   --> Seen Generation @ step 6530:
Input: Translate to Vietnamese: Sorry, that question's not on here.
Output: Xin lỗi, câu hỏi đó không phải ở đây.
--------------------------------------------------
2026-08-15 11:46:10 | Saving checkpoint to ./checkpoints\step_6530...
2026-08-15 11:46:11 | Checkpoint saved successfully!

2026-08-15 11:46:11 | Deleted old checkpoint: ./checkpoints\step_6520
2026-08-15 11:46:18 | Step 6535/10150 | Loss: 2.2661 | LR: 2.475010e-04
2026-08-15 11:46:21 |   >> Validation Loss: 2.2421
2026-08-15 11:46:21 |   --> Seen Generation @ step 6535:
Input: Translate to Vietnamese: Sorry, that question's not on here.
Output: Xin lỗi, câu hỏi đó không phải ở đây.
--------------------------------------------------
2026-08-15 11:46:21 | Saving checkpoint to ./checkpoints\step_6535...
2026-08-15 11:46:21 | Checkpoint saved successfully!

2026-08-15 11:46:21 | Deleted old checkpoint: ./checkpoints\step_6525
2026-08-15 11:46:28 | Step 6540/10150 | Loss: 2.1996 | LR: 2.471441e-04
2026-08-15 11:46:31 |   >> Validation Loss: 2.2415
2026-08-15 11:46:31 |   --> Seen Generation @ step 6540:
Input: Translate to Vietnamese: Sorry, that question's not on here.
Output: Xin lỗi, câu hỏi đó không phải ở đây.
--------------------------------------------------
2026-08-15 11:46:31 | Saving checkpoint to ./checkpoints\step_6540...
2026-08-15 11:46:31 | Checkpoint saved successfully!

2026-08-15 11:46:31 | Deleted old checkpoint: ./checkpoints\step_6530
2026-08-15 11:46:38 | Step 6545/10150 | Loss: 2.3285 | LR: 2.467871e-04
2026-08-15 11:46:42 |   >> Validation Loss: 2.2410
2026-08-15 11:46:42 |   --> Seen Generation @ step 6545:
Input: Translate to Vietnamese: Sorry, that question's not on here.
Output: Xin lỗi, câu hỏi đó không phải ở đây.
--------------------------------------------------
2026-08-15 11:46:42 | Saving checkpoint to ./checkpoints\step_6545...
2026-08-15 11:46:42 | Checkpoint saved successfully!

2026-08-15 11:46:42 | Deleted old checkpoint: ./checkpoints\step_6535
2026-08-15 11:46:49 | Step 6550/10150 | Loss: 2.3176 | LR: 2.464301e-04
2026-08-15 11:46:52 |   >> Validation Loss: 2.2425
2026-08-15 11:46:52 |   --> Seen Generation @ step 6550:
Input: Translate to Vietnamese: Sorry, that question's not on here.
Output: Xin lỗi, câu hỏi đó không phải ở đây.
--------------------------------------------------
2026-08-15 11:46:52 | Saving checkpoint to ./checkpoints\step_6550...
2026-08-15 11:46:52 | Checkpoint saved successfully!

2026-08-15 11:46:52 | Deleted old checkpoint: ./checkpoints\step_6540
2026-08-15 11:46:59 | Step 6555/10150 | Loss: 2.3572 | LR: 2.460732e-04
2026-08-15 11:47:03 |   >> Validation Loss: 2.2454
2026-08-15 11:47:03 |   --> Seen Generation @ step 6555:
Input: Translate to Vietnamese: Sorry, that question's not on here.
Output: Xin lỗi, câu hỏi đó không phải ở đây.
--------------------------------------------------
2026-08-15 11:47:03 | Saving checkpoint to ./checkpoints\step_6555...
2026-08-15 11:47:03 | Checkpoint saved successfully!

2026-08-15 11:47:03 | Deleted old checkpoint: ./checkpoints\step_6545
2026-08-15 11:47:10 | Step 6560/10150 | Loss: 2.2664 | LR: 2.457162e-04
2026-08-15 11:47:13 |   >> Validation Loss: 2.2434
2026-08-15 11:47:13 |   --> Seen Generation @ step 6560:
Input: Translate to Vietnamese: Sorry, that question's not on here.
Output: Xin lỗi, câu hỏi đó không phải ở đây.
--------------------------------------------------
2026-08-15 11:47:13 | Saving checkpoint to ./checkpoints\step_6560...
2026-08-15 11:47:13 | Checkpoint saved successfully!

2026-08-15 11:47:13 | Deleted old checkpoint: ./checkpoints\step_6550
2026-08-15 11:47:20 | Step 6565/10150 | Loss: 2.2743 | LR: 2.453593e-04
2026-08-15 11:47:24 |   >> Validation Loss: 2.2418
2026-08-15 11:47:24 |   --> Seen Generation @ step 6565:
Input: Translate to Vietnamese: Sorry, that question's not on here.
Output: Xin lỗi, câu hỏi đó không phải ở đây.
--------------------------------------------------
2026-08-15 11:47:24 | Saving checkpoint to ./checkpoints\step_6565...
2026-08-15 11:47:24 | Checkpoint saved successfully!

2026-08-15 11:47:24 | Deleted old checkpoint: ./checkpoints\step_6555
2026-08-15 11:47:31 | Step 6570/10150 | Loss: 2.1963 | LR: 2.450023e-04
2026-08-15 11:47:34 |   >> Validation Loss: 2.2398
2026-08-15 11:47:34 |   --> Seen Generation @ step 6570:
Input: Translate to Vietnamese: Sorry, that question's not on here.
Output: Xin lỗi, câu hỏi đó không phải ở đây.
--------------------------------------------------
2026-08-15 11:47:34 | Saving checkpoint to ./checkpoints\step_6570...
2026-08-15 11:47:34 | Checkpoint saved successfully!

2026-08-15 11:47:34 | Deleted old checkpoint: ./checkpoints\step_6560
2026-08-15 11:47:41 | Step 6575/10150 | Loss: 2.3725 | LR: 2.446454e-04
2026-08-15 11:47:44 |   >> Validation Loss: 2.2399
2026-08-15 11:47:44 |   --> Seen Generation @ step 6575:
Input: Translate to Vietnamese: Sorry, that question's not on here.
Output: Xin lỗi, câu hỏi đó không phải ở đây.
--------------------------------------------------
2026-08-15 11:47:44 | Saving checkpoint to ./checkpoints\step_6575...
2026-08-15 11:47:44 | Checkpoint saved successfully!

2026-08-15 11:47:44 | Deleted old checkpoint: ./checkpoints\step_6565
2026-08-15 11:47:51 | Step 6580/10150 | Loss: 2.2212 | LR: 2.442885e-04
2026-08-15 11:47:55 |   >> Validation Loss: 2.2388
2026-08-15 11:47:55 |   --> Seen Generation @ step 6580:
Input: Translate to Vietnamese: Sorry, that question's not on here.
Output: Xin lỗi, câu hỏi đó không phải ở đây.
--------------------------------------------------
2026-08-15 11:47:55 | Saving checkpoint to ./checkpoints\step_6580...
2026-08-15 11:47:55 | Checkpoint saved successfully!

2026-08-15 11:47:55 | Deleted old checkpoint: ./checkpoints\step_6570
2026-08-15 11:48:02 | Step 6585/10150 | Loss: 2.2647 | LR: 2.439316e-04
2026-08-15 11:48:05 |   >> Validation Loss: 2.2409
2026-08-15 11:48:05 |   --> Seen Generation @ step 6585:
Input: Translate to Vietnamese: Sorry, that question's not on here.
Output: Xin lỗi, câu hỏi đó không phải ở đây.
--------------------------------------------------
2026-08-15 11:48:05 | Saving checkpoint to ./checkpoints\step_6585...
2026-08-15 11:48:05 | Checkpoint saved successfully!

2026-08-15 11:48:05 | Deleted old checkpoint: ./checkpoints\step_6575
2026-08-15 11:48:12 | Step 6590/10150 | Loss: 2.2596 | LR: 2.435747e-04
2026-08-15 11:48:16 |   >> Validation Loss: 2.2400
2026-08-15 11:48:16 |   --> Seen Generation @ step 6590:
Input: Translate to Vietnamese: Sorry, that question's not on here.
Output: Xin lỗi, câu hỏi đó không phải ở đây.
--------------------------------------------------
2026-08-15 11:48:16 | Saving checkpoint to ./checkpoints\step_6590...
2026-08-15 11:48:16 | Checkpoint saved successfully!

2026-08-15 11:48:16 | Deleted old checkpoint: ./checkpoints\step_6580
2026-08-15 11:48:23 | Step 6595/10150 | Loss: 2.2140 | LR: 2.432178e-04
2026-08-15 11:48:26 |   >> Validation Loss: 2.2406
2026-08-15 11:48:26 |   --> Seen Generation @ step 6595:
Input: Translate to Vietnamese: Sorry, that question's not on here.
Output: Xin lỗi, câu hỏi đó không phải ở đây.
--------------------------------------------------
2026-08-15 11:48:26 | Saving checkpoint to ./checkpoints\step_6595...
2026-08-15 11:48:26 | Checkpoint saved successfully!

2026-08-15 11:48:26 | Deleted old checkpoint: ./checkpoints\step_6585
2026-08-15 11:48:33 | Step 6600/10150 | Loss: 2.2698 | LR: 2.428610e-04
2026-08-15 11:48:37 |   >> Validation Loss: 2.2398
2026-08-15 11:48:37 |   --> Seen Generation @ step 6600:
Input: Translate to Vietnamese: Sorry, that question's not on here.
Output: Xin lỗi, câu hỏi đó không phải ở đây.
--------------------------------------------------
2026-08-15 11:48:37 | Saving checkpoint to ./checkpoints\step_6600...
2026-08-15 11:48:37 | Checkpoint saved successfully!

2026-08-15 11:48:37 | Deleted old checkpoint: ./checkpoints\step_6590
2026-08-15 11:48:44 | Step 6605/10150 | Loss: 2.2811 | LR: 2.425041e-04
2026-08-15 11:48:47 |   >> Validation Loss: 2.2391
2026-08-15 11:48:47 |   --> Seen Generation @ step 6605:
Input: Translate to Vietnamese: Sorry, that question's not on here.
Output: Xin lỗi, câu hỏi đó không phải ở đây.
--------------------------------------------------
2026-08-15 11:48:47 | Saving checkpoint to ./checkpoints\step_6605...
2026-08-15 11:48:47 | Checkpoint saved successfully!

2026-08-15 11:48:47 | Deleted old checkpoint: ./checkpoints\step_6595
2026-08-15 11:48:54 | Step 6610/10150 | Loss: 2.2768 | LR: 2.421473e-04
2026-08-15 11:48:58 |   >> Validation Loss: 2.2393
2026-08-15 11:48:58 |   --> Seen Generation @ step 6610:
Input: Translate to Vietnamese: Sorry, that question's not on here.
Output: Xin lỗi, câu hỏi đó không phải ở đây.
--------------------------------------------------
2026-08-15 11:48:58 | Saving checkpoint to ./checkpoints\step_6610...
2026-08-15 11:48:58 | Checkpoint saved successfully!

2026-08-15 11:48:58 | Deleted old checkpoint: ./checkpoints\step_6600
2026-08-15 11:49:05 | Step 6615/10150 | Loss: 2.2758 | LR: 2.417905e-04
2026-08-15 11:49:08 |   >> Validation Loss: 2.2400
2026-08-15 11:49:08 |   --> Seen Generation @ step 6615:
Input: Translate to Vietnamese: Sorry, that question's not on here.
Output: Xin lỗi, câu hỏi đó không phải ở đây.
--------------------------------------------------
2026-08-15 11:49:08 | Saving checkpoint to ./checkpoints\step_6615...
2026-08-15 11:49:08 | Checkpoint saved successfully!

2026-08-15 11:49:08 | Deleted old checkpoint: ./checkpoints\step_6605
2026-08-15 11:49:15 | Step 6620/10150 | Loss: 2.2513 | LR: 2.414337e-04
2026-08-15 11:49:18 |   >> Validation Loss: 2.2391
2026-08-15 11:49:18 |   --> Seen Generation @ step 6620:
Input: Translate to Vietnamese: Sorry, that question's not on here.
Output: Xin lỗi, câu hỏi đó không phải ở đây.
--------------------------------------------------
2026-08-15 11:49:18 | Saving checkpoint to ./checkpoints\step_6620...
2026-08-15 11:49:19 | Checkpoint saved successfully!

2026-08-15 11:49:19 | Deleted old checkpoint: ./checkpoints\step_6610
2026-08-15 11:49:26 | Step 6625/10150 | Loss: 2.2531 | LR: 2.410769e-04
2026-08-15 11:49:29 |   >> Validation Loss: 2.2387
2026-08-15 11:49:29 |   --> Seen Generation @ step 6625:
Input: Translate to Vietnamese: Sorry, that question's not on here.
Output: Xin lỗi, câu hỏi đó không phải ở đây.
--------------------------------------------------
2026-08-15 11:49:29 | Saving checkpoint to ./checkpoints\step_6625...
2026-08-15 11:49:29 | Checkpoint saved successfully!

2026-08-15 11:49:29 | Deleted old checkpoint: ./checkpoints\step_6615
2026-08-15 11:49:36 | Step 6630/10150 | Loss: 2.2613 | LR: 2.407202e-04
2026-08-15 11:49:39 |   >> Validation Loss: 2.2394
2026-08-15 11:49:40 |   --> Seen Generation @ step 6630:
Input: Translate to Vietnamese: Sorry, that question's not on here.
Output: Xin lỗi, câu hỏi đó không phải ở đây.
--------------------------------------------------
2026-08-15 11:49:40 | Saving checkpoint to ./checkpoints\step_6630...
2026-08-15 11:49:40 | Checkpoint saved successfully!

2026-08-15 11:49:40 | Deleted old checkpoint: ./checkpoints\step_6620
2026-08-15 11:49:47 | Step 6635/10150 | Loss: 2.2183 | LR: 2.403634e-04
2026-08-15 11:49:50 |   >> Validation Loss: 2.2391
2026-08-15 11:49:50 |   --> Seen Generation @ step 6635:
Input: Translate to Vietnamese: Sorry, that question's not on here.
Output: Xin lỗi, câu hỏi đó không phải ở đây.
--------------------------------------------------
2026-08-15 11:49:50 | Saving checkpoint to ./checkpoints\step_6635...
2026-08-15 11:49:50 | Checkpoint saved successfully!

2026-08-15 11:49:50 | Deleted old checkpoint: ./checkpoints\step_6625
2026-08-15 11:49:57 | Step 6640/10150 | Loss: 2.2518 | LR: 2.400067e-04
2026-08-15 11:50:00 |   >> Validation Loss: 2.2384
2026-08-15 11:50:01 |   --> Seen Generation @ step 6640:
Input: Translate to Vietnamese: Sorry, that question's not on here.
Output: Xin lỗi, câu hỏi đó không phải ở đây.
--------------------------------------------------
2026-08-15 11:50:01 | Saving checkpoint to ./checkpoints\step_6640...
2026-08-15 11:50:01 | Checkpoint saved successfully!

2026-08-15 11:50:01 | Deleted old checkpoint: ./checkpoints\step_6630
2026-08-15 11:50:08 | Step 6645/10150 | Loss: 2.3100 | LR: 2.396500e-04
2026-08-15 11:50:11 |   >> Validation Loss: 2.2405
2026-08-15 11:50:11 |   --> Seen Generation @ step 6645:
Input: Translate to Vietnamese: Sorry, that question's not on here.
Output: Xin lỗi, câu hỏi đó không phải ở đây.
--------------------------------------------------
2026-08-15 11:50:11 | Saving checkpoint to ./checkpoints\step_6645...
2026-08-15 11:50:11 | Checkpoint saved successfully!

2026-08-15 11:50:11 | Deleted old checkpoint: ./checkpoints\step_6635
2026-08-15 11:50:18 | Step 6650/10150 | Loss: 2.2740 | LR: 2.392933e-04
2026-08-15 11:50:21 |   >> Validation Loss: 2.2384
2026-08-15 11:50:21 |   --> Seen Generation @ step 6650:
Input: Translate to Vietnamese: Sorry, that question's not on here.
Output: Xin lỗi, câu hỏi đó không phải ở đây.
--------------------------------------------------
2026-08-15 11:50:21 | Saving checkpoint to ./checkpoints\step_6650...
2026-08-15 11:50:22 | Checkpoint saved successfully!

2026-08-15 11:50:22 | Deleted old checkpoint: ./checkpoints\step_6640
2026-08-15 11:50:29 | Step 6655/10150 | Loss: 2.2730 | LR: 2.389366e-04
2026-08-15 11:50:32 |   >> Validation Loss: 2.2380
2026-08-15 11:50:32 |   --> Seen Generation @ step 6655:
Input: Translate to Vietnamese: Sorry, that question's not on here.
Output: Xin lỗi, câu hỏi đó không phải ở đây.
--------------------------------------------------
2026-08-15 11:50:32 | Saving checkpoint to ./checkpoints\step_6655...
2026-08-15 11:50:32 | Checkpoint saved successfully!

2026-08-15 11:50:32 | Deleted old checkpoint: ./checkpoints\step_6645
2026-08-15 11:50:39 | Step 6660/10150 | Loss: 2.2825 | LR: 2.385800e-04
2026-08-15 11:50:42 |   >> Validation Loss: 2.2379
2026-08-15 11:50:42 |   --> Seen Generation @ step 6660:
Input: Translate to Vietnamese: Sorry, that question's not on here.
Output: Xin lỗi, câu hỏi đó không phải ở đây.
--------------------------------------------------
2026-08-15 11:50:42 | Saving checkpoint to ./checkpoints\step_6660...
2026-08-15 11:50:42 | Checkpoint saved successfully!

2026-08-15 11:50:42 | Deleted old checkpoint: ./checkpoints\step_6650
2026-08-15 11:50:49 | Step 6665/10150 | Loss: 2.3193 | LR: 2.382234e-04
2026-08-15 11:50:53 |   >> Validation Loss: 2.2373
2026-08-15 11:50:53 |   --> Seen Generation @ step 6665:
Input: Translate to Vietnamese: Sorry, that question's not on here.
Output: Xin lỗi, câu hỏi đó không phải ở đây.
--------------------------------------------------
2026-08-15 11:50:53 | Saving checkpoint to ./checkpoints\step_6665...
2026-08-15 11:50:53 | Checkpoint saved successfully!

2026-08-15 11:50:53 | Deleted old checkpoint: ./checkpoints\step_6655
2026-08-15 11:51:00 | Step 6670/10150 | Loss: 2.2635 | LR: 2.378668e-04
2026-08-15 11:51:03 |   >> Validation Loss: 2.2365
2026-08-15 11:51:03 |   --> Seen Generation @ step 6670:
Input: Translate to Vietnamese: Sorry, that question's not on here.
Output: Xin lỗi, câu hỏi đó không phải ở đây.
--------------------------------------------------
2026-08-15 11:51:03 | Saving checkpoint to ./checkpoints\step_6670...
2026-08-15 11:51:03 | Checkpoint saved successfully!

2026-08-15 11:51:03 | Deleted old checkpoint: ./checkpoints\step_6660
2026-08-15 11:51:10 | Step 6675/10150 | Loss: 2.2730 | LR: 2.375102e-04
2026-08-15 11:51:14 |   >> Validation Loss: 2.2358
2026-08-15 11:51:14 |   --> Seen Generation @ step 6675:
Input: Translate to Vietnamese: Sorry, that question's not on here.
Output: Xin lỗi, câu hỏi đó không phải ở đây.
--------------------------------------------------
2026-08-15 11:51:14 | Saving checkpoint to ./checkpoints\step_6675...
2026-08-15 11:51:14 | Checkpoint saved successfully!

2026-08-15 11:51:14 | Deleted old checkpoint: ./checkpoints\step_6665
2026-08-15 11:51:21 | Step 6680/10150 | Loss: 2.2677 | LR: 2.371537e-04
2026-08-15 11:51:24 |   >> Validation Loss: 2.2382
2026-08-15 11:51:24 |   --> Seen Generation @ step 6680:
Input: Translate to Vietnamese: Sorry, that question's not on here.
Output: Xin lỗi, câu hỏi đó không phải ở đây.
--------------------------------------------------
2026-08-15 11:51:24 | Saving checkpoint to ./checkpoints\step_6680...
2026-08-15 11:51:24 | Checkpoint saved successfully!

2026-08-15 11:51:24 | Deleted old checkpoint: ./checkpoints\step_6670
2026-08-15 11:51:31 | Step 6685/10150 | Loss: 2.2043 | LR: 2.367972e-04
2026-08-15 11:51:35 |   >> Validation Loss: 2.2370
2026-08-15 11:51:35 |   --> Seen Generation @ step 6685:
Input: Translate to Vietnamese: Sorry, that question's not on here.
Output: Xin lỗi, câu hỏi đó không phải ở đây.
--------------------------------------------------
2026-08-15 11:51:35 | Saving checkpoint to ./checkpoints\step_6685...
2026-08-15 11:51:35 | Checkpoint saved successfully!

2026-08-15 11:51:35 | Deleted old checkpoint: ./checkpoints\step_6675
2026-08-15 11:51:42 | Step 6690/10150 | Loss: 2.2158 | LR: 2.364407e-04
2026-08-15 11:51:45 |   >> Validation Loss: 2.2397
2026-08-15 11:51:45 |   --> Seen Generation @ step 6690:
Input: Translate to Vietnamese: Sorry, that question's not on here.
Output: Xin lỗi, câu hỏi đó không phải ở đây.
--------------------------------------------------
2026-08-15 11:51:45 | Saving checkpoint to ./checkpoints\step_6690...
2026-08-15 11:51:45 | Checkpoint saved successfully!

2026-08-15 11:51:45 | Deleted old checkpoint: ./checkpoints\step_6680
2026-08-15 11:51:52 | Step 6695/10150 | Loss: 2.2330 | LR: 2.360842e-04
2026-08-15 11:51:55 |   >> Validation Loss: 2.2358
2026-08-15 11:51:55 |   --> Seen Generation @ step 6695:
Input: Translate to Vietnamese: Sorry, that question's not on here.
Output: Xin lỗi, câu hỏi đó không phải ở đây.
--------------------------------------------------
2026-08-15 11:51:55 | Saving checkpoint to ./checkpoints\step_6695...
2026-08-15 11:51:56 | Checkpoint saved successfully!

2026-08-15 11:51:56 | Deleted old checkpoint: ./checkpoints\step_6685
2026-08-15 11:52:03 | Step 6700/10150 | Loss: 2.2573 | LR: 2.357278e-04
2026-08-15 11:52:06 |   >> Validation Loss: 2.2360
2026-08-15 11:52:06 |   --> Seen Generation @ step 6700:
Input: Translate to Vietnamese: Sorry, that question's not on here.
Output: Xin lỗi, câu hỏi đó không phải ở đây.
--------------------------------------------------
2026-08-15 11:52:06 | Saving checkpoint to ./checkpoints\step_6700...
2026-08-15 11:52:06 | Checkpoint saved successfully!

2026-08-15 11:52:06 | Deleted old checkpoint: ./checkpoints\step_6690
2026-08-15 11:52:13 | Step 6705/10150 | Loss: 2.2691 | LR: 2.353714e-04
2026-08-15 11:52:16 |   >> Validation Loss: 2.2391
2026-08-15 11:52:16 |   --> Seen Generation @ step 6705:
Input: Translate to Vietnamese: Sorry, that question's not on here.
Output: Xin lỗi, câu hỏi đó không phải ở đây.
--------------------------------------------------
2026-08-15 11:52:16 | Saving checkpoint to ./checkpoints\step_6705...
2026-08-15 11:52:17 | Checkpoint saved successfully!

2026-08-15 11:52:17 | Deleted old checkpoint: ./checkpoints\step_6695
2026-08-15 11:52:24 | Step 6710/10150 | Loss: 2.2132 | LR: 2.350150e-04
2026-08-15 11:52:27 |   >> Validation Loss: 2.2369
2026-08-15 11:52:27 |   --> Seen Generation @ step 6710:
Input: Translate to Vietnamese: Sorry, that question's not on here.
Output: Xin lỗi, câu hỏi đó không phải ở đây.
--------------------------------------------------
2026-08-15 11:52:27 | Saving checkpoint to ./checkpoints\step_6710...
2026-08-15 11:52:27 | Checkpoint saved successfully!

2026-08-15 11:52:27 | Deleted old checkpoint: ./checkpoints\step_6700
2026-08-15 11:52:34 | Step 6715/10150 | Loss: 2.2610 | LR: 2.346587e-04
2026-08-15 11:52:37 |   >> Validation Loss: 2.2366
2026-08-15 11:52:37 |   --> Seen Generation @ step 6715:
Input: Translate to Vietnamese: Sorry, that question's not on here.
Output: Xin lỗi, câu hỏi đó không phải ở đây.
--------------------------------------------------
2026-08-15 11:52:37 | Saving checkpoint to ./checkpoints\step_6715...
2026-08-15 11:52:37 | Checkpoint saved successfully!

2026-08-15 11:52:37 | Deleted old checkpoint: ./checkpoints\step_6705
2026-08-15 11:52:45 | Step 6720/10150 | Loss: 2.3182 | LR: 2.343024e-04
2026-08-15 11:52:48 |   >> Validation Loss: 2.2359
2026-08-15 11:52:48 |   --> Seen Generation @ step 6720:
Input: Translate to Vietnamese: Sorry, that question's not on here.
Output: Xin lỗi, câu hỏi đó không phải ở đây.
--------------------------------------------------
2026-08-15 11:52:48 | Saving checkpoint to ./checkpoints\step_6720...
2026-08-15 11:52:48 | Checkpoint saved successfully!

2026-08-15 11:52:48 | Deleted old checkpoint: ./checkpoints\step_6710
2026-08-15 11:52:55 | Step 6725/10150 | Loss: 2.2527 | LR: 2.339461e-04
2026-08-15 11:52:58 |   >> Validation Loss: 2.2345
2026-08-15 11:52:58 |   --> Seen Generation @ step 6725:
Input: Translate to Vietnamese: Sorry, that question's not on here.
Output: Xin lỗi, câu hỏi đó không phải ở đây.
--------------------------------------------------
2026-08-15 11:52:58 | Saving checkpoint to ./checkpoints\step_6725...
2026-08-15 11:52:59 | Checkpoint saved successfully!

2026-08-15 11:52:59 | Deleted old checkpoint: ./checkpoints\step_6715
2026-08-15 11:53:05 | Step 6730/10150 | Loss: 2.2237 | LR: 2.335898e-04
2026-08-15 11:53:09 |   >> Validation Loss: 2.2343
2026-08-15 11:53:09 |   --> Seen Generation @ step 6730:
Input: Translate to Vietnamese: Sorry, that question's not on here.
Output: Xin lỗi, câu hỏi đó không phải ở đây.
--------------------------------------------------
2026-08-15 11:53:09 | Saving checkpoint to ./checkpoints\step_6730...
2026-08-15 11:53:09 | Checkpoint saved successfully!

2026-08-15 11:53:09 | Deleted old checkpoint: ./checkpoints\step_6720
2026-08-15 11:53:16 | Step 6735/10150 | Loss: 2.2036 | LR: 2.332336e-04
2026-08-15 11:53:19 |   >> Validation Loss: 2.2352
2026-08-15 11:53:19 |   --> Seen Generation @ step 6735:
Input: Translate to Vietnamese: Sorry, that question's not on here.
Output: Xin lỗi, câu hỏi đó không phải ở đây.
--------------------------------------------------
2026-08-15 11:53:19 | Saving checkpoint to ./checkpoints\step_6735...
2026-08-15 11:53:19 | Checkpoint saved successfully!

2026-08-15 11:53:19 | Deleted old checkpoint: ./checkpoints\step_6725
2026-08-15 11:53:26 | Step 6740/10150 | Loss: 2.2729 | LR: 2.328775e-04
2026-08-15 11:53:30 |   >> Validation Loss: 2.2352
2026-08-15 11:53:30 |   --> Seen Generation @ step 6740:
Input: Translate to Vietnamese: Sorry, that question's not on here.
Output: Xin lỗi, câu hỏi đó không phải ở đây.
--------------------------------------------------
2026-08-15 11:53:30 | Saving checkpoint to ./checkpoints\step_6740...
2026-08-15 11:53:30 | Checkpoint saved successfully!

2026-08-15 11:53:30 | Deleted old checkpoint: ./checkpoints\step_6730
2026-08-15 11:53:37 | Step 6745/10150 | Loss: 2.2303 | LR: 2.325213e-04
2026-08-15 11:53:40 |   >> Validation Loss: 2.2349
2026-08-15 11:53:40 |   --> Seen Generation @ step 6745:
Input: Translate to Vietnamese: Sorry, that question's not on here.
Output: Xin lỗi, câu hỏi đó không phải ở đây.
--------------------------------------------------
2026-08-15 11:53:40 | Saving checkpoint to ./checkpoints\step_6745...
2026-08-15 11:53:40 | Checkpoint saved successfully!

2026-08-15 11:53:40 | Deleted old checkpoint: ./checkpoints\step_6735
2026-08-15 11:53:47 | Step 6750/10150 | Loss: 2.2444 | LR: 2.321652e-04
2026-08-15 11:53:51 |   >> Validation Loss: 2.2356
2026-08-15 11:53:51 |   --> Seen Generation @ step 6750:
Input: Translate to Vietnamese: Sorry, that question's not on here.
Output: Xin lỗi, câu hỏi đó không phải ở đây.
--------------------------------------------------
2026-08-15 11:53:51 | Saving checkpoint to ./checkpoints\step_6750...
2026-08-15 11:53:51 | Checkpoint saved successfully!

2026-08-15 11:53:51 | Deleted old checkpoint: ./checkpoints\step_6740
2026-08-15 11:53:58 | Step 6755/10150 | Loss: 2.2711 | LR: 2.318091e-04
2026-08-15 11:54:01 |   >> Validation Loss: 2.2360
2026-08-15 11:54:01 |   --> Seen Generation @ step 6755:
Input: Translate to Vietnamese: Sorry, that question's not on here.
Output: Xin lỗi, câu hỏi đó không phải ở đây.
--------------------------------------------------
2026-08-15 11:54:01 | Saving checkpoint to ./checkpoints\step_6755...
2026-08-15 11:54:01 | Checkpoint saved successfully!

2026-08-15 11:54:01 | Deleted old checkpoint: ./checkpoints\step_6745
2026-08-15 11:54:08 | Step 6760/10150 | Loss: 2.2019 | LR: 2.314531e-04
2026-08-15 11:54:12 |   >> Validation Loss: 2.2355
2026-08-15 11:54:12 |   --> Seen Generation @ step 6760:
Input: Translate to Vietnamese: Sorry, that question's not on here.
Output: Xin lỗi, câu hỏi đó không phải ở đây.
--------------------------------------------------
2026-08-15 11:54:12 | Saving checkpoint to ./checkpoints\step_6760...
2026-08-15 11:54:12 | Checkpoint saved successfully!

2026-08-15 11:54:12 | Deleted old checkpoint: ./checkpoints\step_6750
2026-08-15 11:54:19 | Step 6765/10150 | Loss: 2.2263 | LR: 2.310971e-04
2026-08-15 11:54:22 |   >> Validation Loss: 2.2348
2026-08-15 11:54:22 |   --> Seen Generation @ step 6765:
Input: Translate to Vietnamese: Sorry, that question's not on here.
Output: Xin lỗi, câu hỏi đó không phải ở đây.
--------------------------------------------------
2026-08-15 11:54:22 | Saving checkpoint to ./checkpoints\step_6765...
2026-08-15 11:54:22 | Checkpoint saved successfully!

2026-08-15 11:54:22 | Deleted old checkpoint: ./checkpoints\step_6755
2026-08-15 11:54:29 | Step 6770/10150 | Loss: 2.2262 | LR: 2.307411e-04
2026-08-15 11:54:32 |   >> Validation Loss: 2.2342
2026-08-15 11:54:32 |   --> Seen Generation @ step 6770:
Input: Translate to Vietnamese: Sorry, that question's not on here.
Output: Xin lỗi, câu hỏi đó không phải ở đây.
--------------------------------------------------
2026-08-15 11:54:32 | Saving checkpoint to ./checkpoints\step_6770...
2026-08-15 11:54:33 | Checkpoint saved successfully!

2026-08-15 11:54:33 | Deleted old checkpoint: ./checkpoints\step_6760
2026-08-15 11:54:40 | Step 6775/10150 | Loss: 2.2407 | LR: 2.303852e-04
2026-08-15 11:54:43 |   >> Validation Loss: 2.2357
2026-08-15 11:54:43 |   --> Seen Generation @ step 6775:
Input: Translate to Vietnamese: Sorry, that question's not on here.
Output: Xin lỗi, câu hỏi đó không phải ở đây.
--------------------------------------------------
2026-08-15 11:54:43 | Saving checkpoint to ./checkpoints\step_6775...
2026-08-15 11:54:43 | Checkpoint saved successfully!

2026-08-15 11:54:43 | Deleted old checkpoint: ./checkpoints\step_6765
2026-08-15 11:54:50 | Step 6780/10150 | Loss: 2.2143 | LR: 2.300293e-04
2026-08-15 11:54:53 |   >> Validation Loss: 2.2344
2026-08-15 11:54:53 |   --> Seen Generation @ step 6780:
Input: Translate to Vietnamese: Sorry, that question's not on here.
Output: Xin lỗi, câu hỏi đó không phải ở đây.
--------------------------------------------------
2026-08-15 11:54:53 | Saving checkpoint to ./checkpoints\step_6780...
2026-08-15 11:54:53 | Checkpoint saved successfully!

2026-08-15 11:54:53 | Deleted old checkpoint: ./checkpoints\step_6770
2026-08-15 11:55:00 | Step 6785/10150 | Loss: 2.2469 | LR: 2.296735e-04
2026-08-15 11:55:04 |   >> Validation Loss: 2.2356
2026-08-15 11:55:04 |   --> Seen Generation @ step 6785:
Input: Translate to Vietnamese: Sorry, that question's not on here.
Output: Xin lỗi, câu hỏi đó không phải ở đây.
--------------------------------------------------
2026-08-15 11:55:04 | Saving checkpoint to ./checkpoints\step_6785...
2026-08-15 11:55:04 | Checkpoint saved successfully!

2026-08-15 11:55:04 | Deleted old checkpoint: ./checkpoints\step_6775
2026-08-15 11:55:11 | Step 6790/10150 | Loss: 2.2053 | LR: 2.293177e-04
2026-08-15 11:55:14 |   >> Validation Loss: 2.2339
2026-08-15 11:55:14 |   --> Seen Generation @ step 6790:
Input: Translate to Vietnamese: Sorry, that question's not on here.
Output: Xin lỗi, câu hỏi đó không phải ở đây.
--------------------------------------------------
2026-08-15 11:55:14 | Saving checkpoint to ./checkpoints\step_6790...
2026-08-15 11:55:14 | Checkpoint saved successfully!

2026-08-15 11:55:14 | Deleted old checkpoint: ./checkpoints\step_6780
2026-08-15 11:55:21 | Step 6795/10150 | Loss: 2.3043 | LR: 2.289620e-04
2026-08-15 11:55:25 |   >> Validation Loss: 2.2325
2026-08-15 11:55:25 |   --> Seen Generation @ step 6795:
Input: Translate to Vietnamese: Sorry, that question's not on here.
Output: Xin lỗi, câu hỏi đó không phải ở đây.
--------------------------------------------------
2026-08-15 11:55:25 | Saving checkpoint to ./checkpoints\step_6795...
2026-08-15 11:55:25 | Checkpoint saved successfully!

2026-08-15 11:55:25 | Deleted old checkpoint: ./checkpoints\step_6785
2026-08-15 11:55:32 | Step 6800/10150 | Loss: 2.2558 | LR: 2.286062e-04
2026-08-15 11:55:35 |   >> Validation Loss: 2.2318
2026-08-15 11:55:35 |   --> Seen Generation @ step 6800:
Input: Translate to Vietnamese: Sorry, that question's not on here.
Output: Xin lỗi, câu hỏi đó không phải ở đây.
--------------------------------------------------
2026-08-15 11:55:35 | Saving checkpoint to ./checkpoints\step_6800...
2026-08-15 11:55:35 | Checkpoint saved successfully!

2026-08-15 11:55:35 | Deleted old checkpoint: ./checkpoints\step_6790
2026-08-15 11:55:42 | Step 6805/10150 | Loss: 2.2393 | LR: 2.282506e-04
2026-08-15 11:55:46 |   >> Validation Loss: 2.2303
2026-08-15 11:55:46 |   --> Seen Generation @ step 6805:
Input: Translate to Vietnamese: Sorry, that question's not on here.
Output: Xin lỗi, câu hỏi đó không phải ở đây.
--------------------------------------------------
2026-08-15 11:55:46 | Saving checkpoint to ./checkpoints\step_6805...
2026-08-15 11:55:46 | Checkpoint saved successfully!

2026-08-15 11:55:46 | Deleted old checkpoint: ./checkpoints\step_6795
2026-08-15 11:55:53 | Step 6810/10150 | Loss: 2.2058 | LR: 2.278950e-04
2026-08-15 11:55:56 |   >> Validation Loss: 2.2312
2026-08-15 11:55:56 |   --> Seen Generation @ step 6810:
Input: Translate to Vietnamese: Sorry, that question's not on here.
Output: Xin lỗi, câu hỏi đó không phải ở đây.
--------------------------------------------------
2026-08-15 11:55:56 | Saving checkpoint to ./checkpoints\step_6810...
2026-08-15 11:55:56 | Checkpoint saved successfully!

2026-08-15 11:55:56 | Deleted old checkpoint: ./checkpoints\step_6800
2026-08-15 11:56:03 | Step 6815/10150 | Loss: 2.2785 | LR: 2.275394e-04
2026-08-15 11:56:07 |   >> Validation Loss: 2.2310
2026-08-15 11:56:07 |   --> Seen Generation @ step 6815:
Input: Translate to Vietnamese: Sorry, that question's not on here.
Output: Xin lỗi, câu hỏi đó không phải ở đây.
--------------------------------------------------
2026-08-15 11:56:07 | Saving checkpoint to ./checkpoints\step_6815...
2026-08-15 11:56:07 | Checkpoint saved successfully!

2026-08-15 11:56:07 | Deleted old checkpoint: ./checkpoints\step_6805
2026-08-15 11:56:14 | Step 6820/10150 | Loss: 2.2513 | LR: 2.271838e-04
2026-08-15 11:56:17 |   >> Validation Loss: 2.2307
2026-08-15 11:56:17 |   --> Seen Generation @ step 6820:
Input: Translate to Vietnamese: Sorry, that question's not on here.
Output: Xin lỗi, câu hỏi đó không phải ở đây.
--------------------------------------------------
2026-08-15 11:56:17 | Saving checkpoint to ./checkpoints\step_6820...
2026-08-15 11:56:17 | Checkpoint saved successfully!

2026-08-15 11:56:17 | Deleted old checkpoint: ./checkpoints\step_6810
2026-08-15 11:56:24 | Step 6825/10150 | Loss: 2.2802 | LR: 2.268284e-04
2026-08-15 11:56:28 |   >> Validation Loss: 2.2301
2026-08-15 11:56:28 |   --> Seen Generation @ step 6825:
Input: Translate to Vietnamese: Sorry, that question's not on here.
Output: Xin lỗi, câu hỏi đó không phải ở đây.
--------------------------------------------------
2026-08-15 11:56:28 | Saving checkpoint to ./checkpoints\step_6825...
2026-08-15 11:56:28 | Checkpoint saved successfully!

2026-08-15 11:56:28 | Deleted old checkpoint: ./checkpoints\step_6815
2026-08-15 11:56:35 | Step 6830/10150 | Loss: 2.3018 | LR: 2.264729e-04
2026-08-15 11:56:38 |   >> Validation Loss: 2.2296
2026-08-15 11:56:38 |   --> Seen Generation @ step 6830:
Input: Translate to Vietnamese: Sorry, that question's not on here.
Output: Xin lỗi, câu hỏi đó không phải ở đây.
--------------------------------------------------
2026-08-15 11:56:38 | Saving checkpoint to ./checkpoints\step_6830...
2026-08-15 11:56:38 | Checkpoint saved successfully!

2026-08-15 11:56:38 | Deleted old checkpoint: ./checkpoints\step_6820
2026-08-15 11:56:45 | Step 6835/10150 | Loss: 2.2123 | LR: 2.261175e-04
2026-08-15 11:56:49 |   >> Validation Loss: 2.2296
2026-08-15 11:56:49 |   --> Seen Generation @ step 6835:
Input: Translate to Vietnamese: Sorry, that question's not on here.
Output: Xin lỗi, câu hỏi đó không phải ở đây.
--------------------------------------------------
2026-08-15 11:56:49 | Saving checkpoint to ./checkpoints\step_6835...
2026-08-15 11:56:49 | Checkpoint saved successfully!

2026-08-15 11:56:49 | Deleted old checkpoint: ./checkpoints\step_6825
2026-08-15 11:56:56 | Step 6840/10150 | Loss: 2.2709 | LR: 2.257622e-04
2026-08-15 11:56:59 |   >> Validation Loss: 2.2294
2026-08-15 11:56:59 |   --> Seen Generation @ step 6840:
Input: Translate to Vietnamese: Sorry, that question's not on here.
Output: Xin lỗi, câu hỏi đó không phải ở đây.
--------------------------------------------------
2026-08-15 11:56:59 | Saving checkpoint to ./checkpoints\step_6840...
2026-08-15 11:56:59 | Checkpoint saved successfully!

2026-08-15 11:56:59 | Deleted old checkpoint: ./checkpoints\step_6830
2026-08-15 11:57:06 | Step 6845/10150 | Loss: 2.2768 | LR: 2.254069e-04
2026-08-15 11:57:10 |   >> Validation Loss: 2.2337
2026-08-15 11:57:10 |   --> Seen Generation @ step 6845:
Input: Translate to Vietnamese: Sorry, that question's not on here.
Output: Xin lỗi, câu hỏi đó không phải ở đây.
--------------------------------------------------
2026-08-15 11:57:10 | Saving checkpoint to ./checkpoints\step_6845...
2026-08-15 11:57:10 | Checkpoint saved successfully!

2026-08-15 11:57:10 | Deleted old checkpoint: ./checkpoints\step_6835
2026-08-15 11:57:17 | Step 6850/10150 | Loss: 2.2070 | LR: 2.250517e-04
2026-08-15 11:57:20 |   >> Validation Loss: 2.2315
2026-08-15 11:57:20 |   --> Seen Generation @ step 6850:
Input: Translate to Vietnamese: Sorry, that question's not on here.
Output: Xin lỗi, câu hỏi đó không phải ở đây.
--------------------------------------------------
2026-08-15 11:57:20 | Saving checkpoint to ./checkpoints\step_6850...
2026-08-15 11:57:20 | Checkpoint saved successfully!

2026-08-15 11:57:20 | Deleted old checkpoint: ./checkpoints\step_6840
2026-08-15 11:57:27 | Step 6855/10150 | Loss: 2.1838 | LR: 2.246965e-04
2026-08-15 11:57:31 |   >> Validation Loss: 2.2307
2026-08-15 11:57:31 |   --> Seen Generation @ step 6855:
Input: Translate to Vietnamese: Sorry, that question's not on here.
Output: Xin lỗi, câu hỏi đó không phải ở đây.
--------------------------------------------------
2026-08-15 11:57:31 | Saving checkpoint to ./checkpoints\step_6855...
2026-08-15 11:57:31 | Checkpoint saved successfully!

2026-08-15 11:57:31 | Deleted old checkpoint: ./checkpoints\step_6845
2026-08-15 11:57:38 | Step 6860/10150 | Loss: 2.2174 | LR: 2.243413e-04
2026-08-15 11:57:41 |   >> Validation Loss: 2.2294
2026-08-15 11:57:41 |   --> Seen Generation @ step 6860:
Input: Translate to Vietnamese: Sorry, that question's not on here.
Output: Xin lỗi, câu hỏi đó không phải ở đây.
--------------------------------------------------
2026-08-15 11:57:41 | Saving checkpoint to ./checkpoints\step_6860...
2026-08-15 11:57:41 | Checkpoint saved successfully!

2026-08-15 11:57:41 | Deleted old checkpoint: ./checkpoints\step_6850
2026-08-15 11:57:48 | Step 6865/10150 | Loss: 2.2081 | LR: 2.239862e-04
2026-08-15 11:57:52 |   >> Validation Loss: 2.2283
2026-08-15 11:57:52 |   --> Seen Generation @ step 6865:
Input: Translate to Vietnamese: Sorry, that question's not on here.
Output: Xin lỗi, câu hỏi đó không phải ở đây.
--------------------------------------------------
2026-08-15 11:57:52 | Saving checkpoint to ./checkpoints\step_6865...
2026-08-15 11:57:52 | Checkpoint saved successfully!

2026-08-15 11:57:52 | Deleted old checkpoint: ./checkpoints\step_6855
2026-08-15 11:57:59 | Step 6870/10150 | Loss: 2.2480 | LR: 2.236312e-04
2026-08-15 11:58:02 |   >> Validation Loss: 2.2288
2026-08-15 11:58:02 |   --> Seen Generation @ step 6870:
Input: Translate to Vietnamese: Sorry, that question's not on here.
Output: Xin lỗi, câu hỏi đó không phải ở đây.
--------------------------------------------------
2026-08-15 11:58:02 | Saving checkpoint to ./checkpoints\step_6870...
2026-08-15 11:58:02 | Checkpoint saved successfully!

2026-08-15 11:58:02 | Deleted old checkpoint: ./checkpoints\step_6860
2026-08-15 11:58:09 | Step 6875/10150 | Loss: 2.2406 | LR: 2.232762e-04
2026-08-15 11:58:13 |   >> Validation Loss: 2.2291
2026-08-15 11:58:13 |   --> Seen Generation @ step 6875:
Input: Translate to Vietnamese: Sorry, that question's not on here.
Output: Xin lỗi, câu hỏi đó không phải ở đây.
--------------------------------------------------
2026-08-15 11:58:13 | Saving checkpoint to ./checkpoints\step_6875...
2026-08-15 11:58:13 | Checkpoint saved successfully!

2026-08-15 11:58:13 | Deleted old checkpoint: ./checkpoints\step_6865
2026-08-15 11:58:20 | Step 6880/10150 | Loss: 2.2601 | LR: 2.229213e-04
2026-08-15 11:58:23 |   >> Validation Loss: 2.2283
2026-08-15 11:58:23 |   --> Seen Generation @ step 6880:
Input: Translate to Vietnamese: Sorry, that question's not on here.
Output: Xin lỗi, câu hỏi đó không phải ở đây.
--------------------------------------------------
2026-08-15 11:58:23 | Saving checkpoint to ./checkpoints\step_6880...
2026-08-15 11:58:23 | Checkpoint saved successfully!

2026-08-15 11:58:23 | Deleted old checkpoint: ./checkpoints\step_6870
2026-08-15 11:58:30 | Step 6885/10150 | Loss: 2.2337 | LR: 2.225664e-04
2026-08-15 11:58:34 |   >> Validation Loss: 2.2293
2026-08-15 11:58:34 |   --> Seen Generation @ step 6885:
Input: Translate to Vietnamese: Sorry, that question's not on here.
Output: Xin lỗi, câu hỏi đó không phải ở đây.
--------------------------------------------------
2026-08-15 11:58:34 | Saving checkpoint to ./checkpoints\step_6885...
2026-08-15 11:58:34 | Checkpoint saved successfully!

2026-08-15 11:58:34 | Deleted old checkpoint: ./checkpoints\step_6875
2026-08-15 11:58:41 | Step 6890/10150 | Loss: 2.2487 | LR: 2.222116e-04
2026-08-15 11:58:44 |   >> Validation Loss: 2.2312
2026-08-15 11:58:44 |   --> Seen Generation @ step 6890:
Input: Translate to Vietnamese: Sorry, that question's not on here.
Output: Xin lỗi, câu hỏi đó không phải ở đây.
--------------------------------------------------
2026-08-15 11:58:44 | Saving checkpoint to ./checkpoints\step_6890...
2026-08-15 11:58:44 | Checkpoint saved successfully!

2026-08-15 11:58:44 | Deleted old checkpoint: ./checkpoints\step_6880
2026-08-15 11:58:51 | Step 6895/10150 | Loss: 2.1761 | LR: 2.218568e-04
2026-08-15 11:58:54 |   >> Validation Loss: 2.2304
2026-08-15 11:58:54 |   --> Seen Generation @ step 6895:
Input: Translate to Vietnamese: Sorry, that question's not on here.
Output: Xin lỗi, câu hỏi đó không phải ở đây.
--------------------------------------------------
2026-08-15 11:58:54 | Saving checkpoint to ./checkpoints\step_6895...
2026-08-15 11:58:55 | Checkpoint saved successfully!

2026-08-15 11:58:55 | Deleted old checkpoint: ./checkpoints\step_6885
2026-08-15 11:59:02 | Step 6900/10150 | Loss: 2.1869 | LR: 2.215021e-04
2026-08-15 11:59:05 |   >> Validation Loss: 2.2304
2026-08-15 11:59:05 |   --> Seen Generation @ step 6900:
Input: Translate to Vietnamese: Sorry, that question's not on here.
Output: Xin lỗi, câu hỏi đó không phải ở đây.
--------------------------------------------------
2026-08-15 11:59:05 | Saving checkpoint to ./checkpoints\step_6900...
2026-08-15 11:59:05 | Checkpoint saved successfully!

2026-08-15 11:59:05 | Deleted old checkpoint: ./checkpoints\step_6890
2026-08-15 11:59:12 | Step 6905/10150 | Loss: 2.2427 | LR: 2.211475e-04
2026-08-15 11:59:15 |   >> Validation Loss: 2.2287
2026-08-15 11:59:15 |   --> Seen Generation @ step 6905:
Input: Translate to Vietnamese: Sorry, that question's not on here.
Output: Xin lỗi, câu hỏi đó không phải ở đây.
--------------------------------------------------
2026-08-15 11:59:15 | Saving checkpoint to ./checkpoints\step_6905...
2026-08-15 11:59:15 | Checkpoint saved successfully!

2026-08-15 11:59:15 | Deleted old checkpoint: ./checkpoints\step_6895
2026-08-15 11:59:22 | Step 6910/10150 | Loss: 2.2440 | LR: 2.207929e-04
2026-08-15 11:59:26 |   >> Validation Loss: 2.2289
2026-08-15 11:59:26 |   --> Seen Generation @ step 6910:
Input: Translate to Vietnamese: Sorry, that question's not on here.
Output: Xin lỗi, câu hỏi không ở đây.
--------------------------------------------------
2026-08-15 11:59:26 | Saving checkpoint to ./checkpoints\step_6910...
2026-08-15 11:59:26 | Checkpoint saved successfully!

2026-08-15 11:59:26 | Deleted old checkpoint: ./checkpoints\step_6900
2026-08-15 11:59:33 | Step 6915/10150 | Loss: 2.2822 | LR: 2.204384e-04
2026-08-15 11:59:36 |   >> Validation Loss: 2.2286
2026-08-15 11:59:36 |   --> Seen Generation @ step 6915:
Input: Translate to Vietnamese: Sorry, that question's not on here.
Output: Xin lỗi, câu hỏi không ở đây.
--------------------------------------------------
2026-08-15 11:59:36 | Saving checkpoint to ./checkpoints\step_6915...
2026-08-15 11:59:36 | Checkpoint saved successfully!

2026-08-15 11:59:36 | Deleted old checkpoint: ./checkpoints\step_6905
2026-08-15 11:59:43 | Step 6920/10150 | Loss: 2.2864 | LR: 2.200839e-04
2026-08-15 11:59:47 |   >> Validation Loss: 2.2288
2026-08-15 11:59:47 |   --> Seen Generation @ step 6920:
Input: Translate to Vietnamese: Sorry, that question's not on here.
Output: Xin lỗi, câu hỏi không có ở đây.
--------------------------------------------------
2026-08-15 11:59:47 | Saving checkpoint to ./checkpoints\step_6920...
2026-08-15 11:59:47 | Checkpoint saved successfully!

2026-08-15 11:59:47 | Deleted old checkpoint: ./checkpoints\step_6910
2026-08-15 11:59:54 | Step 6925/10150 | Loss: 2.1667 | LR: 2.197295e-04
2026-08-15 11:59:57 |   >> Validation Loss: 2.2287
2026-08-15 11:59:57 |   --> Seen Generation @ step 6925:
Input: Translate to Vietnamese: Sorry, that question's not on here.
Output: Xin lỗi, câu hỏi không có ở đây.
--------------------------------------------------
2026-08-15 11:59:57 | Saving checkpoint to ./checkpoints\step_6925...
2026-08-15 11:59:57 | Checkpoint saved successfully!

2026-08-15 11:59:57 | Deleted old checkpoint: ./checkpoints\step_6915
2026-08-15 12:00:04 | Step 6930/10150 | Loss: 2.2840 | LR: 2.193752e-04
2026-08-15 12:00:08 |   >> Validation Loss: 2.2273
2026-08-15 12:00:08 |   --> Seen Generation @ step 6930:
Input: Translate to Vietnamese: Sorry, that question's not on here.
Output: Xin lỗi, câu hỏi không có ở đây.
--------------------------------------------------
2026-08-15 12:00:08 | Saving checkpoint to ./checkpoints\step_6930...
2026-08-15 12:00:08 | Checkpoint saved successfully!

2026-08-15 12:00:08 | Deleted old checkpoint: ./checkpoints\step_6920
2026-08-15 12:00:15 | Step 6935/10150 | Loss: 2.2375 | LR: 2.190209e-04
2026-08-15 12:00:18 |   >> Validation Loss: 2.2269
2026-08-15 12:00:18 |   --> Seen Generation @ step 6935:
Input: Translate to Vietnamese: Sorry, that question's not on here.
Output: Xin lỗi, câu hỏi đó không phải ở đây.
--------------------------------------------------
2026-08-15 12:00:18 | Saving checkpoint to ./checkpoints\step_6935...
2026-08-15 12:00:18 | Checkpoint saved successfully!

2026-08-15 12:00:18 | Deleted old checkpoint: ./checkpoints\step_6925
2026-08-15 12:00:25 | Step 6940/10150 | Loss: 2.2877 | LR: 2.186667e-04
2026-08-15 12:00:28 |   >> Validation Loss: 2.2264
2026-08-15 12:00:29 |   --> Seen Generation @ step 6940:
Input: Translate to Vietnamese: Sorry, that question's not on here.
Output: Xin lỗi, câu hỏi không ở đây.
--------------------------------------------------
2026-08-15 12:00:29 | Saving checkpoint to ./checkpoints\step_6940...
2026-08-15 12:00:29 | Checkpoint saved successfully!

2026-08-15 12:00:29 | Deleted old checkpoint: ./checkpoints\step_6930
2026-08-15 12:00:36 | Step 6945/10150 | Loss: 2.2101 | LR: 2.183125e-04
2026-08-15 12:00:39 |   >> Validation Loss: 2.2267
2026-08-15 12:00:39 |   --> Seen Generation @ step 6945:
Input: Translate to Vietnamese: Sorry, that question's not on here.
Output: Xin lỗi, câu hỏi đó không phải ở đây.
--------------------------------------------------
2026-08-15 12:00:39 | Saving checkpoint to ./checkpoints\step_6945...
2026-08-15 12:00:39 | Checkpoint saved successfully!

2026-08-15 12:00:39 | Deleted old checkpoint: ./checkpoints\step_6935
2026-08-15 12:00:46 | Step 6950/10150 | Loss: 2.2912 | LR: 2.179585e-04
2026-08-15 12:00:49 |   >> Validation Loss: 2.2263
2026-08-15 12:00:49 |   --> Seen Generation @ step 6950:
Input: Translate to Vietnamese: Sorry, that question's not on here.
Output: Xin lỗi, câu hỏi đó không phải ở đây.
--------------------------------------------------
2026-08-15 12:00:49 | Saving checkpoint to ./checkpoints\step_6950...
2026-08-15 12:00:50 | Checkpoint saved successfully!

2026-08-15 12:00:50 | Deleted old checkpoint: ./checkpoints\step_6940
2026-08-15 12:00:57 | Step 6955/10150 | Loss: 2.2368 | LR: 2.176044e-04
2026-08-15 12:01:00 |   >> Validation Loss: 2.2256
2026-08-15 12:01:00 |   --> Seen Generation @ step 6955:
Input: Translate to Vietnamese: Sorry, that question's not on here.
Output: Xin lỗi, câu hỏi đó không phải ở đây.
--------------------------------------------------
2026-08-15 12:01:00 | Saving checkpoint to ./checkpoints\step_6955...
2026-08-15 12:01:00 | Checkpoint saved successfully!

2026-08-15 12:01:00 | Deleted old checkpoint: ./checkpoints\step_6945
2026-08-15 12:01:07 | Step 6960/10150 | Loss: 2.1986 | LR: 2.172505e-04
2026-08-15 12:01:10 |   >> Validation Loss: 2.2270
2026-08-15 12:01:10 |   --> Seen Generation @ step 6960:
Input: Translate to Vietnamese: Sorry, that question's not on here.
Output: Xin lỗi, câu hỏi đó không phải ở đây.
--------------------------------------------------
2026-08-15 12:01:10 | Saving checkpoint to ./checkpoints\step_6960...
2026-08-15 12:01:11 | Checkpoint saved successfully!

2026-08-15 12:01:11 | Deleted old checkpoint: ./checkpoints\step_6950
2026-08-15 12:01:18 | Step 6965/10150 | Loss: 2.2242 | LR: 2.168966e-04
2026-08-15 12:01:21 |   >> Validation Loss: 2.2252
2026-08-15 12:01:21 |   --> Seen Generation @ step 6965:
Input: Translate to Vietnamese: Sorry, that question's not on here.
Output: Xin lỗi, câu hỏi đó không phải ở đây.
--------------------------------------------------
2026-08-15 12:01:21 | Saving checkpoint to ./checkpoints\step_6965...
2026-08-15 12:01:21 | Checkpoint saved successfully!

2026-08-15 12:01:21 | Deleted old checkpoint: ./checkpoints\step_6955
2026-08-15 12:01:28 | Step 6970/10150 | Loss: 2.2616 | LR: 2.165428e-04
2026-08-15 12:01:31 |   >> Validation Loss: 2.2247
2026-08-15 12:01:31 |   --> Seen Generation @ step 6970:
Input: Translate to Vietnamese: Sorry, that question's not on here.
Output: Xin lỗi, câu hỏi không ở đây.
--------------------------------------------------
2026-08-15 12:01:31 | Saving checkpoint to ./checkpoints\step_6970...
2026-08-15 12:01:31 | Checkpoint saved successfully!

2026-08-15 12:01:31 | Deleted old checkpoint: ./checkpoints\step_6960
2026-08-15 12:01:38 | Step 6975/10150 | Loss: 2.2674 | LR: 2.161890e-04
2026-08-15 12:01:42 |   >> Validation Loss: 2.2248
2026-08-15 12:01:42 |   --> Seen Generation @ step 6975:
Input: Translate to Vietnamese: Sorry, that question's not on here.
Output: Xin lỗi, câu hỏi đó không phải ở đây.
--------------------------------------------------
2026-08-15 12:01:42 | Saving checkpoint to ./checkpoints\step_6975...
2026-08-15 12:01:42 | Checkpoint saved successfully!

2026-08-15 12:01:42 | Deleted old checkpoint: ./checkpoints\step_6965
2026-08-15 12:01:49 | Step 6980/10150 | Loss: 2.3127 | LR: 2.158353e-04
2026-08-15 12:01:52 |   >> Validation Loss: 2.2267
2026-08-15 12:01:52 |   --> Seen Generation @ step 6980:
Input: Translate to Vietnamese: Sorry, that question's not on here.
Output: Xin lỗi, câu hỏi đó không phải ở đây.
--------------------------------------------------
2026-08-15 12:01:52 | Saving checkpoint to ./checkpoints\step_6980...
2026-08-15 12:01:53 | Checkpoint saved successfully!

2026-08-15 12:01:53 | Deleted old checkpoint: ./checkpoints\step_6970
2026-08-15 12:02:00 | Step 6985/10150 | Loss: 2.2825 | LR: 2.154817e-04
2026-08-15 12:02:03 |   >> Validation Loss: 2.2261
2026-08-15 12:02:03 |   --> Seen Generation @ step 6985:
Input: Translate to Vietnamese: Sorry, that question's not on here.
Output: Xin lỗi, câu hỏi đó không phải ở đây.
--------------------------------------------------
2026-08-15 12:02:03 | Saving checkpoint to ./checkpoints\step_6985...
2026-08-15 12:02:03 | Checkpoint saved successfully!

2026-08-15 12:02:03 | Deleted old checkpoint: ./checkpoints\step_6975
2026-08-15 12:02:10 | Step 6990/10150 | Loss: 2.2398 | LR: 2.151282e-04
2026-08-15 12:02:13 |   >> Validation Loss: 2.2262
2026-08-15 12:02:14 |   --> Seen Generation @ step 6990:
Input: Translate to Vietnamese: Sorry, that question's not on here.
Output: Xin lỗi, câu hỏi đó không phải ở đây.
--------------------------------------------------
2026-08-15 12:02:14 | Saving checkpoint to ./checkpoints\step_6990...
2026-08-15 12:02:14 | Checkpoint saved successfully!

2026-08-15 12:02:14 | Deleted old checkpoint: ./checkpoints\step_6980
2026-08-15 12:02:21 | Step 6995/10150 | Loss: 2.2233 | LR: 2.147747e-04
2026-08-15 12:02:24 |   >> Validation Loss: 2.2254
2026-08-15 12:02:24 |   --> Seen Generation @ step 6995:
Input: Translate to Vietnamese: Sorry, that question's not on here.
Output: Xin lỗi, câu hỏi đó không phải ở đây.
--------------------------------------------------
2026-08-15 12:02:24 | Saving checkpoint to ./checkpoints\step_6995...
2026-08-15 12:02:24 | Checkpoint saved successfully!

2026-08-15 12:02:24 | Deleted old checkpoint: ./checkpoints\step_6985
2026-08-15 12:02:31 | Step 7000/10150 | Loss: 2.2181 | LR: 2.144213e-04
2026-08-15 12:02:34 |   >> Validation Loss: 2.2247
2026-08-15 12:02:34 |   --> Seen Generation @ step 7000:
Input: Translate to Vietnamese: Sorry, that question's not on here.
Output: Xin lỗi, câu hỏi không ở đây.
--------------------------------------------------
2026-08-15 12:02:34 | Saving checkpoint to ./checkpoints\step_7000...
2026-08-15 12:02:35 | Checkpoint saved successfully!

2026-08-15 12:02:35 | Deleted old checkpoint: ./checkpoints\step_6990
2026-08-15 12:02:42 | Step 7005/10150 | Loss: 2.2890 | LR: 2.140680e-04
2026-08-15 12:02:45 |   >> Validation Loss: 2.2243
2026-08-15 12:02:45 |   --> Seen Generation @ step 7005:
Input: Translate to Vietnamese: Sorry, that question's not on here.
Output: Xin lỗi, câu hỏi không có ở đây.
--------------------------------------------------
2026-08-15 12:02:45 | Saving checkpoint to ./checkpoints\step_7005...
2026-08-15 12:02:45 | Checkpoint saved successfully!

2026-08-15 12:02:45 | Deleted old checkpoint: ./checkpoints\step_6995
2026-08-15 12:02:52 | Step 7010/10150 | Loss: 2.3126 | LR: 2.137147e-04
2026-08-15 12:02:55 |   >> Validation Loss: 2.2243
2026-08-15 12:02:55 |   --> Seen Generation @ step 7010:
Input: Translate to Vietnamese: Sorry, that question's not on here.
Output: Xin lỗi, câu hỏi không có ở đây.
--------------------------------------------------
2026-08-15 12:02:55 | Saving checkpoint to ./checkpoints\step_7010...
2026-08-15 12:02:56 | Checkpoint saved successfully!

2026-08-15 12:02:56 | Deleted old checkpoint: ./checkpoints\step_7000
2026-08-15 12:03:03 | Step 7015/10150 | Loss: 2.2790 | LR: 2.133615e-04
2026-08-15 12:03:06 |   >> Validation Loss: 2.2245
2026-08-15 12:03:06 |   --> Seen Generation @ step 7015:
Input: Translate to Vietnamese: Sorry, that question's not on here.
Output: Xin lỗi, câu hỏi đó không phải ở đây.
--------------------------------------------------
2026-08-15 12:03:06 | Saving checkpoint to ./checkpoints\step_7015...
2026-08-15 12:03:06 | Checkpoint saved successfully!

2026-08-15 12:03:06 | Deleted old checkpoint: ./checkpoints\step_7005
2026-08-15 12:03:13 | Step 7020/10150 | Loss: 2.3041 | LR: 2.130084e-04
2026-08-15 12:03:16 |   >> Validation Loss: 2.2234
2026-08-15 12:03:16 |   --> Seen Generation @ step 7020:
Input: Translate to Vietnamese: Sorry, that question's not on here.
Output: Xin lỗi, câu hỏi đó không phải ở đây.
--------------------------------------------------
2026-08-15 12:03:16 | Saving checkpoint to ./checkpoints\step_7020...
2026-08-15 12:03:17 | Checkpoint saved successfully!

2026-08-15 12:03:17 | Deleted old checkpoint: ./checkpoints\step_7010
2026-08-15 12:03:23 | Step 7025/10150 | Loss: 2.2857 | LR: 2.126554e-04
2026-08-15 12:03:27 |   >> Validation Loss: 2.2220
2026-08-15 12:03:27 |   --> Seen Generation @ step 7025:
Input: Translate to Vietnamese: Sorry, that question's not on here.
Output: Xin lỗi, câu hỏi đó không phải ở đây.
--------------------------------------------------
2026-08-15 12:03:27 | Saving checkpoint to ./checkpoints\step_7025...
2026-08-15 12:03:27 | Checkpoint saved successfully!

2026-08-15 12:03:27 | Deleted old checkpoint: ./checkpoints\step_7015
2026-08-15 12:03:34 | Step 7030/10150 | Loss: 2.2204 | LR: 2.123024e-04
2026-08-15 12:03:37 |   >> Validation Loss: 2.2232
2026-08-15 12:03:37 |   --> Seen Generation @ step 7030:
Input: Translate to Vietnamese: Sorry, that question's not on here.
Output: Xin lỗi, câu hỏi không có ở đây.
--------------------------------------------------
2026-08-15 12:03:37 | Saving checkpoint to ./checkpoints\step_7030...
2026-08-15 12:03:37 | Checkpoint saved successfully!

2026-08-15 12:03:37 | Deleted old checkpoint: ./checkpoints\step_7020
2026-08-15 12:03:44 | Step 7035/10150 | Loss: 2.2843 | LR: 2.119496e-04
2026-08-15 12:03:48 |   >> Validation Loss: 2.2232
2026-08-15 12:03:48 |   --> Seen Generation @ step 7035:
Input: Translate to Vietnamese: Sorry, that question's not on here.
Output: Xin lỗi, câu hỏi đó không phải ở đây.
--------------------------------------------------
2026-08-15 12:03:48 | Saving checkpoint to ./checkpoints\step_7035...
2026-08-15 12:03:48 | Checkpoint saved successfully!

2026-08-15 12:03:48 | Deleted old checkpoint: ./checkpoints\step_7025
2026-08-15 12:03:55 | Step 7040/10150 | Loss: 2.2146 | LR: 2.115968e-04
2026-08-15 12:03:58 |   >> Validation Loss: 2.2268
2026-08-15 12:03:58 |   --> Seen Generation @ step 7040:
Input: Translate to Vietnamese: Sorry, that question's not on here.
Output: Xin lỗi, câu hỏi đó không phải ở đây.
--------------------------------------------------
2026-08-15 12:03:58 | Saving checkpoint to ./checkpoints\step_7040...
2026-08-15 12:03:58 | Checkpoint saved successfully!

2026-08-15 12:03:58 | Deleted old checkpoint: ./checkpoints\step_7030
2026-08-15 12:04:05 | Step 7045/10150 | Loss: 2.2473 | LR: 2.112440e-04
2026-08-15 12:04:09 |   >> Validation Loss: 2.2239
2026-08-15 12:04:09 |   --> Seen Generation @ step 7045:
Input: Translate to Vietnamese: Sorry, that question's not on here.
Output: Xin lỗi, câu hỏi đó không phải ở đây.
--------------------------------------------------
2026-08-15 12:04:09 | Saving checkpoint to ./checkpoints\step_7045...
2026-08-15 12:04:09 | Checkpoint saved successfully!

2026-08-15 12:04:09 | Deleted old checkpoint: ./checkpoints\step_7035
2026-08-15 12:04:16 | Step 7050/10150 | Loss: 2.1761 | LR: 2.108914e-04
2026-08-15 12:04:19 |   >> Validation Loss: 2.2251
2026-08-15 12:04:19 |   --> Seen Generation @ step 7050:
Input: Translate to Vietnamese: Sorry, that question's not on here.
Output: Xin lỗi, câu hỏi đó không phải ở đây.
--------------------------------------------------
2026-08-15 12:04:19 | Saving checkpoint to ./checkpoints\step_7050...
2026-08-15 12:04:19 | Checkpoint saved successfully!

2026-08-15 12:04:19 | Deleted old checkpoint: ./checkpoints\step_7040
2026-08-15 12:04:26 | Step 7055/10150 | Loss: 2.2659 | LR: 2.105388e-04
2026-08-15 12:04:29 |   >> Validation Loss: 2.2243
2026-08-15 12:04:30 |   --> Seen Generation @ step 7055:
Input: Translate to Vietnamese: Sorry, that question's not on here.
Output: Xin lỗi, câu hỏi đó không phải ở đây.
--------------------------------------------------
2026-08-15 12:04:30 | Saving checkpoint to ./checkpoints\step_7055...
2026-08-15 12:04:30 | Checkpoint saved successfully!

2026-08-15 12:04:30 | Deleted old checkpoint: ./checkpoints\step_7045
2026-08-15 12:04:37 | Step 7060/10150 | Loss: 2.2239 | LR: 2.101863e-04
2026-08-15 12:04:40 |   >> Validation Loss: 2.2229
2026-08-15 12:04:40 |   --> Seen Generation @ step 7060:
Input: Translate to Vietnamese: Sorry, that question's not on here.
Output: Xin lỗi, câu hỏi đó không phải ở đây.
--------------------------------------------------
2026-08-15 12:04:40 | Saving checkpoint to ./checkpoints\step_7060...
2026-08-15 12:04:40 | Checkpoint saved successfully!

2026-08-15 12:04:40 | Deleted old checkpoint: ./checkpoints\step_7050
2026-08-15 12:04:47 | Step 7065/10150 | Loss: 2.2546 | LR: 2.098339e-04
2026-08-15 12:04:50 |   >> Validation Loss: 2.2212
2026-08-15 12:04:51 |   --> Seen Generation @ step 7065:
Input: Translate to Vietnamese: Sorry, that question's not on here.
Output: Xin lỗi, câu hỏi đó không phải ở đây.
--------------------------------------------------
2026-08-15 12:04:51 | Saving checkpoint to ./checkpoints\step_7065...
2026-08-15 12:04:51 | Checkpoint saved successfully!

2026-08-15 12:04:51 | Deleted old checkpoint: ./checkpoints\step_7055
2026-08-15 12:04:58 | Step 7070/10150 | Loss: 2.1695 | LR: 2.094816e-04
2026-08-15 12:05:01 |   >> Validation Loss: 2.2226
2026-08-15 12:05:01 |   --> Seen Generation @ step 7070:
Input: Translate to Vietnamese: Sorry, that question's not on here.
Output: Xin lỗi, câu hỏi không có ở đây.
--------------------------------------------------
2026-08-15 12:05:01 | Saving checkpoint to ./checkpoints\step_7070...
2026-08-15 12:05:01 | Checkpoint saved successfully!

2026-08-15 12:05:01 | Deleted old checkpoint: ./checkpoints\step_7060
2026-08-15 12:05:08 | Step 7075/10150 | Loss: 2.2059 | LR: 2.091294e-04
2026-08-15 12:05:11 |   >> Validation Loss: 2.2220
2026-08-15 12:05:11 |   --> Seen Generation @ step 7075:
Input: Translate to Vietnamese: Sorry, that question's not on here.
Output: Xin lỗi, câu hỏi đó không phải ở đây.
--------------------------------------------------
2026-08-15 12:05:11 | Saving checkpoint to ./checkpoints\step_7075...
2026-08-15 12:05:12 | Checkpoint saved successfully!

2026-08-15 12:05:12 | Deleted old checkpoint: ./checkpoints\step_7065
2026-08-15 12:05:19 | Step 7080/10150 | Loss: 2.2952 | LR: 2.087772e-04
2026-08-15 12:05:22 |   >> Validation Loss: 2.2202
2026-08-15 12:05:22 |   --> Seen Generation @ step 7080:
Input: Translate to Vietnamese: Sorry, that question's not on here.
Output: Xin lỗi, câu hỏi không có ở đây.
--------------------------------------------------
2026-08-15 12:05:22 | Saving checkpoint to ./checkpoints\step_7080...
2026-08-15 12:05:22 | Checkpoint saved successfully!

2026-08-15 12:05:22 | Deleted old checkpoint: ./checkpoints\step_7070
2026-08-15 12:05:29 | Step 7085/10150 | Loss: 2.2959 | LR: 2.084252e-04
2026-08-15 12:05:32 |   >> Validation Loss: 2.2201
2026-08-15 12:05:32 |   --> Seen Generation @ step 7085:
Input: Translate to Vietnamese: Sorry, that question's not on here.
Output: Xin lỗi, câu hỏi không có ở đây.
--------------------------------------------------
2026-08-15 12:05:32 | Saving checkpoint to ./checkpoints\step_7085...
2026-08-15 12:05:33 | Checkpoint saved successfully!

2026-08-15 12:05:33 | Deleted old checkpoint: ./checkpoints\step_7075
2026-08-15 12:05:40 | Step 7090/10150 | Loss: 2.2468 | LR: 2.080732e-04
2026-08-15 12:05:43 |   >> Validation Loss: 2.2203
2026-08-15 12:05:43 |   --> Seen Generation @ step 7090:
Input: Translate to Vietnamese: Sorry, that question's not on here.
Output: Xin lỗi, câu hỏi không có ở đây.
--------------------------------------------------
2026-08-15 12:05:43 | Saving checkpoint to ./checkpoints\step_7090...
2026-08-15 12:05:43 | Checkpoint saved successfully!

2026-08-15 12:05:43 | Deleted old checkpoint: ./checkpoints\step_7080
2026-08-15 12:05:50 | Step 7095/10150 | Loss: 2.2458 | LR: 2.077213e-04
2026-08-15 12:05:53 |   >> Validation Loss: 2.2205
2026-08-15 12:05:53 |   --> Seen Generation @ step 7095:
Input: Translate to Vietnamese: Sorry, that question's not on here.
Output: Xin lỗi, câu hỏi đó không phải ở đây.
--------------------------------------------------
2026-08-15 12:05:53 | Saving checkpoint to ./checkpoints\step_7095...
2026-08-15 12:05:53 | Checkpoint saved successfully!

2026-08-15 12:05:53 | Deleted old checkpoint: ./checkpoints\step_7085
2026-08-15 12:06:00 | Step 7100/10150 | Loss: 2.2614 | LR: 2.073695e-04
2026-08-15 12:06:04 |   >> Validation Loss: 2.2208
2026-08-15 12:06:04 |   --> Seen Generation @ step 7100:
Input: Translate to Vietnamese: Sorry, that question's not on here.
Output: Xin lỗi, câu hỏi đó không phải ở đây.
--------------------------------------------------
2026-08-15 12:06:04 | Saving checkpoint to ./checkpoints\step_7100...
2026-08-15 12:06:04 | Checkpoint saved successfully!

2026-08-15 12:06:04 | Deleted old checkpoint: ./checkpoints\step_7090
2026-08-15 12:06:11 | Step 7105/10150 | Loss: 2.2802 | LR: 2.070177e-04
2026-08-15 12:06:14 |   >> Validation Loss: 2.2221
2026-08-15 12:06:14 |   --> Seen Generation @ step 7105:
Input: Translate to Vietnamese: Sorry, that question's not on here.
Output: Xin lỗi, câu hỏi đó không phải ở đây.
--------------------------------------------------
2026-08-15 12:06:14 | Saving checkpoint to ./checkpoints\step_7105...
2026-08-15 12:06:14 | Checkpoint saved successfully!

2026-08-15 12:06:14 | Deleted old checkpoint: ./checkpoints\step_7095
2026-08-15 12:06:21 | Step 7110/10150 | Loss: 2.2499 | LR: 2.066661e-04
2026-08-15 12:06:25 |   >> Validation Loss: 2.2207
2026-08-15 12:06:25 |   --> Seen Generation @ step 7110:
Input: Translate to Vietnamese: Sorry, that question's not on here.
Output: Xin lỗi, câu hỏi đó không phải ở đây.
--------------------------------------------------
2026-08-15 12:06:25 | Saving checkpoint to ./checkpoints\step_7110...
2026-08-15 12:06:25 | Checkpoint saved successfully!

2026-08-15 12:06:25 | Deleted old checkpoint: ./checkpoints\step_7100
2026-08-15 12:06:32 | Step 7115/10150 | Loss: 2.2227 | LR: 2.063145e-04
2026-08-15 12:06:35 |   >> Validation Loss: 2.2194
2026-08-15 12:06:35 |   --> Seen Generation @ step 7115:
Input: Translate to Vietnamese: Sorry, that question's not on here.
Output: Xin lỗi, câu hỏi đó không phải ở đây.
--------------------------------------------------
2026-08-15 12:06:35 | Saving checkpoint to ./checkpoints\step_7115...
2026-08-15 12:06:35 | Checkpoint saved successfully!

2026-08-15 12:06:35 | Deleted old checkpoint: ./checkpoints\step_7105
2026-08-15 12:06:42 | Step 7120/10150 | Loss: 2.2966 | LR: 2.059631e-04
2026-08-15 12:06:46 |   >> Validation Loss: 2.2190
2026-08-15 12:06:46 |   --> Seen Generation @ step 7120:
Input: Translate to Vietnamese: Sorry, that question's not on here.
Output: Xin lỗi, câu hỏi đó không phải ở đây.
--------------------------------------------------
2026-08-15 12:06:46 | Saving checkpoint to ./checkpoints\step_7120...
2026-08-15 12:06:46 | Checkpoint saved successfully!

2026-08-15 12:06:46 | Deleted old checkpoint: ./checkpoints\step_7110
2026-08-15 12:06:53 | Step 7125/10150 | Loss: 2.2689 | LR: 2.056117e-04
2026-08-15 12:06:56 |   >> Validation Loss: 2.2191
2026-08-15 12:06:56 |   --> Seen Generation @ step 7125:
Input: Translate to Vietnamese: Sorry, that question's not on here.
Output: Xin lỗi, câu hỏi đó không phải ở đây.
--------------------------------------------------
2026-08-15 12:06:56 | Saving checkpoint to ./checkpoints\step_7125...
2026-08-15 12:06:56 | Checkpoint saved successfully!

2026-08-15 12:06:56 | Deleted old checkpoint: ./checkpoints\step_7115
2026-08-15 12:07:03 | Step 7130/10150 | Loss: 2.2857 | LR: 2.052604e-04
2026-08-15 12:07:06 |   >> Validation Loss: 2.2197
2026-08-15 12:07:07 |   --> Seen Generation @ step 7130:
Input: Translate to Vietnamese: Sorry, that question's not on here.
Output: Xin lỗi, câu hỏi đó không phải ở đây.
--------------------------------------------------
2026-08-15 12:07:07 | Saving checkpoint to ./checkpoints\step_7130...
2026-08-15 12:07:07 | Checkpoint saved successfully!

2026-08-15 12:07:07 | Deleted old checkpoint: ./checkpoints\step_7120
2026-08-15 12:07:14 | Step 7135/10150 | Loss: 2.2413 | LR: 2.049092e-04
2026-08-15 12:07:17 |   >> Validation Loss: 2.2198
2026-08-15 12:07:17 |   --> Seen Generation @ step 7135:
Input: Translate to Vietnamese: Sorry, that question's not on here.
Output: Xin lỗi, câu hỏi đó không phải ở đây.
--------------------------------------------------
2026-08-15 12:07:17 | Saving checkpoint to ./checkpoints\step_7135...
2026-08-15 12:07:17 | Checkpoint saved successfully!

2026-08-15 12:07:17 | Deleted old checkpoint: ./checkpoints\step_7125
2026-08-15 12:07:24 | Step 7140/10150 | Loss: 2.3117 | LR: 2.045581e-04
2026-08-15 12:07:27 |   >> Validation Loss: 2.2193
2026-08-15 12:07:27 |   --> Seen Generation @ step 7140:
Input: Translate to Vietnamese: Sorry, that question's not on here.
Output: Xin lỗi, câu hỏi đó không phải ở đây.
--------------------------------------------------
2026-08-15 12:07:27 | Saving checkpoint to ./checkpoints\step_7140...
2026-08-15 12:07:28 | Checkpoint saved successfully!

2026-08-15 12:07:28 | Deleted old checkpoint: ./checkpoints\step_7130
2026-08-15 12:07:35 | Step 7145/10150 | Loss: 2.2243 | LR: 2.042071e-04
2026-08-15 12:07:38 |   >> Validation Loss: 2.2197
2026-08-15 12:07:38 |   --> Seen Generation @ step 7145:
Input: Translate to Vietnamese: Sorry, that question's not on here.
Output: Xin lỗi, câu hỏi đó không phải ở đây.
--------------------------------------------------
2026-08-15 12:07:38 | Saving checkpoint to ./checkpoints\step_7145...
2026-08-15 12:07:38 | Checkpoint saved successfully!

2026-08-15 12:07:38 | Deleted old checkpoint: ./checkpoints\step_7135
2026-08-15 12:07:45 | Step 7150/10150 | Loss: 2.2542 | LR: 2.038562e-04
2026-08-15 12:07:48 |   >> Validation Loss: 2.2189
2026-08-15 12:07:48 |   --> Seen Generation @ step 7150:
Input: Translate to Vietnamese: Sorry, that question's not on here.
Output: Xin lỗi, câu hỏi đó không phải ở đây.
--------------------------------------------------
2026-08-15 12:07:48 | Saving checkpoint to ./checkpoints\step_7150...
2026-08-15 12:07:49 | Checkpoint saved successfully!

2026-08-15 12:07:49 | Deleted old checkpoint: ./checkpoints\step_7140
2026-08-15 12:07:56 | Step 7155/10150 | Loss: 2.2586 | LR: 2.035054e-04
2026-08-15 12:07:59 |   >> Validation Loss: 2.2183
2026-08-15 12:07:59 |   --> Seen Generation @ step 7155:
Input: Translate to Vietnamese: Sorry, that question's not on here.
Output: Xin lỗi, câu hỏi đó không phải ở đây.
--------------------------------------------------
2026-08-15 12:07:59 | Saving checkpoint to ./checkpoints\step_7155...
2026-08-15 12:07:59 | Checkpoint saved successfully!

2026-08-15 12:07:59 | Deleted old checkpoint: ./checkpoints\step_7145
2026-08-15 12:08:06 | Step 7160/10150 | Loss: 2.2060 | LR: 2.031547e-04
2026-08-15 12:08:09 |   >> Validation Loss: 2.2179
2026-08-15 12:08:09 |   --> Seen Generation @ step 7160:
Input: Translate to Vietnamese: Sorry, that question's not on here.
Output: Xin lỗi, câu hỏi đó không phải ở đây.
--------------------------------------------------
2026-08-15 12:08:09 | Saving checkpoint to ./checkpoints\step_7160...
2026-08-15 12:08:09 | Checkpoint saved successfully!

2026-08-15 12:08:09 | Deleted old checkpoint: ./checkpoints\step_7150
2026-08-15 12:08:16 | Step 7165/10150 | Loss: 2.2745 | LR: 2.028040e-04
2026-08-15 12:08:20 |   >> Validation Loss: 2.2179
2026-08-15 12:08:20 |   --> Seen Generation @ step 7165:
Input: Translate to Vietnamese: Sorry, that question's not on here.
Output: Xin lỗi, câu hỏi đó không phải ở đây.
--------------------------------------------------
2026-08-15 12:08:20 | Saving checkpoint to ./checkpoints\step_7165...
2026-08-15 12:08:20 | Checkpoint saved successfully!

2026-08-15 12:08:20 | Deleted old checkpoint: ./checkpoints\step_7155
2026-08-15 12:08:27 | Step 7170/10150 | Loss: 2.2031 | LR: 2.024535e-04
2026-08-15 12:08:30 |   >> Validation Loss: 2.2178
2026-08-15 12:08:30 |   --> Seen Generation @ step 7170:
Input: Translate to Vietnamese: Sorry, that question's not on here.
Output: Xin lỗi, câu hỏi đó không phải ở đây.
--------------------------------------------------
2026-08-15 12:08:30 | Saving checkpoint to ./checkpoints\step_7170...
2026-08-15 12:08:30 | Checkpoint saved successfully!

2026-08-15 12:08:30 | Deleted old checkpoint: ./checkpoints\step_7160
2026-08-15 12:08:37 | Step 7175/10150 | Loss: 2.2076 | LR: 2.021031e-04
2026-08-15 12:08:41 |   >> Validation Loss: 2.2180
2026-08-15 12:08:41 |   --> Seen Generation @ step 7175:
Input: Translate to Vietnamese: Sorry, that question's not on here.
Output: Xin lỗi, câu hỏi đó không phải ở đây.
--------------------------------------------------
2026-08-15 12:08:41 | Saving checkpoint to ./checkpoints\step_7175...
2026-08-15 12:08:41 | Checkpoint saved successfully!

2026-08-15 12:08:41 | Deleted old checkpoint: ./checkpoints\step_7165
2026-08-15 12:08:48 | Step 7180/10150 | Loss: 2.2369 | LR: 2.017527e-04
2026-08-15 12:08:51 |   >> Validation Loss: 2.2180
2026-08-15 12:08:51 |   --> Seen Generation @ step 7180:
Input: Translate to Vietnamese: Sorry, that question's not on here.
Output: Xin lỗi, câu hỏi đó không phải ở đây.
--------------------------------------------------
2026-08-15 12:08:51 | Saving checkpoint to ./checkpoints\step_7180...
2026-08-15 12:08:51 | Checkpoint saved successfully!

2026-08-15 12:08:51 | Deleted old checkpoint: ./checkpoints\step_7170
2026-08-15 12:08:58 | Step 7185/10150 | Loss: 2.2284 | LR: 2.014025e-04
2026-08-15 12:09:02 |   >> Validation Loss: 2.2183
2026-08-15 12:09:02 |   --> Seen Generation @ step 7185:
Input: Translate to Vietnamese: Sorry, that question's not on here.
Output: Xin lỗi, câu hỏi đó không phải ở đây.
--------------------------------------------------
2026-08-15 12:09:02 | Saving checkpoint to ./checkpoints\step_7185...
2026-08-15 12:09:02 | Checkpoint saved successfully!

2026-08-15 12:09:02 | Deleted old checkpoint: ./checkpoints\step_7175
2026-08-15 12:09:09 | Step 7190/10150 | Loss: 2.2668 | LR: 2.010524e-04
2026-08-15 12:09:12 |   >> Validation Loss: 2.2180
2026-08-15 12:09:12 |   --> Seen Generation @ step 7190:
Input: Translate to Vietnamese: Sorry, that question's not on here.
Output: Xin lỗi, câu hỏi đó không phải ở đây.
--------------------------------------------------
2026-08-15 12:09:12 | Saving checkpoint to ./checkpoints\step_7190...
2026-08-15 12:09:12 | Checkpoint saved successfully!

2026-08-15 12:09:12 | Deleted old checkpoint: ./checkpoints\step_7180
2026-08-15 12:09:19 | Step 7195/10150 | Loss: 2.2443 | LR: 2.007023e-04
2026-08-15 12:09:23 |   >> Validation Loss: 2.2175
2026-08-15 12:09:23 |   --> Seen Generation @ step 7195:
Input: Translate to Vietnamese: Sorry, that question's not on here.
Output: Xin lỗi, câu hỏi đó không phải ở đây.
--------------------------------------------------
2026-08-15 12:09:23 | Saving checkpoint to ./checkpoints\step_7195...
2026-08-15 12:09:23 | Checkpoint saved successfully!

2026-08-15 12:09:23 | Deleted old checkpoint: ./checkpoints\step_7185
2026-08-15 12:09:30 | Step 7200/10150 | Loss: 2.2354 | LR: 2.003524e-04
2026-08-15 12:09:33 |   >> Validation Loss: 2.2179
2026-08-15 12:09:33 |   --> Seen Generation @ step 7200:
Input: Translate to Vietnamese: Sorry, that question's not on here.
Output: Xin lỗi, câu hỏi đó không phải ở đây.
--------------------------------------------------
2026-08-15 12:09:33 | Saving checkpoint to ./checkpoints\step_7200...
2026-08-15 12:09:33 | Checkpoint saved successfully!

2026-08-15 12:09:33 | Deleted old checkpoint: ./checkpoints\step_7190
2026-08-15 12:09:40 | Step 7205/10150 | Loss: 2.2476 | LR: 2.000025e-04
2026-08-15 12:09:44 |   >> Validation Loss: 2.2185
2026-08-15 12:09:44 |   --> Seen Generation @ step 7205:
Input: Translate to Vietnamese: Sorry, that question's not on here.
Output: Xin lỗi, câu hỏi đó không phải ở đây.
--------------------------------------------------
2026-08-15 12:09:44 | Saving checkpoint to ./checkpoints\step_7205...
2026-08-15 12:09:44 | Checkpoint saved successfully!

2026-08-15 12:09:44 | Deleted old checkpoint: ./checkpoints\step_7195
2026-08-15 12:09:51 | Step 7210/10150 | Loss: 2.2927 | LR: 1.996528e-04
2026-08-15 12:09:54 |   >> Validation Loss: 2.2177
2026-08-15 12:09:54 |   --> Seen Generation @ step 7210:
Input: Translate to Vietnamese: Sorry, that question's not on here.
Output: Xin lỗi, câu hỏi đó không phải ở đây.
--------------------------------------------------
2026-08-15 12:09:54 | Saving checkpoint to ./checkpoints\step_7210...
2026-08-15 12:09:54 | Checkpoint saved successfully!

2026-08-15 12:09:54 | Deleted old checkpoint: ./checkpoints\step_7200
2026-08-15 12:10:01 | Step 7215/10150 | Loss: 2.2597 | LR: 1.993032e-04
2026-08-15 12:10:04 |   >> Validation Loss: 2.2178
2026-08-15 12:10:05 |   --> Seen Generation @ step 7215:
Input: Translate to Vietnamese: Sorry, that question's not on here.
Output: Xin lỗi, câu hỏi đó không phải ở đây.
--------------------------------------------------
2026-08-15 12:10:05 | Saving checkpoint to ./checkpoints\step_7215...
2026-08-15 12:10:05 | Checkpoint saved successfully!

2026-08-15 12:10:05 | Deleted old checkpoint: ./checkpoints\step_7205
2026-08-15 12:10:12 | Step 7220/10150 | Loss: 2.2299 | LR: 1.989536e-04
2026-08-15 12:10:15 |   >> Validation Loss: 2.2170
2026-08-15 12:10:15 |   --> Seen Generation @ step 7220:
Input: Translate to Vietnamese: Sorry, that question's not on here.
Output: Xin lỗi, câu hỏi đó không phải ở đây.
--------------------------------------------------
2026-08-15 12:10:15 | Saving checkpoint to ./checkpoints\step_7220...
2026-08-15 12:10:15 | Checkpoint saved successfully!

2026-08-15 12:10:15 | Deleted old checkpoint: ./checkpoints\step_7210
2026-08-15 12:10:22 | Step 7225/10150 | Loss: 2.2788 | LR: 1.986042e-04
2026-08-15 12:10:25 |   >> Validation Loss: 2.2171
2026-08-15 12:10:25 |   --> Seen Generation @ step 7225:
Input: Translate to Vietnamese: Sorry, that question's not on here.
Output: Xin lỗi, câu hỏi đó không phải ở đây.
--------------------------------------------------
2026-08-15 12:10:25 | Saving checkpoint to ./checkpoints\step_7225...
2026-08-15 12:10:25 | Checkpoint saved successfully!

2026-08-15 12:10:25 | Deleted old checkpoint: ./checkpoints\step_7215
2026-08-15 12:10:32 | Step 7230/10150 | Loss: 2.1889 | LR: 1.982549e-04
2026-08-15 12:10:36 |   >> Validation Loss: 2.2165
2026-08-15 12:10:36 |   --> Seen Generation @ step 7230:
Input: Translate to Vietnamese: Sorry, that question's not on here.
Output: Xin lỗi, câu hỏi đó không phải ở đây.
--------------------------------------------------
2026-08-15 12:10:36 | Saving checkpoint to ./checkpoints\step_7230...
2026-08-15 12:10:36 | Checkpoint saved successfully!

2026-08-15 12:10:36 | Deleted old checkpoint: ./checkpoints\step_7220
2026-08-15 12:10:43 | Step 7235/10150 | Loss: 2.2786 | LR: 1.979057e-04
2026-08-15 12:10:46 |   >> Validation Loss: 2.2157
2026-08-15 12:10:46 |   --> Seen Generation @ step 7235:
Input: Translate to Vietnamese: Sorry, that question's not on here.
Output: Xin lỗi, câu hỏi đó không phải ở đây.
--------------------------------------------------
2026-08-15 12:10:46 | Saving checkpoint to ./checkpoints\step_7235...
2026-08-15 12:10:46 | Checkpoint saved successfully!

2026-08-15 12:10:46 | Deleted old checkpoint: ./checkpoints\step_7225
2026-08-15 12:10:53 | Step 7240/10150 | Loss: 2.2659 | LR: 1.975566e-04
2026-08-15 12:10:57 |   >> Validation Loss: 2.2149
2026-08-15 12:10:57 |   --> Seen Generation @ step 7240:
Input: Translate to Vietnamese: Sorry, that question's not on here.
Output: Xin lỗi, câu hỏi đó không phải ở đây.
--------------------------------------------------
2026-08-15 12:10:57 | Saving checkpoint to ./checkpoints\step_7240...
2026-08-15 12:10:57 | Checkpoint saved successfully!

2026-08-15 12:10:57 | Deleted old checkpoint: ./checkpoints\step_7230
2026-08-15 12:11:04 | Step 7245/10150 | Loss: 2.2659 | LR: 1.972076e-04
2026-08-15 12:11:07 |   >> Validation Loss: 2.2156
2026-08-15 12:11:07 |   --> Seen Generation @ step 7245:
Input: Translate to Vietnamese: Sorry, that question's not on here.
Output: Xin lỗi, câu hỏi đó không phải ở đây.
--------------------------------------------------
2026-08-15 12:11:07 | Saving checkpoint to ./checkpoints\step_7245...
2026-08-15 12:11:07 | Checkpoint saved successfully!

2026-08-15 12:11:07 | Deleted old checkpoint: ./checkpoints\step_7235
2026-08-15 12:11:14 | Step 7250/10150 | Loss: 2.2365 | LR: 1.968587e-04
2026-08-15 12:11:18 |   >> Validation Loss: 2.2155
2026-08-15 12:11:18 |   --> Seen Generation @ step 7250:
Input: Translate to Vietnamese: Sorry, that question's not on here.
Output: Xin lỗi, câu hỏi đó không phải ở đây.
--------------------------------------------------
2026-08-15 12:11:18 | Saving checkpoint to ./checkpoints\step_7250...
2026-08-15 12:11:18 | Checkpoint saved successfully!

2026-08-15 12:11:18 | Deleted old checkpoint: ./checkpoints\step_7240
2026-08-15 12:11:25 | Step 7255/10150 | Loss: 2.1945 | LR: 1.965099e-04
2026-08-15 12:11:28 |   >> Validation Loss: 2.2155
2026-08-15 12:11:28 |   --> Seen Generation @ step 7255:
Input: Translate to Vietnamese: Sorry, that question's not on here.
Output: Xin lỗi, câu hỏi đó không phải ở đây.
--------------------------------------------------
2026-08-15 12:11:28 | Saving checkpoint to ./checkpoints\step_7255...
2026-08-15 12:11:28 | Checkpoint saved successfully!

2026-08-15 12:11:28 | Deleted old checkpoint: ./checkpoints\step_7245
2026-08-15 12:11:35 | Step 7260/10150 | Loss: 2.2579 | LR: 1.961612e-04
2026-08-15 12:11:39 |   >> Validation Loss: 2.2151
2026-08-15 12:11:39 |   --> Seen Generation @ step 7260:
Input: Translate to Vietnamese: Sorry, that question's not on here.
Output: Xin lỗi, câu hỏi đó không phải ở đây.
--------------------------------------------------
2026-08-15 12:11:39 | Saving checkpoint to ./checkpoints\step_7260...
2026-08-15 12:11:39 | Checkpoint saved successfully!

2026-08-15 12:11:39 | Deleted old checkpoint: ./checkpoints\step_7250
2026-08-15 12:11:46 | Step 7265/10150 | Loss: 2.2836 | LR: 1.958126e-04
2026-08-15 12:11:49 |   >> Validation Loss: 2.2143
2026-08-15 12:11:49 |   --> Seen Generation @ step 7265:
Input: Translate to Vietnamese: Sorry, that question's not on here.
Output: Xin lỗi, câu hỏi đó không phải ở đây.
--------------------------------------------------
2026-08-15 12:11:49 | Saving checkpoint to ./checkpoints\step_7265...
2026-08-15 12:11:49 | Checkpoint saved successfully!

2026-08-15 12:11:49 | Deleted old checkpoint: ./checkpoints\step_7255
2026-08-15 12:11:56 | Step 7270/10150 | Loss: 2.3240 | LR: 1.954642e-04
2026-08-15 12:12:00 |   >> Validation Loss: 2.2142
2026-08-15 12:12:00 |   --> Seen Generation @ step 7270:
Input: Translate to Vietnamese: Sorry, that question's not on here.
Output: Xin lỗi, câu hỏi đó không phải ở đây.
--------------------------------------------------
2026-08-15 12:12:00 | Saving checkpoint to ./checkpoints\step_7270...
2026-08-15 12:12:00 | Checkpoint saved successfully!

2026-08-15 12:12:00 | Deleted old checkpoint: ./checkpoints\step_7260
2026-08-15 12:12:07 | Step 7275/10150 | Loss: 2.2480 | LR: 1.951158e-04
2026-08-15 12:12:10 |   >> Validation Loss: 2.2144
2026-08-15 12:12:10 |   --> Seen Generation @ step 7275:
Input: Translate to Vietnamese: Sorry, that question's not on here.
Output: Xin lỗi, câu hỏi đó không phải ở đây.
--------------------------------------------------
2026-08-15 12:12:10 | Saving checkpoint to ./checkpoints\step_7275...
2026-08-15 12:12:10 | Checkpoint saved successfully!

2026-08-15 12:12:10 | Deleted old checkpoint: ./checkpoints\step_7265
2026-08-15 12:12:17 | Step 7280/10150 | Loss: 2.2706 | LR: 1.947676e-04
2026-08-15 12:12:21 |   >> Validation Loss: 2.2137
2026-08-15 12:12:21 |   --> Seen Generation @ step 7280:
Input: Translate to Vietnamese: Sorry, that question's not on here.
Output: Xin lỗi, câu hỏi đó không phải ở đây.
--------------------------------------------------
2026-08-15 12:12:21 | Saving checkpoint to ./checkpoints\step_7280...
2026-08-15 12:12:21 | Checkpoint saved successfully!

2026-08-15 12:12:21 | Deleted old checkpoint: ./checkpoints\step_7270
2026-08-15 12:12:28 | Step 7285/10150 | Loss: 2.1905 | LR: 1.944195e-04
2026-08-15 12:12:31 |   >> Validation Loss: 2.2136
2026-08-15 12:12:31 |   --> Seen Generation @ step 7285:
Input: Translate to Vietnamese: Sorry, that question's not on here.
Output: Xin lỗi, câu hỏi đó không phải ở đây.
--------------------------------------------------
2026-08-15 12:12:31 | Saving checkpoint to ./checkpoints\step_7285...
2026-08-15 12:12:31 | Checkpoint saved successfully!

2026-08-15 12:12:31 | Deleted old checkpoint: ./checkpoints\step_7275
2026-08-15 12:12:38 | Step 7290/10150 | Loss: 2.3070 | LR: 1.940715e-04
2026-08-15 12:12:41 |   >> Validation Loss: 2.2127
2026-08-15 12:12:41 |   --> Seen Generation @ step 7290:
Input: Translate to Vietnamese: Sorry, that question's not on here.
Output: Xin lỗi, câu hỏi không có ở đây.
--------------------------------------------------
2026-08-15 12:12:41 | Saving checkpoint to ./checkpoints\step_7290...
2026-08-15 12:12:42 | Checkpoint saved successfully!

2026-08-15 12:12:42 | Deleted old checkpoint: ./checkpoints\step_7280
2026-08-15 12:12:49 | Step 7295/10150 | Loss: 2.2471 | LR: 1.937236e-04
2026-08-15 12:12:52 |   >> Validation Loss: 2.2131
2026-08-15 12:12:52 |   --> Seen Generation @ step 7295:
Input: Translate to Vietnamese: Sorry, that question's not on here.
Output: Xin lỗi, câu hỏi không có ở đây.
--------------------------------------------------
2026-08-15 12:12:52 | Saving checkpoint to ./checkpoints\step_7295...
2026-08-15 12:12:52 | Checkpoint saved successfully!

2026-08-15 12:12:52 | Deleted old checkpoint: ./checkpoints\step_7285
2026-08-15 12:12:59 | Step 7300/10150 | Loss: 2.2410 | LR: 1.933758e-04
2026-08-15 12:13:02 |   >> Validation Loss: 2.2131
2026-08-15 12:13:02 |   --> Seen Generation @ step 7300:
Input: Translate to Vietnamese: Sorry, that question's not on here.
Output: Xin lỗi, câu hỏi đó không phải ở đây.
--------------------------------------------------
2026-08-15 12:13:02 | Saving checkpoint to ./checkpoints\step_7300...
2026-08-15 12:13:02 | Checkpoint saved successfully!

2026-08-15 12:13:02 | Deleted old checkpoint: ./checkpoints\step_7290
2026-08-15 12:13:10 | Step 7305/10150 | Loss: 2.2413 | LR: 1.930281e-04
2026-08-15 12:13:13 |   >> Validation Loss: 2.2142
2026-08-15 12:13:13 |   --> Seen Generation @ step 7305:
Input: Translate to Vietnamese: Sorry, that question's not on here.
Output: Xin lỗi, câu hỏi đó không phải ở đây.
--------------------------------------------------
2026-08-15 12:13:13 | Saving checkpoint to ./checkpoints\step_7305...
2026-08-15 12:13:13 | Checkpoint saved successfully!

2026-08-15 12:13:13 | Deleted old checkpoint: ./checkpoints\step_7295
2026-08-15 12:13:20 | Step 7310/10150 | Loss: 2.1857 | LR: 1.926806e-04
2026-08-15 12:13:23 |   >> Validation Loss: 2.2125
2026-08-15 12:13:24 |   --> Seen Generation @ step 7310:
Input: Translate to Vietnamese: Sorry, that question's not on here.
Output: Xin lỗi, câu hỏi đó không phải ở đây.
--------------------------------------------------
2026-08-15 12:13:24 | Saving checkpoint to ./checkpoints\step_7310...
2026-08-15 12:13:24 | Checkpoint saved successfully!

2026-08-15 12:13:24 | Deleted old checkpoint: ./checkpoints\step_7300
2026-08-15 12:13:31 | Step 7315/10150 | Loss: 2.2806 | LR: 1.923332e-04
2026-08-15 12:13:34 |   >> Validation Loss: 2.2114
2026-08-15 12:13:34 |   --> Seen Generation @ step 7315:
Input: Translate to Vietnamese: Sorry, that question's not on here.
Output: Xin lỗi, câu hỏi không ở đây.
--------------------------------------------------
2026-08-15 12:13:34 | Saving checkpoint to ./checkpoints\step_7315...
2026-08-15 12:13:34 | Checkpoint saved successfully!

2026-08-15 12:13:34 | Deleted old checkpoint: ./checkpoints\step_7305
2026-08-15 12:13:41 | Step 7320/10150 | Loss: 2.2590 | LR: 1.919859e-04
2026-08-15 12:13:44 |   >> Validation Loss: 2.2122
2026-08-15 12:13:44 |   --> Seen Generation @ step 7320:
Input: Translate to Vietnamese: Sorry, that question's not on here.
Output: Xin lỗi, câu hỏi không ở đây.
--------------------------------------------------
2026-08-15 12:13:44 | Saving checkpoint to ./checkpoints\step_7320...
2026-08-15 12:13:44 | Checkpoint saved successfully!

2026-08-15 12:13:45 | Deleted old checkpoint: ./checkpoints\step_7310
2026-08-15 12:13:52 | Step 7325/10150 | Loss: 2.2230 | LR: 1.916387e-04
2026-08-15 12:13:55 |   >> Validation Loss: 2.2124
2026-08-15 12:13:55 |   --> Seen Generation @ step 7325:
Input: Translate to Vietnamese: Sorry, that question's not on here.
Output: Xin lỗi, câu hỏi không ở đây.
--------------------------------------------------
2026-08-15 12:13:55 | Saving checkpoint to ./checkpoints\step_7325...
2026-08-15 12:13:55 | Checkpoint saved successfully!

2026-08-15 12:13:55 | Deleted old checkpoint: ./checkpoints\step_7315
2026-08-15 12:14:02 | Step 7330/10150 | Loss: 2.2710 | LR: 1.912916e-04
2026-08-15 12:14:05 |   >> Validation Loss: 2.2115
2026-08-15 12:14:05 |   --> Seen Generation @ step 7330:
Input: Translate to Vietnamese: Sorry, that question's not on here.
Output: Xin lỗi, câu hỏi không ở đây.
--------------------------------------------------
2026-08-15 12:14:05 | Saving checkpoint to ./checkpoints\step_7330...
2026-08-15 12:14:05 | Checkpoint saved successfully!

2026-08-15 12:14:05 | Deleted old checkpoint: ./checkpoints\step_7320
2026-08-15 12:14:13 | Step 7335/10150 | Loss: 2.3364 | LR: 1.909446e-04
2026-08-15 12:14:16 |   >> Validation Loss: 2.2107
2026-08-15 12:14:16 |   --> Seen Generation @ step 7335:
Input: Translate to Vietnamese: Sorry, that question's not on here.
Output: Xin lỗi, câu hỏi đó không phải ở đây.
--------------------------------------------------
2026-08-15 12:14:16 | Saving checkpoint to ./checkpoints\step_7335...
2026-08-15 12:14:16 | Checkpoint saved successfully!

2026-08-15 12:14:16 | Deleted old checkpoint: ./checkpoints\step_7325
2026-08-15 12:14:23 | Step 7340/10150 | Loss: 2.2386 | LR: 1.905978e-04
2026-08-15 12:14:26 |   >> Validation Loss: 2.2101
2026-08-15 12:14:26 |   --> Seen Generation @ step 7340:
Input: Translate to Vietnamese: Sorry, that question's not on here.
Output: Xin lỗi, câu hỏi đó không phải ở đây.
--------------------------------------------------
2026-08-15 12:14:26 | Saving checkpoint to ./checkpoints\step_7340...
2026-08-15 12:14:26 | Checkpoint saved successfully!

2026-08-15 12:14:26 | Deleted old checkpoint: ./checkpoints\step_7330
2026-08-15 12:14:33 | Step 7345/10150 | Loss: 2.2792 | LR: 1.902511e-04
2026-08-15 12:14:37 |   >> Validation Loss: 2.2106
2026-08-15 12:14:37 |   --> Seen Generation @ step 7345:
Input: Translate to Vietnamese: Sorry, that question's not on here.
Output: Xin lỗi, câu hỏi đó không phải ở đây.
--------------------------------------------------
2026-08-15 12:14:37 | Saving checkpoint to ./checkpoints\step_7345...
2026-08-15 12:14:37 | Checkpoint saved successfully!

2026-08-15 12:14:37 | Deleted old checkpoint: ./checkpoints\step_7335
2026-08-15 12:14:44 | Step 7350/10150 | Loss: 2.2590 | LR: 1.899045e-04
2026-08-15 12:14:47 |   >> Validation Loss: 2.2102
2026-08-15 12:14:47 |   --> Seen Generation @ step 7350:
Input: Translate to Vietnamese: Sorry, that question's not on here.
Output: Xin lỗi, câu hỏi đó không phải ở đây.
--------------------------------------------------
2026-08-15 12:14:47 | Saving checkpoint to ./checkpoints\step_7350...
2026-08-15 12:14:47 | Checkpoint saved successfully!

2026-08-15 12:14:47 | Deleted old checkpoint: ./checkpoints\step_7340
2026-08-15 12:14:54 | Step 7355/10150 | Loss: 2.2273 | LR: 1.895580e-04
2026-08-15 12:14:58 |   >> Validation Loss: 2.2094
2026-08-15 12:14:58 |   --> Seen Generation @ step 7355:
Input: Translate to Vietnamese: Sorry, that question's not on here.
Output: Xin lỗi, câu hỏi đó không phải ở đây.
--------------------------------------------------
2026-08-15 12:14:58 | Saving checkpoint to ./checkpoints\step_7355...
2026-08-15 12:14:58 | Checkpoint saved successfully!

2026-08-15 12:14:58 | Deleted old checkpoint: ./checkpoints\step_7345
2026-08-15 12:15:05 | Step 7360/10150 | Loss: 2.1666 | LR: 1.892117e-04
2026-08-15 12:15:08 |   >> Validation Loss: 2.2107
2026-08-15 12:15:08 |   --> Seen Generation @ step 7360:
Input: Translate to Vietnamese: Sorry, that question's not on here.
Output: Xin lỗi, câu hỏi đó không phải ở đây.
--------------------------------------------------
2026-08-15 12:15:08 | Saving checkpoint to ./checkpoints\step_7360...
2026-08-15 12:15:08 | Checkpoint saved successfully!

2026-08-15 12:15:08 | Deleted old checkpoint: ./checkpoints\step_7350
2026-08-15 12:15:15 | Step 7365/10150 | Loss: 2.2939 | LR: 1.888654e-04
2026-08-15 12:15:19 |   >> Validation Loss: 2.2110
2026-08-15 12:15:19 |   --> Seen Generation @ step 7365:
Input: Translate to Vietnamese: Sorry, that question's not on here.
Output: Xin lỗi, câu hỏi đó không phải ở đây.
--------------------------------------------------
2026-08-15 12:15:19 | Saving checkpoint to ./checkpoints\step_7365...
2026-08-15 12:15:19 | Checkpoint saved successfully!

2026-08-15 12:15:19 | Deleted old checkpoint: ./checkpoints\step_7355
2026-08-15 12:15:26 | Step 7370/10150 | Loss: 2.1834 | LR: 1.885193e-04
2026-08-15 12:15:29 |   >> Validation Loss: 2.2107
2026-08-15 12:15:29 |   --> Seen Generation @ step 7370:
Input: Translate to Vietnamese: Sorry, that question's not on here.
Output: Xin lỗi, câu hỏi đó không phải ở đây.
--------------------------------------------------
2026-08-15 12:15:29 | Saving checkpoint to ./checkpoints\step_7370...
2026-08-15 12:15:29 | Checkpoint saved successfully!

2026-08-15 12:15:29 | Deleted old checkpoint: ./checkpoints\step_7360
2026-08-15 12:15:36 | Step 7375/10150 | Loss: 2.1913 | LR: 1.881734e-04
2026-08-15 12:15:39 |   >> Validation Loss: 2.2103
2026-08-15 12:15:39 |   --> Seen Generation @ step 7375:
Input: Translate to Vietnamese: Sorry, that question's not on here.
Output: Xin lỗi, câu hỏi đó không phải ở đây.
--------------------------------------------------
2026-08-15 12:15:39 | Saving checkpoint to ./checkpoints\step_7375...
2026-08-15 12:15:40 | Checkpoint saved successfully!

2026-08-15 12:15:40 | Deleted old checkpoint: ./checkpoints\step_7365
2026-08-15 12:15:46 | Step 7380/10150 | Loss: 2.2362 | LR: 1.878275e-04
2026-08-15 12:15:50 |   >> Validation Loss: 2.2104
2026-08-15 12:15:50 |   --> Seen Generation @ step 7380:
Input: Translate to Vietnamese: Sorry, that question's not on here.
Output: Xin lỗi, câu hỏi đó không phải ở đây.
--------------------------------------------------
2026-08-15 12:15:50 | Saving checkpoint to ./checkpoints\step_7380...
2026-08-15 12:15:50 | Checkpoint saved successfully!

2026-08-15 12:15:50 | Deleted old checkpoint: ./checkpoints\step_7370
2026-08-15 12:15:57 | Step 7385/10150 | Loss: 2.2546 | LR: 1.874818e-04
2026-08-15 12:16:00 |   >> Validation Loss: 2.2101
2026-08-15 12:16:00 |   --> Seen Generation @ step 7385:
Input: Translate to Vietnamese: Sorry, that question's not on here.
Output: Xin lỗi, câu hỏi đó không phải ở đây.
--------------------------------------------------
2026-08-15 12:16:00 | Saving checkpoint to ./checkpoints\step_7385...
2026-08-15 12:16:00 | Checkpoint saved successfully!

2026-08-15 12:16:01 | Deleted old checkpoint: ./checkpoints\step_7375
2026-08-15 12:16:07 | Step 7390/10150 | Loss: 2.2747 | LR: 1.871362e-04
2026-08-15 12:16:11 |   >> Validation Loss: 2.2095
2026-08-15 12:16:11 |   --> Seen Generation @ step 7390:
Input: Translate to Vietnamese: Sorry, that question's not on here.
Output: Xin lỗi, câu hỏi đó không phải ở đây.
--------------------------------------------------
2026-08-15 12:16:11 | Saving checkpoint to ./checkpoints\step_7390...
2026-08-15 12:16:11 | Checkpoint saved successfully!

2026-08-15 12:16:11 | Deleted old checkpoint: ./checkpoints\step_7380
2026-08-15 12:16:18 | Step 7395/10150 | Loss: 2.2058 | LR: 1.867908e-04
2026-08-15 12:16:21 |   >> Validation Loss: 2.2099
2026-08-15 12:16:21 |   --> Seen Generation @ step 7395:
Input: Translate to Vietnamese: Sorry, that question's not on here.
Output: Xin lỗi, câu hỏi đó không phải ở đây.
--------------------------------------------------
2026-08-15 12:16:21 | Saving checkpoint to ./checkpoints\step_7395...
2026-08-15 12:16:21 | Checkpoint saved successfully!

2026-08-15 12:16:21 | Deleted old checkpoint: ./checkpoints\step_7385
2026-08-15 12:16:28 | Step 7400/10150 | Loss: 2.2490 | LR: 1.864454e-04
2026-08-15 12:16:32 |   >> Validation Loss: 2.2101
2026-08-15 12:16:32 |   --> Seen Generation @ step 7400:
Input: Translate to Vietnamese: Sorry, that question's not on here.
Output: Xin lỗi, câu hỏi đó không phải ở đây.
--------------------------------------------------
2026-08-15 12:16:32 | Saving checkpoint to ./checkpoints\step_7400...
2026-08-15 12:16:32 | Checkpoint saved successfully!

2026-08-15 12:16:32 | Deleted old checkpoint: ./checkpoints\step_7390
2026-08-15 12:16:39 | Step 7405/10150 | Loss: 2.2985 | LR: 1.861002e-04
2026-08-15 12:16:42 |   >> Validation Loss: 2.2104
2026-08-15 12:16:42 |   --> Seen Generation @ step 7405:
Input: Translate to Vietnamese: Sorry, that question's not on here.
Output: Xin lỗi, câu hỏi đó không phải ở đây.
--------------------------------------------------
2026-08-15 12:16:42 | Saving checkpoint to ./checkpoints\step_7405...
2026-08-15 12:16:42 | Checkpoint saved successfully!

2026-08-15 12:16:42 | Deleted old checkpoint: ./checkpoints\step_7395
2026-08-15 12:16:49 | Step 7410/10150 | Loss: 2.2787 | LR: 1.857551e-04
2026-08-15 12:16:53 |   >> Validation Loss: 2.2092
2026-08-15 12:16:53 |   --> Seen Generation @ step 7410:
Input: Translate to Vietnamese: Sorry, that question's not on here.
Output: Xin lỗi, câu hỏi đó không phải ở đây.
--------------------------------------------------
2026-08-15 12:16:53 | Saving checkpoint to ./checkpoints\step_7410...
2026-08-15 12:16:53 | Checkpoint saved successfully!

2026-08-15 12:16:53 | Deleted old checkpoint: ./checkpoints\step_7400
2026-08-15 12:17:00 | Step 7415/10150 | Loss: 2.2432 | LR: 1.854102e-04
2026-08-15 12:17:03 |   >> Validation Loss: 2.2089
2026-08-15 12:17:03 |   --> Seen Generation @ step 7415:
Input: Translate to Vietnamese: Sorry, that question's not on here.
Output: Xin lỗi, câu hỏi đó không phải ở đây.
--------------------------------------------------
2026-08-15 12:17:03 | Saving checkpoint to ./checkpoints\step_7415...
2026-08-15 12:17:03 | Checkpoint saved successfully!

2026-08-15 12:17:03 | Deleted old checkpoint: ./checkpoints\step_7405
2026-08-15 12:17:10 | Step 7420/10150 | Loss: 2.2581 | LR: 1.850654e-04
2026-08-15 12:17:14 |   >> Validation Loss: 2.2092
2026-08-15 12:17:14 |   --> Seen Generation @ step 7420:
Input: Translate to Vietnamese: Sorry, that question's not on here.
Output: Xin lỗi, câu hỏi đó không phải ở đây.
--------------------------------------------------
2026-08-15 12:17:14 | Saving checkpoint to ./checkpoints\step_7420...
2026-08-15 12:17:14 | Checkpoint saved successfully!

2026-08-15 12:17:14 | Deleted old checkpoint: ./checkpoints\step_7410
2026-08-15 12:17:21 | Step 7425/10150 | Loss: 2.1876 | LR: 1.847207e-04
2026-08-15 12:17:24 |   >> Validation Loss: 2.2086
2026-08-15 12:17:24 |   --> Seen Generation @ step 7425:
Input: Translate to Vietnamese: Sorry, that question's not on here.
Output: Xin lỗi, câu hỏi đó không phải ở đây.
--------------------------------------------------
2026-08-15 12:17:24 | Saving checkpoint to ./checkpoints\step_7425...
2026-08-15 12:17:24 | Checkpoint saved successfully!

2026-08-15 12:17:24 | Deleted old checkpoint: ./checkpoints\step_7415
2026-08-15 12:17:31 | Step 7430/10150 | Loss: 2.1952 | LR: 1.843762e-04
2026-08-15 12:17:35 |   >> Validation Loss: 2.2076
2026-08-15 12:17:35 |   --> Seen Generation @ step 7430:
Input: Translate to Vietnamese: Sorry, that question's not on here.
Output: Xin lỗi, câu hỏi đó không phải ở đây.
--------------------------------------------------
2026-08-15 12:17:35 | Saving checkpoint to ./checkpoints\step_7430...
2026-08-15 12:17:35 | Checkpoint saved successfully!

2026-08-15 12:17:35 | Deleted old checkpoint: ./checkpoints\step_7420
2026-08-15 12:17:42 | Step 7435/10150 | Loss: 2.1586 | LR: 1.840317e-04
2026-08-15 12:17:45 |   >> Validation Loss: 2.2068
2026-08-15 12:17:45 |   --> Seen Generation @ step 7435:
Input: Translate to Vietnamese: Sorry, that question's not on here.
Output: Xin lỗi, câu hỏi đó không phải ở đây.
--------------------------------------------------
2026-08-15 12:17:45 | Saving checkpoint to ./checkpoints\step_7435...
2026-08-15 12:17:45 | Checkpoint saved successfully!

2026-08-15 12:17:45 | Deleted old checkpoint: ./checkpoints\step_7425
2026-08-15 12:17:52 | Step 7440/10150 | Loss: 2.2323 | LR: 1.836875e-04
2026-08-15 12:17:55 |   >> Validation Loss: 2.2079
2026-08-15 12:17:56 |   --> Seen Generation @ step 7440:
Input: Translate to Vietnamese: Sorry, that question's not on here.
Output: Xin lỗi, câu hỏi đó không phải ở đây.
--------------------------------------------------
2026-08-15 12:17:56 | Saving checkpoint to ./checkpoints\step_7440...
2026-08-15 12:17:56 | Checkpoint saved successfully!

2026-08-15 12:17:56 | Deleted old checkpoint: ./checkpoints\step_7430
2026-08-15 12:18:03 | Step 7445/10150 | Loss: 2.2500 | LR: 1.833433e-04
2026-08-15 12:18:06 |   >> Validation Loss: 2.2070
2026-08-15 12:18:06 |   --> Seen Generation @ step 7445:
Input: Translate to Vietnamese: Sorry, that question's not on here.
Output: Xin lỗi, câu hỏi đó không phải ở đây.
--------------------------------------------------
2026-08-15 12:18:06 | Saving checkpoint to ./checkpoints\step_7445...
2026-08-15 12:18:06 | Checkpoint saved successfully!

2026-08-15 12:18:06 | Deleted old checkpoint: ./checkpoints\step_7435
2026-08-15 12:18:13 | Step 7450/10150 | Loss: 2.2696 | LR: 1.829993e-04
2026-08-15 12:18:16 |   >> Validation Loss: 2.2069
2026-08-15 12:18:16 |   --> Seen Generation @ step 7450:
Input: Translate to Vietnamese: Sorry, that question's not on here.
Output: Xin lỗi, câu hỏi đó không phải ở đây.
--------------------------------------------------
2026-08-15 12:18:16 | Saving checkpoint to ./checkpoints\step_7450...
2026-08-15 12:18:17 | Checkpoint saved successfully!

2026-08-15 12:18:17 | Deleted old checkpoint: ./checkpoints\step_7440
2026-08-15 12:18:24 | Step 7455/10150 | Loss: 2.2305 | LR: 1.826554e-04
2026-08-15 12:18:27 |   >> Validation Loss: 2.2060
2026-08-15 12:18:27 |   --> Seen Generation @ step 7455:
Input: Translate to Vietnamese: Sorry, that question's not on here.
Output: Xin lỗi, câu hỏi đó không phải ở đây.
--------------------------------------------------
2026-08-15 12:18:27 | Saving checkpoint to ./checkpoints\step_7455...
2026-08-15 12:18:27 | Checkpoint saved successfully!

2026-08-15 12:18:27 | Deleted old checkpoint: ./checkpoints\step_7445
2026-08-15 12:18:34 | Step 7460/10150 | Loss: 2.2534 | LR: 1.823117e-04
2026-08-15 12:18:37 |   >> Validation Loss: 2.2074
2026-08-15 12:18:37 |   --> Seen Generation @ step 7460:
Input: Translate to Vietnamese: Sorry, that question's not on here.
Output: Xin lỗi, câu hỏi đó không phải ở đây.
--------------------------------------------------
2026-08-15 12:18:37 | Saving checkpoint to ./checkpoints\step_7460...
2026-08-15 12:18:37 | Checkpoint saved successfully!

2026-08-15 12:18:37 | Deleted old checkpoint: ./checkpoints\step_7450
2026-08-15 12:18:44 | Step 7465/10150 | Loss: 2.2026 | LR: 1.819681e-04
2026-08-15 12:18:48 |   >> Validation Loss: 2.2085
2026-08-15 12:18:48 |   --> Seen Generation @ step 7465:
Input: Translate to Vietnamese: Sorry, that question's not on here.
Output: Xin lỗi, câu hỏi đó không phải ở đây.
--------------------------------------------------
2026-08-15 12:18:48 | Saving checkpoint to ./checkpoints\step_7465...
2026-08-15 12:18:48 | Checkpoint saved successfully!

2026-08-15 12:18:48 | Deleted old checkpoint: ./checkpoints\step_7455
2026-08-15 12:18:55 | Step 7470/10150 | Loss: 2.2805 | LR: 1.816247e-04
2026-08-15 12:18:58 |   >> Validation Loss: 2.2068
2026-08-15 12:18:58 |   --> Seen Generation @ step 7470:
Input: Translate to Vietnamese: Sorry, that question's not on here.
Output: Xin lỗi, câu hỏi đó không phải ở đây.
--------------------------------------------------
2026-08-15 12:18:58 | Saving checkpoint to ./checkpoints\step_7470...
2026-08-15 12:18:58 | Checkpoint saved successfully!

2026-08-15 12:18:58 | Deleted old checkpoint: ./checkpoints\step_7460
2026-08-15 12:19:05 | Step 7475/10150 | Loss: 2.2203 | LR: 1.812813e-04
2026-08-15 12:19:09 |   >> Validation Loss: 2.2063
2026-08-15 12:19:09 |   --> Seen Generation @ step 7475:
Input: Translate to Vietnamese: Sorry, that question's not on here.
Output: Xin lỗi, câu hỏi đó không phải ở đây.
--------------------------------------------------
2026-08-15 12:19:09 | Saving checkpoint to ./checkpoints\step_7475...
2026-08-15 12:19:09 | Checkpoint saved successfully!

2026-08-15 12:19:09 | Deleted old checkpoint: ./checkpoints\step_7465
2026-08-15 12:19:16 | Step 7480/10150 | Loss: 2.2097 | LR: 1.809382e-04
2026-08-15 12:19:19 |   >> Validation Loss: 2.2069
2026-08-15 12:19:19 |   --> Seen Generation @ step 7480:
Input: Translate to Vietnamese: Sorry, that question's not on here.
Output: Xin lỗi, câu hỏi đó không phải ở đây.
--------------------------------------------------
2026-08-15 12:19:19 | Saving checkpoint to ./checkpoints\step_7480...
2026-08-15 12:19:19 | Checkpoint saved successfully!

2026-08-15 12:19:19 | Deleted old checkpoint: ./checkpoints\step_7470
2026-08-15 12:19:26 | Step 7485/10150 | Loss: 2.2039 | LR: 1.805951e-04
2026-08-15 12:19:30 |   >> Validation Loss: 2.2058
2026-08-15 12:19:30 |   --> Seen Generation @ step 7485:
Input: Translate to Vietnamese: Sorry, that question's not on here.
Output: Xin lỗi, câu hỏi đó không phải ở đây.
--------------------------------------------------
2026-08-15 12:19:30 | Saving checkpoint to ./checkpoints\step_7485...
2026-08-15 12:19:30 | Checkpoint saved successfully!

2026-08-15 12:19:30 | Deleted old checkpoint: ./checkpoints\step_7475
2026-08-15 12:19:37 | Step 7490/10150 | Loss: 2.2752 | LR: 1.802522e-04
2026-08-15 12:19:40 |   >> Validation Loss: 2.2059
2026-08-15 12:19:40 |   --> Seen Generation @ step 7490:
Input: Translate to Vietnamese: Sorry, that question's not on here.
Output: Xin lỗi, câu hỏi đó không phải ở đây.
--------------------------------------------------
2026-08-15 12:19:40 | Saving checkpoint to ./checkpoints\step_7490...
2026-08-15 12:19:40 | Checkpoint saved successfully!

2026-08-15 12:19:40 | Deleted old checkpoint: ./checkpoints\step_7480
2026-08-15 12:19:47 | Step 7495/10150 | Loss: 2.2518 | LR: 1.799095e-04
2026-08-15 12:19:50 |   >> Validation Loss: 2.2055
2026-08-15 12:19:50 |   --> Seen Generation @ step 7495:
Input: Translate to Vietnamese: Sorry, that question's not on here.
Output: Xin lỗi, câu hỏi đó không phải ở đây.
--------------------------------------------------
2026-08-15 12:19:50 | Saving checkpoint to ./checkpoints\step_7495...
2026-08-15 12:19:50 | Checkpoint saved successfully!

2026-08-15 12:19:50 | Deleted old checkpoint: ./checkpoints\step_7485
2026-08-15 12:19:57 | Step 7500/10150 | Loss: 2.1653 | LR: 1.795669e-04
2026-08-15 12:20:01 |   >> Validation Loss: 2.2052
2026-08-15 12:20:01 |   --> Seen Generation @ step 7500:
Input: Translate to Vietnamese: Sorry, that question's not on here.
Output: Xin lỗi, câu hỏi đó không phải ở đây.
--------------------------------------------------
2026-08-15 12:20:01 | Saving checkpoint to ./checkpoints\step_7500...
2026-08-15 12:20:01 | Checkpoint saved successfully!

2026-08-15 12:20:01 | Deleted old checkpoint: ./checkpoints\step_7490
2026-08-15 12:20:08 | Step 7505/10150 | Loss: 2.2159 | LR: 1.792244e-04
2026-08-15 12:20:11 |   >> Validation Loss: 2.2047
2026-08-15 12:20:11 |   --> Seen Generation @ step 7505:
Input: Translate to Vietnamese: Sorry, that question's not on here.
Output: Xin lỗi, câu hỏi đó không phải ở đây.
--------------------------------------------------
2026-08-15 12:20:11 | Saving checkpoint to ./checkpoints\step_7505...
2026-08-15 12:20:11 | Checkpoint saved successfully!

2026-08-15 12:20:11 | Deleted old checkpoint: ./checkpoints\step_7495
2026-08-15 12:20:18 | Step 7510/10150 | Loss: 2.1867 | LR: 1.788821e-04
2026-08-15 12:20:22 |   >> Validation Loss: 2.2055
2026-08-15 12:20:22 |   --> Seen Generation @ step 7510:
Input: Translate to Vietnamese: Sorry, that question's not on here.
Output: Xin lỗi, câu hỏi đó không phải ở đây.
--------------------------------------------------
2026-08-15 12:20:22 | Saving checkpoint to ./checkpoints\step_7510...
2026-08-15 12:20:22 | Checkpoint saved successfully!

2026-08-15 12:20:22 | Deleted old checkpoint: ./checkpoints\step_7500
2026-08-15 12:20:29 | Step 7515/10150 | Loss: 2.2489 | LR: 1.785399e-04
2026-08-15 12:20:32 |   >> Validation Loss: 2.2051
2026-08-15 12:20:32 |   --> Seen Generation @ step 7515:
Input: Translate to Vietnamese: Sorry, that question's not on here.
Output: Xin lỗi, câu hỏi đó không phải ở đây.
--------------------------------------------------
2026-08-15 12:20:32 | Saving checkpoint to ./checkpoints\step_7515...
2026-08-15 12:20:32 | Checkpoint saved successfully!

2026-08-15 12:20:32 | Deleted old checkpoint: ./checkpoints\step_7505
2026-08-15 12:20:39 | Step 7520/10150 | Loss: 2.2812 | LR: 1.781979e-04
2026-08-15 12:20:43 |   >> Validation Loss: 2.2047
2026-08-15 12:20:43 |   --> Seen Generation @ step 7520:
Input: Translate to Vietnamese: Sorry, that question's not on here.
Output: Xin lỗi, câu hỏi đó không phải ở đây.
--------------------------------------------------
2026-08-15 12:20:43 | Saving checkpoint to ./checkpoints\step_7520...
2026-08-15 12:20:43 | Checkpoint saved successfully!

2026-08-15 12:20:43 | Deleted old checkpoint: ./checkpoints\step_7510
2026-08-15 12:20:50 | Step 7525/10150 | Loss: 2.2314 | LR: 1.778560e-04
2026-08-15 12:20:53 |   >> Validation Loss: 2.2053
2026-08-15 12:20:53 |   --> Seen Generation @ step 7525:
Input: Translate to Vietnamese: Sorry, that question's not on here.
Output: Xin lỗi, câu hỏi đó không phải ở đây.
--------------------------------------------------
2026-08-15 12:20:53 | Saving checkpoint to ./checkpoints\step_7525...
2026-08-15 12:20:53 | Checkpoint saved successfully!

2026-08-15 12:20:53 | Deleted old checkpoint: ./checkpoints\step_7515
2026-08-15 12:21:00 | Step 7530/10150 | Loss: 2.1808 | LR: 1.775142e-04
2026-08-15 12:21:04 |   >> Validation Loss: 2.2047
2026-08-15 12:21:04 |   --> Seen Generation @ step 7530:
Input: Translate to Vietnamese: Sorry, that question's not on here.
Output: Xin lỗi, câu hỏi đó không phải ở đây.
--------------------------------------------------
2026-08-15 12:21:04 | Saving checkpoint to ./checkpoints\step_7530...
2026-08-15 12:21:04 | Checkpoint saved successfully!

2026-08-15 12:21:04 | Deleted old checkpoint: ./checkpoints\step_7520
2026-08-15 12:21:11 | Step 7535/10150 | Loss: 2.2491 | LR: 1.771727e-04
2026-08-15 12:21:14 |   >> Validation Loss: 2.2057
2026-08-15 12:21:14 |   --> Seen Generation @ step 7535:
Input: Translate to Vietnamese: Sorry, that question's not on here.
Output: Xin lỗi, câu hỏi đó không phải ở đây.
--------------------------------------------------
2026-08-15 12:21:14 | Saving checkpoint to ./checkpoints\step_7535...
2026-08-15 12:21:14 | Checkpoint saved successfully!

2026-08-15 12:21:14 | Deleted old checkpoint: ./checkpoints\step_7525
2026-08-15 12:21:21 | Step 7540/10150 | Loss: 2.1698 | LR: 1.768312e-04
2026-08-15 12:21:24 |   >> Validation Loss: 2.2057
2026-08-15 12:21:25 |   --> Seen Generation @ step 7540:
Input: Translate to Vietnamese: Sorry, that question's not on here.
Output: Xin lỗi, câu hỏi đó không phải ở đây.
--------------------------------------------------
2026-08-15 12:21:25 | Saving checkpoint to ./checkpoints\step_7540...
2026-08-15 12:21:25 | Checkpoint saved successfully!

2026-08-15 12:21:25 | Deleted old checkpoint: ./checkpoints\step_7530
2026-08-15 12:21:32 | Step 7545/10150 | Loss: 2.2485 | LR: 1.764899e-04
2026-08-15 12:21:35 |   >> Validation Loss: 2.2058
2026-08-15 12:21:35 |   --> Seen Generation @ step 7545:
Input: Translate to Vietnamese: Sorry, that question's not on here.
Output: Xin lỗi, câu hỏi đó không phải ở đây.
--------------------------------------------------
2026-08-15 12:21:35 | Saving checkpoint to ./checkpoints\step_7545...
2026-08-15 12:21:35 | Checkpoint saved successfully!

2026-08-15 12:21:35 | Deleted old checkpoint: ./checkpoints\step_7535
2026-08-15 12:21:42 | Step 7550/10150 | Loss: 2.1869 | LR: 1.761488e-04
2026-08-15 12:21:45 |   >> Validation Loss: 2.2043
2026-08-15 12:21:45 |   --> Seen Generation @ step 7550:
Input: Translate to Vietnamese: Sorry, that question's not on here.
Output: Xin lỗi, câu hỏi đó không phải ở đây.
--------------------------------------------------
2026-08-15 12:21:45 | Saving checkpoint to ./checkpoints\step_7550...
2026-08-15 12:21:46 | Checkpoint saved successfully!

2026-08-15 12:21:46 | Deleted old checkpoint: ./checkpoints\step_7540
2026-08-15 12:21:52 | Step 7555/10150 | Loss: 2.2167 | LR: 1.758078e-04
2026-08-15 12:21:56 |   >> Validation Loss: 2.2046
2026-08-15 12:21:56 |   --> Seen Generation @ step 7555:
Input: Translate to Vietnamese: Sorry, that question's not on here.
Output: Xin lỗi, câu hỏi đó không phải ở đây.
--------------------------------------------------
2026-08-15 12:21:56 | Saving checkpoint to ./checkpoints\step_7555...
2026-08-15 12:21:56 | Checkpoint saved successfully!

2026-08-15 12:21:56 | Deleted old checkpoint: ./checkpoints\step_7545
2026-08-15 12:22:03 | Step 7560/10150 | Loss: 2.2619 | LR: 1.754669e-04
2026-08-15 12:22:06 |   >> Validation Loss: 2.2039
2026-08-15 12:22:06 |   --> Seen Generation @ step 7560:
Input: Translate to Vietnamese: Sorry, that question's not on here.
Output: Xin lỗi, câu hỏi đó không phải ở đây.
--------------------------------------------------
2026-08-15 12:22:06 | Saving checkpoint to ./checkpoints\step_7560...
2026-08-15 12:22:06 | Checkpoint saved successfully!

2026-08-15 12:22:06 | Deleted old checkpoint: ./checkpoints\step_7550
2026-08-15 12:22:13 | Step 7565/10150 | Loss: 2.1797 | LR: 1.751263e-04
2026-08-15 12:22:17 |   >> Validation Loss: 2.2036
2026-08-15 12:22:17 |   --> Seen Generation @ step 7565:
Input: Translate to Vietnamese: Sorry, that question's not on here.
Output: Xin lỗi, câu hỏi đó không phải ở đây.
--------------------------------------------------
2026-08-15 12:22:17 | Saving checkpoint to ./checkpoints\step_7565...
2026-08-15 12:22:17 | Checkpoint saved successfully!

2026-08-15 12:22:17 | Deleted old checkpoint: ./checkpoints\step_7555
2026-08-15 12:22:24 | Step 7570/10150 | Loss: 2.2351 | LR: 1.747857e-04
2026-08-15 12:22:27 |   >> Validation Loss: 2.2031
2026-08-15 12:22:27 |   --> Seen Generation @ step 7570:
Input: Translate to Vietnamese: Sorry, that question's not on here.
Output: Xin lỗi, câu hỏi đó không phải ở đây.
--------------------------------------------------
2026-08-15 12:22:27 | Saving checkpoint to ./checkpoints\step_7570...
2026-08-15 12:22:27 | Checkpoint saved successfully!

2026-08-15 12:22:27 | Deleted old checkpoint: ./checkpoints\step_7560
2026-08-15 12:22:34 | Step 7575/10150 | Loss: 2.2224 | LR: 1.744453e-04
2026-08-15 12:22:38 |   >> Validation Loss: 2.2036
2026-08-15 12:22:38 |   --> Seen Generation @ step 7575:
Input: Translate to Vietnamese: Sorry, that question's not on here.
Output: Xin lỗi, câu hỏi đó không phải ở đây.
--------------------------------------------------
2026-08-15 12:22:38 | Saving checkpoint to ./checkpoints\step_7575...
2026-08-15 12:22:38 | Checkpoint saved successfully!

2026-08-15 12:22:38 | Deleted old checkpoint: ./checkpoints\step_7565
2026-08-15 12:22:45 | Step 7580/10150 | Loss: 2.2575 | LR: 1.741051e-04
2026-08-15 12:22:48 |   >> Validation Loss: 2.2034
2026-08-15 12:22:48 |   --> Seen Generation @ step 7580:
Input: Translate to Vietnamese: Sorry, that question's not on here.
Output: Xin lỗi, câu hỏi đó không phải ở đây.
--------------------------------------------------
2026-08-15 12:22:48 | Saving checkpoint to ./checkpoints\step_7580...
2026-08-15 12:22:48 | Checkpoint saved successfully!

2026-08-15 12:22:48 | Deleted old checkpoint: ./checkpoints\step_7570
2026-08-15 12:22:55 | Step 7585/10150 | Loss: 2.2433 | LR: 1.737650e-04
2026-08-15 12:22:59 |   >> Validation Loss: 2.2032
2026-08-15 12:22:59 |   --> Seen Generation @ step 7585:
Input: Translate to Vietnamese: Sorry, that question's not on here.
Output: Xin lỗi, câu hỏi đó không phải ở đây.
--------------------------------------------------
2026-08-15 12:22:59 | Saving checkpoint to ./checkpoints\step_7585...
2026-08-15 12:22:59 | Checkpoint saved successfully!

2026-08-15 12:22:59 | Deleted old checkpoint: ./checkpoints\step_7575
2026-08-15 12:23:06 | Step 7590/10150 | Loss: 2.2041 | LR: 1.734251e-04
2026-08-15 12:23:09 |   >> Validation Loss: 2.2034
2026-08-15 12:23:09 |   --> Seen Generation @ step 7590:
Input: Translate to Vietnamese: Sorry, that question's not on here.
Output: Xin lỗi, câu hỏi đó không phải ở đây.
--------------------------------------------------
2026-08-15 12:23:09 | Saving checkpoint to ./checkpoints\step_7590...
2026-08-15 12:23:09 | Checkpoint saved successfully!

2026-08-15 12:23:09 | Deleted old checkpoint: ./checkpoints\step_7580
2026-08-15 12:23:16 | Step 7595/10150 | Loss: 2.2109 | LR: 1.730854e-04
2026-08-15 12:23:20 |   >> Validation Loss: 2.2049
2026-08-15 12:23:20 |   --> Seen Generation @ step 7595:
Input: Translate to Vietnamese: Sorry, that question's not on here.
Output: Xin lỗi, câu hỏi đó không phải ở đây.
--------------------------------------------------
2026-08-15 12:23:20 | Saving checkpoint to ./checkpoints\step_7595...
2026-08-15 12:23:20 | Checkpoint saved successfully!

2026-08-15 12:23:20 | Deleted old checkpoint: ./checkpoints\step_7585
2026-08-15 12:23:27 | Step 7600/10150 | Loss: 2.2222 | LR: 1.727458e-04
2026-08-15 12:23:30 |   >> Validation Loss: 2.2041
2026-08-15 12:23:30 |   --> Seen Generation @ step 7600:
Input: Translate to Vietnamese: Sorry, that question's not on here.
Output: Xin lỗi, câu hỏi đó không phải ở đây.
--------------------------------------------------
2026-08-15 12:23:30 | Saving checkpoint to ./checkpoints\step_7600...
2026-08-15 12:23:30 | Checkpoint saved successfully!

2026-08-15 12:23:30 | Deleted old checkpoint: ./checkpoints\step_7590
2026-08-15 12:23:37 | Step 7605/10150 | Loss: 2.1899 | LR: 1.724063e-04
2026-08-15 12:23:41 |   >> Validation Loss: 2.2029
2026-08-15 12:23:41 |   --> Seen Generation @ step 7605:
Input: Translate to Vietnamese: Sorry, that question's not on here.
Output: Xin lỗi, câu hỏi đó không phải ở đây.
--------------------------------------------------
2026-08-15 12:23:41 | Saving checkpoint to ./checkpoints\step_7605...
2026-08-15 12:23:41 | Checkpoint saved successfully!

2026-08-15 12:23:41 | Deleted old checkpoint: ./checkpoints\step_7595
2026-08-15 12:23:48 | Step 7610/10150 | Loss: 2.2258 | LR: 1.720670e-04
2026-08-15 12:23:51 |   >> Validation Loss: 2.2027
2026-08-15 12:23:51 |   --> Seen Generation @ step 7610:
Input: Translate to Vietnamese: Sorry, that question's not on here.
Output: Xin lỗi, câu hỏi đó không phải ở đây.
--------------------------------------------------
2026-08-15 12:23:51 | Saving checkpoint to ./checkpoints\step_7610...
2026-08-15 12:23:51 | Checkpoint saved successfully!

2026-08-15 12:23:51 | Deleted old checkpoint: ./checkpoints\step_7600
2026-08-15 12:23:58 | Step 7615/10150 | Loss: 2.2281 | LR: 1.717279e-04
2026-08-15 12:24:02 |   >> Validation Loss: 2.2037
2026-08-15 12:24:02 |   --> Seen Generation @ step 7615:
Input: Translate to Vietnamese: Sorry, that question's not on here.
Output: Xin lỗi, câu hỏi đó không phải ở đây.
--------------------------------------------------
2026-08-15 12:24:02 | Saving checkpoint to ./checkpoints\step_7615...
2026-08-15 12:24:02 | Checkpoint saved successfully!

2026-08-15 12:24:02 | Deleted old checkpoint: ./checkpoints\step_7605
2026-08-15 12:24:09 | Step 7620/10150 | Loss: 2.2501 | LR: 1.713889e-04
2026-08-15 12:24:12 |   >> Validation Loss: 2.2023
2026-08-15 12:24:12 |   --> Seen Generation @ step 7620:
Input: Translate to Vietnamese: Sorry, that question's not on here.
Output: Xin lỗi, câu hỏi đó không phải ở đây.
--------------------------------------------------
2026-08-15 12:24:12 | Saving checkpoint to ./checkpoints\step_7620...
2026-08-15 12:24:12 | Checkpoint saved successfully!

2026-08-15 12:24:12 | Deleted old checkpoint: ./checkpoints\step_7610
2026-08-15 12:24:19 | Step 7625/10150 | Loss: 2.1644 | LR: 1.710501e-04
2026-08-15 12:24:23 |   >> Validation Loss: 2.2028
2026-08-15 12:24:23 |   --> Seen Generation @ step 7625:
Input: Translate to Vietnamese: Sorry, that question's not on here.
Output: Xin lỗi, câu hỏi đó không phải ở đây.
--------------------------------------------------
2026-08-15 12:24:23 | Saving checkpoint to ./checkpoints\step_7625...
2026-08-15 12:24:23 | Checkpoint saved successfully!

2026-08-15 12:24:23 | Deleted old checkpoint: ./checkpoints\step_7615
2026-08-15 12:24:30 | Step 7630/10150 | Loss: 2.2456 | LR: 1.707115e-04
2026-08-15 12:24:33 |   >> Validation Loss: 2.2025
2026-08-15 12:24:33 |   --> Seen Generation @ step 7630:
Input: Translate to Vietnamese: Sorry, that question's not on here.
Output: Xin lỗi, câu hỏi đó không phải ở đây.
--------------------------------------------------
2026-08-15 12:24:33 | Saving checkpoint to ./checkpoints\step_7630...
2026-08-15 12:24:33 | Checkpoint saved successfully!

2026-08-15 12:24:33 | Deleted old checkpoint: ./checkpoints\step_7620
2026-08-15 12:24:40 | Step 7635/10150 | Loss: 2.2148 | LR: 1.703730e-04
2026-08-15 12:24:43 |   >> Validation Loss: 2.2028
2026-08-15 12:24:44 |   --> Seen Generation @ step 7635:
Input: Translate to Vietnamese: Sorry, that question's not on here.
Output: Xin lỗi, câu hỏi đó không phải ở đây.
--------------------------------------------------
2026-08-15 12:24:44 | Saving checkpoint to ./checkpoints\step_7635...
2026-08-15 12:24:44 | Checkpoint saved successfully!

2026-08-15 12:24:44 | Deleted old checkpoint: ./checkpoints\step_7625
2026-08-15 12:24:51 | Step 7640/10150 | Loss: 2.3009 | LR: 1.700346e-04
2026-08-15 12:24:54 |   >> Validation Loss: 2.2038
2026-08-15 12:24:54 |   --> Seen Generation @ step 7640:
Input: Translate to Vietnamese: Sorry, that question's not on here.
Output: Xin lỗi, câu hỏi đó không phải ở đây.
--------------------------------------------------
2026-08-15 12:24:54 | Saving checkpoint to ./checkpoints\step_7640...
2026-08-15 12:24:54 | Checkpoint saved successfully!

2026-08-15 12:24:54 | Deleted old checkpoint: ./checkpoints\step_7630
2026-08-15 12:25:01 | Step 7645/10150 | Loss: 2.1437 | LR: 1.696965e-04
2026-08-15 12:25:05 |   >> Validation Loss: 2.2042
2026-08-15 12:25:05 |   --> Seen Generation @ step 7645:
Input: Translate to Vietnamese: Sorry, that question's not on here.
Output: Xin lỗi, câu hỏi đó không phải ở đây.
--------------------------------------------------
2026-08-15 12:25:05 | Saving checkpoint to ./checkpoints\step_7645...
2026-08-15 12:25:05 | Checkpoint saved successfully!

2026-08-15 12:25:05 | Deleted old checkpoint: ./checkpoints\step_7635
2026-08-15 12:25:12 | Step 7650/10150 | Loss: 2.2603 | LR: 1.693585e-04
2026-08-15 12:25:15 |   >> Validation Loss: 2.2032
2026-08-15 12:25:15 |   --> Seen Generation @ step 7650:
Input: Translate to Vietnamese: Sorry, that question's not on here.
Output: Xin lỗi, câu hỏi đó không phải ở đây.
--------------------------------------------------
2026-08-15 12:25:15 | Saving checkpoint to ./checkpoints\step_7650...
2026-08-15 12:25:15 | Checkpoint saved successfully!

2026-08-15 12:25:15 | Deleted old checkpoint: ./checkpoints\step_7640
2026-08-15 12:25:22 | Step 7655/10150 | Loss: 2.1785 | LR: 1.690206e-04
2026-08-15 12:25:26 |   >> Validation Loss: 2.2017
2026-08-15 12:25:26 |   --> Seen Generation @ step 7655:
Input: Translate to Vietnamese: Sorry, that question's not on here.
Output: Xin lỗi, câu hỏi đó không phải ở đây.
--------------------------------------------------
2026-08-15 12:25:26 | Saving checkpoint to ./checkpoints\step_7655...
2026-08-15 12:25:26 | Checkpoint saved successfully!

2026-08-15 12:25:26 | Deleted old checkpoint: ./checkpoints\step_7645
2026-08-15 12:25:33 | Step 7660/10150 | Loss: 2.3228 | LR: 1.686830e-04
2026-08-15 12:25:36 |   >> Validation Loss: 2.2011
2026-08-15 12:25:36 |   --> Seen Generation @ step 7660:
Input: Translate to Vietnamese: Sorry, that question's not on here.
Output: Xin lỗi, câu hỏi đó không phải ở đây.
--------------------------------------------------
2026-08-15 12:25:36 | Saving checkpoint to ./checkpoints\step_7660...
2026-08-15 12:25:36 | Checkpoint saved successfully!

2026-08-15 12:25:36 | Deleted old checkpoint: ./checkpoints\step_7650
2026-08-15 12:25:43 | Step 7665/10150 | Loss: 2.1910 | LR: 1.683455e-04
2026-08-15 12:25:46 |   >> Validation Loss: 2.2004
2026-08-15 12:25:46 |   --> Seen Generation @ step 7665:
Input: Translate to Vietnamese: Sorry, that question's not on here.
Output: Xin lỗi, câu hỏi đó không phải ở đây.
--------------------------------------------------
2026-08-15 12:25:46 | Saving checkpoint to ./checkpoints\step_7665...
2026-08-15 12:25:47 | Checkpoint saved successfully!

2026-08-15 12:25:47 | Deleted old checkpoint: ./checkpoints\step_7655
2026-08-15 12:25:54 | Step 7670/10150 | Loss: 2.1711 | LR: 1.680081e-04
2026-08-15 12:25:57 |   >> Validation Loss: 2.2002
2026-08-15 12:25:57 |   --> Seen Generation @ step 7670:
Input: Translate to Vietnamese: Sorry, that question's not on here.
Output: Xin lỗi, câu hỏi đó không phải ở đây.
--------------------------------------------------
2026-08-15 12:25:57 | Saving checkpoint to ./checkpoints\step_7670...
2026-08-15 12:25:57 | Checkpoint saved successfully!

2026-08-15 12:25:57 | Deleted old checkpoint: ./checkpoints\step_7660
2026-08-15 12:26:04 | Step 7675/10150 | Loss: 2.2352 | LR: 1.676710e-04
2026-08-15 12:26:07 |   >> Validation Loss: 2.2001
2026-08-15 12:26:07 |   --> Seen Generation @ step 7675:
Input: Translate to Vietnamese: Sorry, that question's not on here.
Output: Xin lỗi, câu hỏi đó không phải ở đây.
--------------------------------------------------
2026-08-15 12:26:07 | Saving checkpoint to ./checkpoints\step_7675...
2026-08-15 12:26:08 | Checkpoint saved successfully!

2026-08-15 12:26:08 | Deleted old checkpoint: ./checkpoints\step_7665
2026-08-15 12:26:15 | Step 7680/10150 | Loss: 2.2342 | LR: 1.673340e-04
2026-08-15 12:26:18 |   >> Validation Loss: 2.2007
2026-08-15 12:26:18 |   --> Seen Generation @ step 7680:
Input: Translate to Vietnamese: Sorry, that question's not on here.
Output: Xin lỗi, câu hỏi đó không phải ở đây.
--------------------------------------------------
2026-08-15 12:26:18 | Saving checkpoint to ./checkpoints\step_7680...
2026-08-15 12:26:18 | Checkpoint saved successfully!

2026-08-15 12:26:18 | Deleted old checkpoint: ./checkpoints\step_7670
2026-08-15 12:26:25 | Step 7685/10150 | Loss: 2.2227 | LR: 1.669971e-04
2026-08-15 12:26:28 |   >> Validation Loss: 2.2003
2026-08-15 12:26:28 |   --> Seen Generation @ step 7685:
Input: Translate to Vietnamese: Sorry, that question's not on here.
Output: Xin lỗi, câu hỏi đó không phải ở đây.
--------------------------------------------------
2026-08-15 12:26:28 | Saving checkpoint to ./checkpoints\step_7685...
2026-08-15 12:26:29 | Checkpoint saved successfully!

2026-08-15 12:26:29 | Deleted old checkpoint: ./checkpoints\step_7675
2026-08-15 12:26:35 | Step 7690/10150 | Loss: 2.2608 | LR: 1.666605e-04
2026-08-15 12:26:39 |   >> Validation Loss: 2.2005
2026-08-15 12:26:39 |   --> Seen Generation @ step 7690:
Input: Translate to Vietnamese: Sorry, that question's not on here.
Output: Xin lỗi, câu hỏi đó không phải ở đây.
--------------------------------------------------
2026-08-15 12:26:39 | Saving checkpoint to ./checkpoints\step_7690...
2026-08-15 12:26:39 | Checkpoint saved successfully!

2026-08-15 12:26:39 | Deleted old checkpoint: ./checkpoints\step_7680
2026-08-15 12:26:46 | Step 7695/10150 | Loss: 2.2052 | LR: 1.663240e-04
2026-08-15 12:26:49 |   >> Validation Loss: 2.1998
2026-08-15 12:26:49 |   --> Seen Generation @ step 7695:
Input: Translate to Vietnamese: Sorry, that question's not on here.
Output: Xin lỗi, câu hỏi đó không phải ở đây.
--------------------------------------------------
2026-08-15 12:26:49 | Saving checkpoint to ./checkpoints\step_7695...
2026-08-15 12:26:49 | Checkpoint saved successfully!

2026-08-15 12:26:49 | Deleted old checkpoint: ./checkpoints\step_7685
2026-08-15 12:26:56 | Step 7700/10150 | Loss: 2.2099 | LR: 1.659877e-04
2026-08-15 12:27:00 |   >> Validation Loss: 2.1992
2026-08-15 12:27:00 |   --> Seen Generation @ step 7700:
Input: Translate to Vietnamese: Sorry, that question's not on here.
Output: Xin lỗi, câu hỏi đó không phải ở đây.
--------------------------------------------------
2026-08-15 12:27:00 | Saving checkpoint to ./checkpoints\step_7700...
2026-08-15 12:27:00 | Checkpoint saved successfully!

2026-08-15 12:27:00 | Deleted old checkpoint: ./checkpoints\step_7690
2026-08-15 12:27:07 | Step 7705/10150 | Loss: 2.2095 | LR: 1.656515e-04
2026-08-15 12:27:10 |   >> Validation Loss: 2.1996
2026-08-15 12:27:10 |   --> Seen Generation @ step 7705:
Input: Translate to Vietnamese: Sorry, that question's not on here.
Output: Xin lỗi, câu hỏi đó không phải ở đây.
--------------------------------------------------
2026-08-15 12:27:10 | Saving checkpoint to ./checkpoints\step_7705...
2026-08-15 12:27:11 | Checkpoint saved successfully!

2026-08-15 12:27:11 | Deleted old checkpoint: ./checkpoints\step_7695
2026-08-15 12:27:17 | Step 7710/10150 | Loss: 2.2718 | LR: 1.653155e-04
2026-08-15 12:27:21 |   >> Validation Loss: 2.1988
2026-08-15 12:27:21 |   --> Seen Generation @ step 7710:
Input: Translate to Vietnamese: Sorry, that question's not on here.
Output: Xin lỗi, câu hỏi đó không phải ở đây.
--------------------------------------------------
2026-08-15 12:27:21 | Saving checkpoint to ./checkpoints\step_7710...
2026-08-15 12:27:21 | Checkpoint saved successfully!

2026-08-15 12:27:21 | Deleted old checkpoint: ./checkpoints\step_7700
2026-08-15 12:27:28 | Step 7715/10150 | Loss: 2.1494 | LR: 1.649797e-04
2026-08-15 12:27:31 |   >> Validation Loss: 2.1992
2026-08-15 12:27:31 |   --> Seen Generation @ step 7715:
Input: Translate to Vietnamese: Sorry, that question's not on here.
Output: Xin lỗi, câu hỏi đó không phải ở đây.
--------------------------------------------------
2026-08-15 12:27:31 | Saving checkpoint to ./checkpoints\step_7715...
2026-08-15 12:27:31 | Checkpoint saved successfully!

2026-08-15 12:27:31 | Deleted old checkpoint: ./checkpoints\step_7705
2026-08-15 12:27:38 | Step 7720/10150 | Loss: 2.1622 | LR: 1.646441e-04
2026-08-15 12:27:42 |   >> Validation Loss: 2.1986
2026-08-15 12:27:42 |   --> Seen Generation @ step 7720:
Input: Translate to Vietnamese: Sorry, that question's not on here.
Output: Xin lỗi, câu hỏi đó không phải ở đây.
--------------------------------------------------
2026-08-15 12:27:42 | Saving checkpoint to ./checkpoints\step_7720...
2026-08-15 12:27:42 | Checkpoint saved successfully!

2026-08-15 12:27:42 | Deleted old checkpoint: ./checkpoints\step_7710
2026-08-15 12:27:49 | Step 7725/10150 | Loss: 2.2499 | LR: 1.643086e-04
2026-08-15 12:27:52 |   >> Validation Loss: 2.1990
2026-08-15 12:27:52 |   --> Seen Generation @ step 7725:
Input: Translate to Vietnamese: Sorry, that question's not on here.
Output: Xin lỗi, câu hỏi đó không phải ở đây.
--------------------------------------------------
2026-08-15 12:27:52 | Saving checkpoint to ./checkpoints\step_7725...
2026-08-15 12:27:52 | Checkpoint saved successfully!

2026-08-15 12:27:52 | Deleted old checkpoint: ./checkpoints\step_7715
2026-08-15 12:27:59 | Step 7730/10150 | Loss: 2.2274 | LR: 1.639733e-04
2026-08-15 12:28:03 |   >> Validation Loss: 2.1984
2026-08-15 12:28:03 |   --> Seen Generation @ step 7730:
Input: Translate to Vietnamese: Sorry, that question's not on here.
Output: Xin lỗi, câu hỏi đó không phải ở đây.
--------------------------------------------------
2026-08-15 12:28:03 | Saving checkpoint to ./checkpoints\step_7730...
2026-08-15 12:28:03 | Checkpoint saved successfully!

2026-08-15 12:28:03 | Deleted old checkpoint: ./checkpoints\step_7720
2026-08-15 12:28:10 | Step 7735/10150 | Loss: 2.1652 | LR: 1.636382e-04
2026-08-15 12:28:13 |   >> Validation Loss: 2.1978
2026-08-15 12:28:13 |   --> Seen Generation @ step 7735:
Input: Translate to Vietnamese: Sorry, that question's not on here.
Output: Xin lỗi, câu hỏi đó không phải ở đây.
--------------------------------------------------
2026-08-15 12:28:13 | Saving checkpoint to ./checkpoints\step_7735...
2026-08-15 12:28:13 | Checkpoint saved successfully!

2026-08-15 12:28:13 | Deleted old checkpoint: ./checkpoints\step_7725
2026-08-15 12:28:20 | Step 7740/10150 | Loss: 2.2551 | LR: 1.633033e-04
2026-08-15 12:28:24 |   >> Validation Loss: 2.1985
2026-08-15 12:28:24 |   --> Seen Generation @ step 7740:
Input: Translate to Vietnamese: Sorry, that question's not on here.
Output: Xin lỗi, câu hỏi đó không phải ở đây.
--------------------------------------------------
2026-08-15 12:28:24 | Saving checkpoint to ./checkpoints\step_7740...
2026-08-15 12:28:24 | Checkpoint saved successfully!

2026-08-15 12:28:24 | Deleted old checkpoint: ./checkpoints\step_7730
2026-08-15 12:28:31 | Step 7745/10150 | Loss: 2.2274 | LR: 1.629685e-04
2026-08-15 12:28:34 |   >> Validation Loss: 2.1976
2026-08-15 12:28:34 |   --> Seen Generation @ step 7745:
Input: Translate to Vietnamese: Sorry, that question's not on here.
Output: Xin lỗi, câu hỏi đó không phải ở đây.
--------------------------------------------------
2026-08-15 12:28:34 | Saving checkpoint to ./checkpoints\step_7745...
2026-08-15 12:28:34 | Checkpoint saved successfully!

2026-08-15 12:28:34 | Deleted old checkpoint: ./checkpoints\step_7735
2026-08-15 12:28:41 | Step 7750/10150 | Loss: 2.1651 | LR: 1.626340e-04
2026-08-15 12:28:45 |   >> Validation Loss: 2.1978
2026-08-15 12:28:45 |   --> Seen Generation @ step 7750:
Input: Translate to Vietnamese: Sorry, that question's not on here.
Output: Xin lỗi, câu hỏi đó không phải ở đây.
--------------------------------------------------
2026-08-15 12:28:45 | Saving checkpoint to ./checkpoints\step_7750...
2026-08-15 12:28:45 | Checkpoint saved successfully!

2026-08-15 12:28:45 | Deleted old checkpoint: ./checkpoints\step_7740
2026-08-15 12:28:52 | Step 7755/10150 | Loss: 2.1921 | LR: 1.622996e-04
2026-08-15 12:28:55 |   >> Validation Loss: 2.1974
2026-08-15 12:28:55 |   --> Seen Generation @ step 7755:
Input: Translate to Vietnamese: Sorry, that question's not on here.
Output: Xin lỗi, câu hỏi đó không phải ở đây.
--------------------------------------------------
2026-08-15 12:28:55 | Saving checkpoint to ./checkpoints\step_7755...
2026-08-15 12:28:55 | Checkpoint saved successfully!

2026-08-15 12:28:55 | Deleted old checkpoint: ./checkpoints\step_7745
2026-08-15 12:29:03 | Step 7760/10150 | Loss: 2.1999 | LR: 1.619653e-04
2026-08-15 12:29:06 |   >> Validation Loss: 2.1981
2026-08-15 12:29:06 |   --> Seen Generation @ step 7760:
Input: Translate to Vietnamese: Sorry, that question's not on here.
Output: Xin lỗi, câu hỏi đó không phải ở đây.
--------------------------------------------------
2026-08-15 12:29:06 | Saving checkpoint to ./checkpoints\step_7760...
2026-08-15 12:29:06 | Checkpoint saved successfully!

2026-08-15 12:29:06 | Deleted old checkpoint: ./checkpoints\step_7750
2026-08-15 12:29:13 | Step 7765/10150 | Loss: 2.2765 | LR: 1.616313e-04
2026-08-15 12:29:16 |   >> Validation Loss: 2.1984
2026-08-15 12:29:16 |   --> Seen Generation @ step 7765:
Input: Translate to Vietnamese: Sorry, that question's not on here.
Output: Xin lỗi, câu hỏi đó không phải ở đây.
--------------------------------------------------
2026-08-15 12:29:16 | Saving checkpoint to ./checkpoints\step_7765...
2026-08-15 12:29:16 | Checkpoint saved successfully!

2026-08-15 12:29:16 | Deleted old checkpoint: ./checkpoints\step_7755
2026-08-15 12:29:24 | Step 7770/10150 | Loss: 2.1984 | LR: 1.612974e-04
2026-08-15 12:29:27 |   >> Validation Loss: 2.1979
2026-08-15 12:29:27 |   --> Seen Generation @ step 7770:
Input: Translate to Vietnamese: Sorry, that question's not on here.
Output: Xin lỗi, câu hỏi đó không phải ở đây.
--------------------------------------------------
2026-08-15 12:29:27 | Saving checkpoint to ./checkpoints\step_7770...
2026-08-15 12:29:27 | Checkpoint saved successfully!

2026-08-15 12:29:27 | Deleted old checkpoint: ./checkpoints\step_7760
2026-08-15 12:29:34 | Step 7775/10150 | Loss: 2.2011 | LR: 1.609637e-04
2026-08-15 12:29:37 |   >> Validation Loss: 2.1971
2026-08-15 12:29:37 |   --> Seen Generation @ step 7775:
Input: Translate to Vietnamese: Sorry, that question's not on here.
Output: Xin lỗi, câu hỏi đó không phải ở đây.
--------------------------------------------------
2026-08-15 12:29:37 | Saving checkpoint to ./checkpoints\step_7775...
2026-08-15 12:29:37 | Checkpoint saved successfully!

2026-08-15 12:29:37 | Deleted old checkpoint: ./checkpoints\step_7765
2026-08-15 12:29:44 | Step 7780/10150 | Loss: 2.2053 | LR: 1.606302e-04
2026-08-15 12:29:48 |   >> Validation Loss: 2.1968
2026-08-15 12:29:48 |   --> Seen Generation @ step 7780:
Input: Translate to Vietnamese: Sorry, that question's not on here.
Output: Xin lỗi, câu hỏi đó không phải ở đây.
--------------------------------------------------
2026-08-15 12:29:48 | Saving checkpoint to ./checkpoints\step_7780...
2026-08-15 12:29:48 | Checkpoint saved successfully!

2026-08-15 12:29:48 | Deleted old checkpoint: ./checkpoints\step_7770
2026-08-15 12:29:55 | Step 7785/10150 | Loss: 2.1880 | LR: 1.602969e-04
2026-08-15 12:29:58 |   >> Validation Loss: 2.1968
2026-08-15 12:29:58 |   --> Seen Generation @ step 7785:
Input: Translate to Vietnamese: Sorry, that question's not on here.
Output: Xin lỗi, câu hỏi đó không phải ở đây.
--------------------------------------------------
2026-08-15 12:29:58 | Saving checkpoint to ./checkpoints\step_7785...
2026-08-15 12:29:58 | Checkpoint saved successfully!

2026-08-15 12:29:58 | Deleted old checkpoint: ./checkpoints\step_7775
2026-08-15 12:30:05 | Step 7790/10150 | Loss: 2.2509 | LR: 1.599638e-04
2026-08-15 12:30:09 |   >> Validation Loss: 2.1974
2026-08-15 12:30:09 |   --> Seen Generation @ step 7790:
Input: Translate to Vietnamese: Sorry, that question's not on here.
Output: Xin lỗi, câu hỏi đó không phải ở đây.
--------------------------------------------------
2026-08-15 12:30:09 | Saving checkpoint to ./checkpoints\step_7790...
2026-08-15 12:30:09 | Checkpoint saved successfully!

2026-08-15 12:30:09 | Deleted old checkpoint: ./checkpoints\step_7780
2026-08-15 12:30:16 | Step 7795/10150 | Loss: 2.1955 | LR: 1.596308e-04
2026-08-15 12:30:19 |   >> Validation Loss: 2.1970
2026-08-15 12:30:19 |   --> Seen Generation @ step 7795:
Input: Translate to Vietnamese: Sorry, that question's not on here.
Output: Xin lỗi, câu hỏi đó không phải ở đây.
--------------------------------------------------
2026-08-15 12:30:19 | Saving checkpoint to ./checkpoints\step_7795...
2026-08-15 12:30:19 | Checkpoint saved successfully!

2026-08-15 12:30:19 | Deleted old checkpoint: ./checkpoints\step_7785
2026-08-15 12:30:27 | Step 7800/10150 | Loss: 2.1807 | LR: 1.592981e-04
2026-08-15 12:30:30 |   >> Validation Loss: 2.1963
2026-08-15 12:30:30 |   --> Seen Generation @ step 7800:
Input: Translate to Vietnamese: Sorry, that question's not on here.
Output: Xin lỗi, câu hỏi đó không phải ở đây.
--------------------------------------------------
2026-08-15 12:30:30 | Saving checkpoint to ./checkpoints\step_7800...
2026-08-15 12:30:30 | Checkpoint saved successfully!

2026-08-15 12:30:30 | Deleted old checkpoint: ./checkpoints\step_7790
2026-08-15 12:30:37 | Step 7805/10150 | Loss: 2.2261 | LR: 1.589655e-04
2026-08-15 12:30:40 |   >> Validation Loss: 2.1964
2026-08-15 12:30:40 |   --> Seen Generation @ step 7805:
Input: Translate to Vietnamese: Sorry, that question's not on here.
Output: Xin lỗi, câu hỏi đó không phải ở đây.
--------------------------------------------------
2026-08-15 12:30:40 | Saving checkpoint to ./checkpoints\step_7805...
2026-08-15 12:30:40 | Checkpoint saved successfully!

2026-08-15 12:30:40 | Deleted old checkpoint: ./checkpoints\step_7795
2026-08-15 12:30:47 | Step 7810/10150 | Loss: 2.2290 | LR: 1.586331e-04
2026-08-15 12:30:51 |   >> Validation Loss: 2.1961
2026-08-15 12:30:51 |   --> Seen Generation @ step 7810:
Input: Translate to Vietnamese: Sorry, that question's not on here.
Output: Xin lỗi, câu hỏi đó không phải ở đây.
--------------------------------------------------
2026-08-15 12:30:51 | Saving checkpoint to ./checkpoints\step_7810...
2026-08-15 12:30:51 | Checkpoint saved successfully!

2026-08-15 12:30:51 | Deleted old checkpoint: ./checkpoints\step_7800
2026-08-15 12:30:58 | Step 7815/10150 | Loss: 2.2587 | LR: 1.583009e-04
2026-08-15 12:31:01 |   >> Validation Loss: 2.1968
2026-08-15 12:31:01 |   --> Seen Generation @ step 7815:
Input: Translate to Vietnamese: Sorry, that question's not on here.
Output: Xin lỗi, câu hỏi đó không phải ở đây.
--------------------------------------------------
2026-08-15 12:31:01 | Saving checkpoint to ./checkpoints\step_7815...
2026-08-15 12:31:01 | Checkpoint saved successfully!

2026-08-15 12:31:01 | Deleted old checkpoint: ./checkpoints\step_7805
2026-08-15 12:31:08 | Step 7820/10150 | Loss: 2.1757 | LR: 1.579689e-04
2026-08-15 12:31:12 |   >> Validation Loss: 2.1954
2026-08-15 12:31:12 |   --> Seen Generation @ step 7820:
Input: Translate to Vietnamese: Sorry, that question's not on here.
Output: Xin lỗi, câu hỏi đó không phải ở đây.
--------------------------------------------------
2026-08-15 12:31:12 | Saving checkpoint to ./checkpoints\step_7820...
2026-08-15 12:31:12 | Checkpoint saved successfully!

2026-08-15 12:31:12 | Deleted old checkpoint: ./checkpoints\step_7810
2026-08-15 12:31:19 | Step 7825/10150 | Loss: 2.1843 | LR: 1.576370e-04
2026-08-15 12:31:22 |   >> Validation Loss: 2.1957
2026-08-15 12:31:22 |   --> Seen Generation @ step 7825:
Input: Translate to Vietnamese: Sorry, that question's not on here.
Output: Xin lỗi, câu hỏi đó không phải ở đây.
--------------------------------------------------
2026-08-15 12:31:22 | Saving checkpoint to ./checkpoints\step_7825...
2026-08-15 12:31:22 | Checkpoint saved successfully!

2026-08-15 12:31:22 | Deleted old checkpoint: ./checkpoints\step_7815
2026-08-15 12:31:29 | Step 7830/10150 | Loss: 2.1771 | LR: 1.573054e-04
2026-08-15 12:31:33 |   >> Validation Loss: 2.1951
2026-08-15 12:31:33 |   --> Seen Generation @ step 7830:
Input: Translate to Vietnamese: Sorry, that question's not on here.
Output: Xin lỗi, câu hỏi đó không phải ở đây.
--------------------------------------------------
2026-08-15 12:31:33 | Saving checkpoint to ./checkpoints\step_7830...
2026-08-15 12:31:33 | Checkpoint saved successfully!

2026-08-15 12:31:33 | Deleted old checkpoint: ./checkpoints\step_7820
2026-08-15 12:31:40 | Step 7835/10150 | Loss: 2.2704 | LR: 1.569739e-04
2026-08-15 12:31:43 |   >> Validation Loss: 2.1950
2026-08-15 12:31:43 |   --> Seen Generation @ step 7835:
Input: Translate to Vietnamese: Sorry, that question's not on here.
Output: Xin lỗi, câu hỏi đó không phải ở đây.
--------------------------------------------------
2026-08-15 12:31:43 | Saving checkpoint to ./checkpoints\step_7835...
2026-08-15 12:31:43 | Checkpoint saved successfully!

2026-08-15 12:31:43 | Deleted old checkpoint: ./checkpoints\step_7825
2026-08-15 12:31:50 | Step 7840/10150 | Loss: 2.2427 | LR: 1.566427e-04
2026-08-15 12:31:54 |   >> Validation Loss: 2.1951
2026-08-15 12:31:54 |   --> Seen Generation @ step 7840:
Input: Translate to Vietnamese: Sorry, that question's not on here.
Output: Xin lỗi, câu hỏi đó không phải ở đây.
--------------------------------------------------
2026-08-15 12:31:54 | Saving checkpoint to ./checkpoints\step_7840...
2026-08-15 12:31:54 | Checkpoint saved successfully!

2026-08-15 12:31:54 | Deleted old checkpoint: ./checkpoints\step_7830
2026-08-15 12:32:01 | Step 7845/10150 | Loss: 2.2892 | LR: 1.563116e-04
2026-08-15 12:32:04 |   >> Validation Loss: 2.1942
2026-08-15 12:32:04 |   --> Seen Generation @ step 7845:
Input: Translate to Vietnamese: Sorry, that question's not on here.
Output: Xin lỗi, câu hỏi đó không phải ở đây.
--------------------------------------------------
2026-08-15 12:32:04 | Saving checkpoint to ./checkpoints\step_7845...
2026-08-15 12:32:04 | Checkpoint saved successfully!

2026-08-15 12:32:04 | Deleted old checkpoint: ./checkpoints\step_7835
2026-08-15 12:32:11 | Step 7850/10150 | Loss: 2.2369 | LR: 1.559807e-04
2026-08-15 12:32:15 |   >> Validation Loss: 2.1936
2026-08-15 12:32:15 |   --> Seen Generation @ step 7850:
Input: Translate to Vietnamese: Sorry, that question's not on here.
Output: Xin lỗi, câu hỏi đó không phải ở đây.
--------------------------------------------------
2026-08-15 12:32:15 | Saving checkpoint to ./checkpoints\step_7850...
2026-08-15 12:32:15 | Checkpoint saved successfully!

2026-08-15 12:32:15 | Deleted old checkpoint: ./checkpoints\step_7840
2026-08-15 12:32:22 | Step 7855/10150 | Loss: 2.1729 | LR: 1.556500e-04
2026-08-15 12:32:25 |   >> Validation Loss: 2.1940
2026-08-15 12:32:25 |   --> Seen Generation @ step 7855:
Input: Translate to Vietnamese: Sorry, that question's not on here.
Output: Xin lỗi, câu hỏi đó không phải ở đây.
--------------------------------------------------
2026-08-15 12:32:25 | Saving checkpoint to ./checkpoints\step_7855...
2026-08-15 12:32:25 | Checkpoint saved successfully!

2026-08-15 12:32:25 | Deleted old checkpoint: ./checkpoints\step_7845
2026-08-15 12:32:32 | Step 7860/10150 | Loss: 2.1553 | LR: 1.553195e-04
2026-08-15 12:32:36 |   >> Validation Loss: 2.1934
2026-08-15 12:32:36 |   --> Seen Generation @ step 7860:
Input: Translate to Vietnamese: Sorry, that question's not on here.
Output: Xin lỗi, câu hỏi đó không phải ở đây.
--------------------------------------------------
2026-08-15 12:32:36 | Saving checkpoint to ./checkpoints\step_7860...
2026-08-15 12:32:36 | Checkpoint saved successfully!

2026-08-15 12:32:36 | Deleted old checkpoint: ./checkpoints\step_7850
2026-08-15 12:32:43 | Step 7865/10150 | Loss: 2.1893 | LR: 1.549892e-04
2026-08-15 12:32:46 |   >> Validation Loss: 2.1941
2026-08-15 12:32:46 |   --> Seen Generation @ step 7865:
Input: Translate to Vietnamese: Sorry, that question's not on here.
Output: Xin lỗi, câu hỏi đó không phải ở đây.
--------------------------------------------------
2026-08-15 12:32:46 | Saving checkpoint to ./checkpoints\step_7865...
2026-08-15 12:32:46 | Checkpoint saved successfully!

2026-08-15 12:32:46 | Deleted old checkpoint: ./checkpoints\step_7855
2026-08-15 12:32:53 | Step 7870/10150 | Loss: 2.2576 | LR: 1.546591e-04
2026-08-15 12:32:57 |   >> Validation Loss: 2.1942
2026-08-15 12:32:57 |   --> Seen Generation @ step 7870:
Input: Translate to Vietnamese: Sorry, that question's not on here.
Output: Xin lỗi, câu hỏi đó không phải ở đây.
--------------------------------------------------
2026-08-15 12:32:57 | Saving checkpoint to ./checkpoints\step_7870...
2026-08-15 12:32:57 | Checkpoint saved successfully!

2026-08-15 12:32:57 | Deleted old checkpoint: ./checkpoints\step_7860
2026-08-15 12:33:04 | Step 7875/10150 | Loss: 2.1678 | LR: 1.543291e-04
2026-08-15 12:33:07 |   >> Validation Loss: 2.1934
2026-08-15 12:33:07 |   --> Seen Generation @ step 7875:
Input: Translate to Vietnamese: Sorry, that question's not on here.
Output: Xin lỗi, câu hỏi đó không phải ở đây.
--------------------------------------------------
2026-08-15 12:33:07 | Saving checkpoint to ./checkpoints\step_7875...
2026-08-15 12:33:07 | Checkpoint saved successfully!

2026-08-15 12:33:07 | Deleted old checkpoint: ./checkpoints\step_7865
2026-08-15 12:33:14 | Step 7880/10150 | Loss: 2.1772 | LR: 1.539994e-04
2026-08-15 12:33:18 |   >> Validation Loss: 2.1935
2026-08-15 12:33:18 |   --> Seen Generation @ step 7880:
Input: Translate to Vietnamese: Sorry, that question's not on here.
Output: Xin lỗi, câu hỏi đó không phải ở đây.
--------------------------------------------------
2026-08-15 12:33:18 | Saving checkpoint to ./checkpoints\step_7880...
2026-08-15 12:33:18 | Checkpoint saved successfully!

2026-08-15 12:33:18 | Deleted old checkpoint: ./checkpoints\step_7870
2026-08-15 12:33:25 | Step 7885/10150 | Loss: 2.2813 | LR: 1.536699e-04
2026-08-15 12:33:28 |   >> Validation Loss: 2.1937
2026-08-15 12:33:28 |   --> Seen Generation @ step 7885:
Input: Translate to Vietnamese: Sorry, that question's not on here.
Output: Xin lỗi, câu hỏi đó không phải ở đây.
--------------------------------------------------
2026-08-15 12:33:28 | Saving checkpoint to ./checkpoints\step_7885...
2026-08-15 12:33:28 | Checkpoint saved successfully!

2026-08-15 12:33:28 | Deleted old checkpoint: ./checkpoints\step_7875
2026-08-15 12:33:35 | Step 7890/10150 | Loss: 2.1690 | LR: 1.533406e-04
2026-08-15 12:33:39 |   >> Validation Loss: 2.1938
2026-08-15 12:33:39 |   --> Seen Generation @ step 7890:
Input: Translate to Vietnamese: Sorry, that question's not on here.
Output: Xin lỗi, câu hỏi đó không phải ở đây.
--------------------------------------------------
2026-08-15 12:33:39 | Saving checkpoint to ./checkpoints\step_7890...
2026-08-15 12:33:39 | Checkpoint saved successfully!

2026-08-15 12:33:39 | Deleted old checkpoint: ./checkpoints\step_7880
2026-08-15 12:33:46 | Step 7895/10150 | Loss: 2.1255 | LR: 1.530114e-04
2026-08-15 12:33:49 |   >> Validation Loss: 2.1938
2026-08-15 12:33:49 |   --> Seen Generation @ step 7895:
Input: Translate to Vietnamese: Sorry, that question's not on here.
Output: Xin lỗi, câu hỏi đó không phải ở đây.
--------------------------------------------------
2026-08-15 12:33:49 | Saving checkpoint to ./checkpoints\step_7895...
2026-08-15 12:33:49 | Checkpoint saved successfully!

2026-08-15 12:33:49 | Deleted old checkpoint: ./checkpoints\step_7885
2026-08-15 12:33:56 | Step 7900/10150 | Loss: 2.2712 | LR: 1.526825e-04
2026-08-15 12:34:00 |   >> Validation Loss: 2.1943
2026-08-15 12:34:00 |   --> Seen Generation @ step 7900:
Input: Translate to Vietnamese: Sorry, that question's not on here.
Output: Xin lỗi, câu hỏi đó không phải ở đây.
--------------------------------------------------
2026-08-15 12:34:00 | Saving checkpoint to ./checkpoints\step_7900...
2026-08-15 12:34:00 | Checkpoint saved successfully!

2026-08-15 12:34:00 | Deleted old checkpoint: ./checkpoints\step_7890
2026-08-15 12:34:07 | Step 7905/10150 | Loss: 2.2177 | LR: 1.523537e-04
2026-08-15 12:34:10 |   >> Validation Loss: 2.1938
2026-08-15 12:34:10 |   --> Seen Generation @ step 7905:
Input: Translate to Vietnamese: Sorry, that question's not on here.
Output: Xin lỗi, câu hỏi đó không phải ở đây.
--------------------------------------------------
2026-08-15 12:34:10 | Saving checkpoint to ./checkpoints\step_7905...
2026-08-15 12:34:10 | Checkpoint saved successfully!

2026-08-15 12:34:10 | Deleted old checkpoint: ./checkpoints\step_7895
2026-08-15 12:34:17 | Step 7910/10150 | Loss: 2.1951 | LR: 1.520252e-04
2026-08-15 12:34:21 |   >> Validation Loss: 2.1930
2026-08-15 12:34:21 |   --> Seen Generation @ step 7910:
Input: Translate to Vietnamese: Sorry, that question's not on here.
Output: Xin lỗi, câu hỏi đó không phải ở đây.
--------------------------------------------------
2026-08-15 12:34:21 | Saving checkpoint to ./checkpoints\step_7910...
2026-08-15 12:34:21 | Checkpoint saved successfully!

2026-08-15 12:34:21 | Deleted old checkpoint: ./checkpoints\step_7900
2026-08-15 12:34:28 | Step 7915/10150 | Loss: 2.1720 | LR: 1.516968e-04
2026-08-15 12:34:31 |   >> Validation Loss: 2.1940
2026-08-15 12:34:31 |   --> Seen Generation @ step 7915:
Input: Translate to Vietnamese: Sorry, that question's not on here.
Output: Xin lỗi, câu hỏi đó không phải ở đây.
--------------------------------------------------
2026-08-15 12:34:31 | Saving checkpoint to ./checkpoints\step_7915...
2026-08-15 12:34:31 | Checkpoint saved successfully!

2026-08-15 12:34:31 | Deleted old checkpoint: ./checkpoints\step_7905
2026-08-15 12:34:38 | Step 7920/10150 | Loss: 2.1796 | LR: 1.513687e-04
2026-08-15 12:34:42 |   >> Validation Loss: 2.1931
2026-08-15 12:34:42 |   --> Seen Generation @ step 7920:
Input: Translate to Vietnamese: Sorry, that question's not on here.
Output: Xin lỗi, câu hỏi đó không phải ở đây.
--------------------------------------------------
2026-08-15 12:34:42 | Saving checkpoint to ./checkpoints\step_7920...
2026-08-15 12:34:42 | Checkpoint saved successfully!

2026-08-15 12:34:42 | Deleted old checkpoint: ./checkpoints\step_7910
2026-08-15 12:34:49 | Step 7925/10150 | Loss: 2.2465 | LR: 1.510408e-04
2026-08-15 12:34:52 |   >> Validation Loss: 2.1928
2026-08-15 12:34:52 |   --> Seen Generation @ step 7925:
Input: Translate to Vietnamese: Sorry, that question's not on here.
Output: Xin lỗi, câu hỏi đó không phải ở đây.
--------------------------------------------------
2026-08-15 12:34:52 | Saving checkpoint to ./checkpoints\step_7925...
2026-08-15 12:34:52 | Checkpoint saved successfully!

2026-08-15 12:34:52 | Deleted old checkpoint: ./checkpoints\step_7915
2026-08-15 12:34:59 | Step 7930/10150 | Loss: 2.2228 | LR: 1.507130e-04
2026-08-15 12:35:03 |   >> Validation Loss: 2.1919
2026-08-15 12:35:03 |   --> Seen Generation @ step 7930:
Input: Translate to Vietnamese: Sorry, that question's not on here.
Output: Xin lỗi, câu hỏi đó không phải ở đây.
--------------------------------------------------
2026-08-15 12:35:03 | Saving checkpoint to ./checkpoints\step_7930...
2026-08-15 12:35:03 | Checkpoint saved successfully!

2026-08-15 12:35:03 | Deleted old checkpoint: ./checkpoints\step_7920
2026-08-15 12:35:10 | Step 7935/10150 | Loss: 2.1822 | LR: 1.503855e-04
2026-08-15 12:35:13 |   >> Validation Loss: 2.1916
2026-08-15 12:35:13 |   --> Seen Generation @ step 7935:
Input: Translate to Vietnamese: Sorry, that question's not on here.
Output: Xin lỗi, câu hỏi đó không phải ở đây.
--------------------------------------------------
2026-08-15 12:35:13 | Saving checkpoint to ./checkpoints\step_7935...
2026-08-15 12:35:13 | Checkpoint saved successfully!

2026-08-15 12:35:13 | Deleted old checkpoint: ./checkpoints\step_7925
2026-08-15 12:35:20 | Step 7940/10150 | Loss: 2.1568 | LR: 1.500582e-04
2026-08-15 12:35:24 |   >> Validation Loss: 2.1919
2026-08-15 12:35:24 |   --> Seen Generation @ step 7940:
Input: Translate to Vietnamese: Sorry, that question's not on here.
Output: Xin lỗi, câu hỏi đó không phải ở đây.
--------------------------------------------------
2026-08-15 12:35:24 | Saving checkpoint to ./checkpoints\step_7940...
2026-08-15 12:35:24 | Checkpoint saved successfully!

2026-08-15 12:35:24 | Deleted old checkpoint: ./checkpoints\step_7930
2026-08-15 12:35:31 | Step 7945/10150 | Loss: 2.2774 | LR: 1.497310e-04
2026-08-15 12:35:34 |   >> Validation Loss: 2.1940
2026-08-15 12:35:34 |   --> Seen Generation @ step 7945:
Input: Translate to Vietnamese: Sorry, that question's not on here.
Output: Xin lỗi, câu hỏi không có ở đây.
--------------------------------------------------
2026-08-15 12:35:34 | Saving checkpoint to ./checkpoints\step_7945...
2026-08-15 12:35:34 | Checkpoint saved successfully!

2026-08-15 12:35:34 | Deleted old checkpoint: ./checkpoints\step_7935
2026-08-15 12:35:41 | Step 7950/10150 | Loss: 2.2251 | LR: 1.494041e-04
2026-08-15 12:35:45 |   >> Validation Loss: 2.1917
2026-08-15 12:35:45 |   --> Seen Generation @ step 7950:
Input: Translate to Vietnamese: Sorry, that question's not on here.
Output: Xin lỗi, câu hỏi đó không phải ở đây.
--------------------------------------------------
2026-08-15 12:35:45 | Saving checkpoint to ./checkpoints\step_7950...
2026-08-15 12:35:45 | Checkpoint saved successfully!

2026-08-15 12:35:45 | Deleted old checkpoint: ./checkpoints\step_7940
2026-08-15 12:35:52 | Step 7955/10150 | Loss: 2.2086 | LR: 1.490774e-04
2026-08-15 12:35:55 |   >> Validation Loss: 2.1931
2026-08-15 12:35:55 |   --> Seen Generation @ step 7955:
Input: Translate to Vietnamese: Sorry, that question's not on here.
Output: Xin lỗi, câu hỏi đó không phải ở đây.
--------------------------------------------------
2026-08-15 12:35:55 | Saving checkpoint to ./checkpoints\step_7955...
2026-08-15 12:35:55 | Checkpoint saved successfully!

2026-08-15 12:35:55 | Deleted old checkpoint: ./checkpoints\step_7945
2026-08-15 12:36:02 | Step 7960/10150 | Loss: 2.2709 | LR: 1.487509e-04
2026-08-15 12:36:05 |   >> Validation Loss: 2.1915
2026-08-15 12:36:06 |   --> Seen Generation @ step 7960:
Input: Translate to Vietnamese: Sorry, that question's not on here.
Output: Xin lỗi, câu hỏi đó không phải ở đây.
--------------------------------------------------
2026-08-15 12:36:06 | Saving checkpoint to ./checkpoints\step_7960...
2026-08-15 12:36:06 | Checkpoint saved successfully!

2026-08-15 12:36:06 | Deleted old checkpoint: ./checkpoints\step_7950
2026-08-15 12:36:13 | Step 7965/10150 | Loss: 2.2435 | LR: 1.484246e-04
2026-08-15 12:36:16 |   >> Validation Loss: 2.1911
2026-08-15 12:36:16 |   --> Seen Generation @ step 7965:
Input: Translate to Vietnamese: Sorry, that question's not on here.
Output: Xin lỗi, câu hỏi đó không phải ở đây.
--------------------------------------------------
2026-08-15 12:36:16 | Saving checkpoint to ./checkpoints\step_7965...
2026-08-15 12:36:16 | Checkpoint saved successfully!

2026-08-15 12:36:16 | Deleted old checkpoint: ./checkpoints\step_7955
2026-08-15 12:36:23 | Step 7970/10150 | Loss: 2.1663 | LR: 1.480985e-04
2026-08-15 12:36:26 |   >> Validation Loss: 2.1918
2026-08-15 12:36:27 |   --> Seen Generation @ step 7970:
Input: Translate to Vietnamese: Sorry, that question's not on here.
Output: Xin lỗi, câu hỏi đó không phải ở đây.
--------------------------------------------------
2026-08-15 12:36:27 | Saving checkpoint to ./checkpoints\step_7970...
2026-08-15 12:36:27 | Checkpoint saved successfully!

2026-08-15 12:36:27 | Deleted old checkpoint: ./checkpoints\step_7960
2026-08-15 12:36:34 | Step 7975/10150 | Loss: 2.2154 | LR: 1.477726e-04
2026-08-15 12:36:37 |   >> Validation Loss: 2.1905
2026-08-15 12:36:37 |   --> Seen Generation @ step 7975:
Input: Translate to Vietnamese: Sorry, that question's not on here.
Output: Xin lỗi, câu hỏi đó không phải ở đây.
--------------------------------------------------
2026-08-15 12:36:37 | Saving checkpoint to ./checkpoints\step_7975...
2026-08-15 12:36:37 | Checkpoint saved successfully!

2026-08-15 12:36:37 | Deleted old checkpoint: ./checkpoints\step_7965
2026-08-15 12:36:44 | Step 7980/10150 | Loss: 2.1494 | LR: 1.474469e-04
2026-08-15 12:36:47 |   >> Validation Loss: 2.1901
2026-08-15 12:36:47 |   --> Seen Generation @ step 7980:
Input: Translate to Vietnamese: Sorry, that question's not on here.
Output: Xin lỗi, câu hỏi đó không phải ở đây.
--------------------------------------------------
2026-08-15 12:36:47 | Saving checkpoint to ./checkpoints\step_7980...
2026-08-15 12:36:48 | Checkpoint saved successfully!

2026-08-15 12:36:48 | Deleted old checkpoint: ./checkpoints\step_7970
2026-08-15 12:36:55 | Step 7985/10150 | Loss: 2.1558 | LR: 1.471214e-04
2026-08-15 12:36:58 |   >> Validation Loss: 2.1895
2026-08-15 12:36:58 |   --> Seen Generation @ step 7985:
Input: Translate to Vietnamese: Sorry, that question's not on here.
Output: Xin lỗi, câu hỏi đó không phải ở đây.
--------------------------------------------------
2026-08-15 12:36:58 | Saving checkpoint to ./checkpoints\step_7985...
2026-08-15 12:36:58 | Checkpoint saved successfully!

2026-08-15 12:36:58 | Deleted old checkpoint: ./checkpoints\step_7975
2026-08-15 12:37:05 | Step 7990/10150 | Loss: 2.2833 | LR: 1.467961e-04
2026-08-15 12:37:08 |   >> Validation Loss: 2.1899
2026-08-15 12:37:08 |   --> Seen Generation @ step 7990:
Input: Translate to Vietnamese: Sorry, that question's not on here.
Output: Xin lỗi, câu hỏi đó không phải ở đây.
--------------------------------------------------
2026-08-15 12:37:08 | Saving checkpoint to ./checkpoints\step_7990...
2026-08-15 12:37:09 | Checkpoint saved successfully!

2026-08-15 12:37:09 | Deleted old checkpoint: ./checkpoints\step_7980
2026-08-15 12:37:15 | Step 7995/10150 | Loss: 2.2183 | LR: 1.464711e-04
2026-08-15 12:37:19 |   >> Validation Loss: 2.1903
2026-08-15 12:37:19 |   --> Seen Generation @ step 7995:
Input: Translate to Vietnamese: Sorry, that question's not on here.
Output: Xin lỗi, câu hỏi đó không phải ở đây.
--------------------------------------------------
2026-08-15 12:37:19 | Saving checkpoint to ./checkpoints\step_7995...
2026-08-15 12:37:19 | Checkpoint saved successfully!

2026-08-15 12:37:19 | Deleted old checkpoint: ./checkpoints\step_7985
2026-08-15 12:37:26 | Step 8000/10150 | Loss: 2.1920 | LR: 1.461462e-04
2026-08-15 12:37:29 |   >> Validation Loss: 2.1895
2026-08-15 12:37:29 |   --> Seen Generation @ step 8000:
Input: Translate to Vietnamese: Sorry, that question's not on here.
Output: Xin lỗi, câu hỏi đó không phải ở đây.
--------------------------------------------------
2026-08-15 12:37:29 | Saving checkpoint to ./checkpoints\step_8000...
2026-08-15 12:37:30 | Checkpoint saved successfully!

2026-08-15 12:37:30 | Deleted old checkpoint: ./checkpoints\step_7990
2026-08-15 12:37:37 | Step 8005/10150 | Loss: 2.2043 | LR: 1.458216e-04
2026-08-15 12:37:40 |   >> Validation Loss: 2.1905
2026-08-15 12:37:40 |   --> Seen Generation @ step 8005:
Input: Translate to Vietnamese: Sorry, that question's not on here.
Output: Xin lỗi, câu hỏi đó không phải ở đây.
--------------------------------------------------
2026-08-15 12:37:40 | Saving checkpoint to ./checkpoints\step_8005...
2026-08-15 12:37:40 | Checkpoint saved successfully!

2026-08-15 12:37:40 | Deleted old checkpoint: ./checkpoints\step_7995
2026-08-15 12:37:47 | Step 8010/10150 | Loss: 2.2089 | LR: 1.454972e-04
2026-08-15 12:37:50 |   >> Validation Loss: 2.1913
2026-08-15 12:37:50 |   --> Seen Generation @ step 8010:
Input: Translate to Vietnamese: Sorry, that question's not on here.
Output: Xin lỗi, câu hỏi đó không phải ở đây.
--------------------------------------------------
2026-08-15 12:37:50 | Saving checkpoint to ./checkpoints\step_8010...
2026-08-15 12:37:50 | Checkpoint saved successfully!

2026-08-15 12:37:50 | Deleted old checkpoint: ./checkpoints\step_8000
2026-08-15 12:37:57 | Step 8015/10150 | Loss: 2.2123 | LR: 1.451730e-04
2026-08-15 12:38:01 |   >> Validation Loss: 2.1898
2026-08-15 12:38:01 |   --> Seen Generation @ step 8015:
Input: Translate to Vietnamese: Sorry, that question's not on here.
Output: Xin lỗi, câu hỏi đó không phải ở đây.
--------------------------------------------------
2026-08-15 12:38:01 | Saving checkpoint to ./checkpoints\step_8015...
2026-08-15 12:38:01 | Checkpoint saved successfully!

2026-08-15 12:38:01 | Deleted old checkpoint: ./checkpoints\step_8005
2026-08-15 12:38:08 | Step 8020/10150 | Loss: 2.2500 | LR: 1.448490e-04
2026-08-15 12:38:11 |   >> Validation Loss: 2.1898
2026-08-15 12:38:11 |   --> Seen Generation @ step 8020:
Input: Translate to Vietnamese: Sorry, that question's not on here.
Output: Xin lỗi, câu hỏi đó không phải ở đây.
--------------------------------------------------
2026-08-15 12:38:11 | Saving checkpoint to ./checkpoints\step_8020...
2026-08-15 12:38:11 | Checkpoint saved successfully!

2026-08-15 12:38:11 | Deleted old checkpoint: ./checkpoints\step_8010
2026-08-15 12:38:18 | Step 8025/10150 | Loss: 2.2021 | LR: 1.445252e-04
2026-08-15 12:38:22 |   >> Validation Loss: 2.1894
2026-08-15 12:38:22 |   --> Seen Generation @ step 8025:
Input: Translate to Vietnamese: Sorry, that question's not on here.
Output: Xin lỗi, câu hỏi đó không phải ở đây.
--------------------------------------------------
2026-08-15 12:38:22 | Saving checkpoint to ./checkpoints\step_8025...
2026-08-15 12:38:22 | Checkpoint saved successfully!

2026-08-15 12:38:22 | Deleted old checkpoint: ./checkpoints\step_8015
2026-08-15 12:38:29 | Step 8030/10150 | Loss: 2.2060 | LR: 1.442017e-04
2026-08-15 12:38:32 |   >> Validation Loss: 2.1900
2026-08-15 12:38:32 |   --> Seen Generation @ step 8030:
Input: Translate to Vietnamese: Sorry, that question's not on here.
Output: Xin lỗi, câu hỏi đó không phải ở đây.
--------------------------------------------------
2026-08-15 12:38:32 | Saving checkpoint to ./checkpoints\step_8030...
2026-08-15 12:38:32 | Checkpoint saved successfully!

2026-08-15 12:38:32 | Deleted old checkpoint: ./checkpoints\step_8020
2026-08-15 12:38:39 | Step 8035/10150 | Loss: 2.1421 | LR: 1.438783e-04
2026-08-15 12:38:43 |   >> Validation Loss: 2.1911
2026-08-15 12:38:43 |   --> Seen Generation @ step 8035:
Input: Translate to Vietnamese: Sorry, that question's not on here.
Output: Xin lỗi, câu hỏi đó không phải ở đây.
--------------------------------------------------
2026-08-15 12:38:43 | Saving checkpoint to ./checkpoints\step_8035...
2026-08-15 12:38:43 | Checkpoint saved successfully!

2026-08-15 12:38:43 | Deleted old checkpoint: ./checkpoints\step_8025
2026-08-15 12:38:50 | Step 8040/10150 | Loss: 2.2244 | LR: 1.435552e-04
2026-08-15 12:38:53 |   >> Validation Loss: 2.1921
2026-08-15 12:38:53 |   --> Seen Generation @ step 8040:
Input: Translate to Vietnamese: Sorry, that question's not on here.
Output: Xin lỗi, câu hỏi đó không phải ở đây.
--------------------------------------------------
2026-08-15 12:38:53 | Saving checkpoint to ./checkpoints\step_8040...
2026-08-15 12:38:53 | Checkpoint saved successfully!

2026-08-15 12:38:53 | Deleted old checkpoint: ./checkpoints\step_8030
2026-08-15 12:39:00 | Step 8045/10150 | Loss: 2.2831 | LR: 1.432323e-04
2026-08-15 12:39:04 |   >> Validation Loss: 2.1901
2026-08-15 12:39:04 |   --> Seen Generation @ step 8045:
Input: Translate to Vietnamese: Sorry, that question's not on here.
Output: Xin lỗi, câu hỏi đó không phải ở đây.
--------------------------------------------------
2026-08-15 12:39:04 | Saving checkpoint to ./checkpoints\step_8045...
2026-08-15 12:39:04 | Checkpoint saved successfully!

2026-08-15 12:39:04 | Deleted old checkpoint: ./checkpoints\step_8035
2026-08-15 12:39:11 | Step 8050/10150 | Loss: 2.1761 | LR: 1.429096e-04
2026-08-15 12:39:14 |   >> Validation Loss: 2.1896
2026-08-15 12:39:14 |   --> Seen Generation @ step 8050:
Input: Translate to Vietnamese: Sorry, that question's not on here.
Output: Xin lỗi, câu hỏi đó không phải ở đây.
--------------------------------------------------
2026-08-15 12:39:14 | Saving checkpoint to ./checkpoints\step_8050...
2026-08-15 12:39:14 | Checkpoint saved successfully!

2026-08-15 12:39:14 | Deleted old checkpoint: ./checkpoints\step_8040
2026-08-15 12:39:21 | Step 8055/10150 | Loss: 2.2067 | LR: 1.425871e-04
2026-08-15 12:39:25 |   >> Validation Loss: 2.1890
2026-08-15 12:39:25 |   --> Seen Generation @ step 8055:
Input: Translate to Vietnamese: Sorry, that question's not on here.
Output: Xin lỗi, câu hỏi đó không phải ở đây.
--------------------------------------------------
2026-08-15 12:39:25 | Saving checkpoint to ./checkpoints\step_8055...
2026-08-15 12:39:25 | Checkpoint saved successfully!

2026-08-15 12:39:25 | Deleted old checkpoint: ./checkpoints\step_8045
2026-08-15 12:39:32 | Step 8060/10150 | Loss: 2.1517 | LR: 1.422648e-04
2026-08-15 12:39:35 |   >> Validation Loss: 2.1896
2026-08-15 12:39:35 |   --> Seen Generation @ step 8060:
Input: Translate to Vietnamese: Sorry, that question's not on here.
Output: Xin lỗi, câu hỏi đó không phải ở đây.
--------------------------------------------------
2026-08-15 12:39:35 | Saving checkpoint to ./checkpoints\step_8060...
2026-08-15 12:39:35 | Checkpoint saved successfully!

2026-08-15 12:39:35 | Deleted old checkpoint: ./checkpoints\step_8050
2026-08-15 12:39:42 | Step 8065/10150 | Loss: 2.2083 | LR: 1.419428e-04
2026-08-15 12:39:46 |   >> Validation Loss: 2.1884
2026-08-15 12:39:46 |   --> Seen Generation @ step 8065:
Input: Translate to Vietnamese: Sorry, that question's not on here.
Output: Xin lỗi, câu hỏi đó không phải ở đây.
--------------------------------------------------
2026-08-15 12:39:46 | Saving checkpoint to ./checkpoints\step_8065...
2026-08-15 12:39:46 | Checkpoint saved successfully!

2026-08-15 12:39:46 | Deleted old checkpoint: ./checkpoints\step_8055
2026-08-15 12:39:53 | Step 8070/10150 | Loss: 2.2306 | LR: 1.416210e-04
2026-08-15 12:39:56 |   >> Validation Loss: 2.1887
2026-08-15 12:39:56 |   --> Seen Generation @ step 8070:
Input: Translate to Vietnamese: Sorry, that question's not on here.
Output: Xin lỗi, câu hỏi đó không phải ở đây.
--------------------------------------------------
2026-08-15 12:39:56 | Saving checkpoint to ./checkpoints\step_8070...
2026-08-15 12:39:56 | Checkpoint saved successfully!

2026-08-15 12:39:56 | Deleted old checkpoint: ./checkpoints\step_8060
2026-08-15 12:40:03 | Step 8075/10150 | Loss: 2.2510 | LR: 1.412994e-04
2026-08-15 12:40:07 |   >> Validation Loss: 2.1875
2026-08-15 12:40:07 |   --> Seen Generation @ step 8075:
Input: Translate to Vietnamese: Sorry, that question's not on here.
Output: Xin lỗi, câu hỏi đó không phải ở đây.
--------------------------------------------------
2026-08-15 12:40:07 | Saving checkpoint to ./checkpoints\step_8075...
2026-08-15 12:40:07 | Checkpoint saved successfully!

2026-08-15 12:40:07 | Deleted old checkpoint: ./checkpoints\step_8065
2026-08-15 12:40:14 | Step 8080/10150 | Loss: 2.2209 | LR: 1.409780e-04
2026-08-15 12:40:17 |   >> Validation Loss: 2.1867
2026-08-15 12:40:17 |   --> Seen Generation @ step 8080:
Input: Translate to Vietnamese: Sorry, that question's not on here.
Output: Xin lỗi, câu hỏi đó không phải ở đây.
--------------------------------------------------
2026-08-15 12:40:17 | Saving checkpoint to ./checkpoints\step_8080...
2026-08-15 12:40:17 | Checkpoint saved successfully!

2026-08-15 12:40:17 | Deleted old checkpoint: ./checkpoints\step_8070
2026-08-15 12:40:24 | Step 8085/10150 | Loss: 2.1581 | LR: 1.406568e-04
2026-08-15 12:40:28 |   >> Validation Loss: 2.1876
2026-08-15 12:40:28 |   --> Seen Generation @ step 8085:
Input: Translate to Vietnamese: Sorry, that question's not on here.
Output: Xin lỗi, câu hỏi đó không phải ở đây.
--------------------------------------------------
2026-08-15 12:40:28 | Saving checkpoint to ./checkpoints\step_8085...
2026-08-15 12:40:28 | Checkpoint saved successfully!

2026-08-15 12:40:28 | Deleted old checkpoint: ./checkpoints\step_8075
2026-08-15 12:40:35 | Step 8090/10150 | Loss: 2.1794 | LR: 1.403359e-04
2026-08-15 12:40:38 |   >> Validation Loss: 2.1875
2026-08-15 12:40:38 |   --> Seen Generation @ step 8090:
Input: Translate to Vietnamese: Sorry, that question's not on here.
Output: Xin lỗi, câu hỏi đó không phải ở đây.
--------------------------------------------------
2026-08-15 12:40:38 | Saving checkpoint to ./checkpoints\step_8090...
2026-08-15 12:40:38 | Checkpoint saved successfully!

2026-08-15 12:40:38 | Deleted old checkpoint: ./checkpoints\step_8080
2026-08-15 12:40:45 | Step 8095/10150 | Loss: 2.2110 | LR: 1.400152e-04
2026-08-15 12:40:49 |   >> Validation Loss: 2.1866
2026-08-15 12:40:49 |   --> Seen Generation @ step 8095:
Input: Translate to Vietnamese: Sorry, that question's not on here.
Output: Xin lỗi, câu hỏi đó không phải ở đây.
--------------------------------------------------
2026-08-15 12:40:49 | Saving checkpoint to ./checkpoints\step_8095...
2026-08-15 12:40:49 | Checkpoint saved successfully!

2026-08-15 12:40:49 | Deleted old checkpoint: ./checkpoints\step_8085
2026-08-15 12:40:56 | Step 8100/10150 | Loss: 2.1697 | LR: 1.396947e-04
2026-08-15 12:40:59 |   >> Validation Loss: 2.1863
2026-08-15 12:40:59 |   --> Seen Generation @ step 8100:
Input: Translate to Vietnamese: Sorry, that question's not on here.
Output: Xin lỗi, câu hỏi đó không phải ở đây.
--------------------------------------------------
2026-08-15 12:40:59 | Saving checkpoint to ./checkpoints\step_8100...
2026-08-15 12:40:59 | Checkpoint saved successfully!

2026-08-15 12:40:59 | Deleted old checkpoint: ./checkpoints\step_8090
2026-08-15 12:41:06 | Step 8105/10150 | Loss: 2.2116 | LR: 1.393745e-04
2026-08-15 12:41:10 |   >> Validation Loss: 2.1866
2026-08-15 12:41:10 |   --> Seen Generation @ step 8105:
Input: Translate to Vietnamese: Sorry, that question's not on here.
Output: Xin lỗi, câu hỏi đó không phải ở đây.
--------------------------------------------------
2026-08-15 12:41:10 | Saving checkpoint to ./checkpoints\step_8105...
2026-08-15 12:41:10 | Checkpoint saved successfully!

2026-08-15 12:41:10 | Deleted old checkpoint: ./checkpoints\step_8095
2026-08-15 12:41:17 | Step 8110/10150 | Loss: 2.2120 | LR: 1.390544e-04
2026-08-15 12:41:20 |   >> Validation Loss: 2.1866
2026-08-15 12:41:20 |   --> Seen Generation @ step 8110:
Input: Translate to Vietnamese: Sorry, that question's not on here.
Output: Xin lỗi, câu hỏi đó không phải ở đây.
--------------------------------------------------
2026-08-15 12:41:20 | Saving checkpoint to ./checkpoints\step_8110...
2026-08-15 12:41:20 | Checkpoint saved successfully!

2026-08-15 12:41:20 | Deleted old checkpoint: ./checkpoints\step_8100
2026-08-15 12:41:27 | Step 8115/10150 | Loss: 2.1852 | LR: 1.387346e-04
2026-08-15 12:41:31 |   >> Validation Loss: 2.1870
2026-08-15 12:41:31 |   --> Seen Generation @ step 8115:
Input: Translate to Vietnamese: Sorry, that question's not on here.
Output: Xin lỗi, câu hỏi đó không phải ở đây.
--------------------------------------------------
2026-08-15 12:41:31 | Saving checkpoint to ./checkpoints\step_8115...
2026-08-15 12:41:31 | Checkpoint saved successfully!

2026-08-15 12:41:31 | Deleted old checkpoint: ./checkpoints\step_8105
2026-08-15 12:41:38 | Step 8120/10150 | Loss: 2.2042 | LR: 1.384150e-04
2026-08-15 12:41:41 |   >> Validation Loss: 2.1863
2026-08-15 12:41:41 |   --> Seen Generation @ step 8120:
Input: Translate to Vietnamese: Sorry, that question's not on here.
Output: Xin lỗi, câu hỏi đó không phải ở đây.
--------------------------------------------------
2026-08-15 12:41:41 | Saving checkpoint to ./checkpoints\step_8120...
2026-08-15 12:41:41 | Checkpoint saved successfully!

2026-08-15 12:41:41 | Deleted old checkpoint: ./checkpoints\step_8110
2026-08-15 12:41:48 | Step 8125/10150 | Loss: 2.1907 | LR: 1.380957e-04
2026-08-15 12:41:52 |   >> Validation Loss: 2.1866
2026-08-15 12:41:52 |   --> Seen Generation @ step 8125:
Input: Translate to Vietnamese: Sorry, that question's not on here.
Output: Xin lỗi, câu hỏi đó không phải ở đây.
--------------------------------------------------
2026-08-15 12:41:52 | Saving checkpoint to ./checkpoints\step_8125...
2026-08-15 12:41:52 | Checkpoint saved successfully!

2026-08-15 12:41:52 | Deleted old checkpoint: ./checkpoints\step_8115
2026-08-15 12:41:59 | Step 8130/10150 | Loss: 2.2056 | LR: 1.377766e-04
2026-08-15 12:42:02 |   >> Validation Loss: 2.1863
2026-08-15 12:42:02 |   --> Seen Generation @ step 8130:
Input: Translate to Vietnamese: Sorry, that question's not on here.
Output: Xin lỗi, câu hỏi đó không phải ở đây.
--------------------------------------------------
2026-08-15 12:42:02 | Saving checkpoint to ./checkpoints\step_8130...
2026-08-15 12:42:02 | Checkpoint saved successfully!

2026-08-15 12:42:02 | Deleted old checkpoint: ./checkpoints\step_8120
2026-08-15 12:42:09 | Step 8135/10150 | Loss: 2.2511 | LR: 1.374577e-04
2026-08-15 12:42:13 |   >> Validation Loss: 2.1865
2026-08-15 12:42:13 |   --> Seen Generation @ step 8135:
Input: Translate to Vietnamese: Sorry, that question's not on here.
Output: Xin lỗi, câu hỏi đó không phải ở đây.
--------------------------------------------------
2026-08-15 12:42:13 | Saving checkpoint to ./checkpoints\step_8135...
2026-08-15 12:42:13 | Checkpoint saved successfully!

2026-08-15 12:42:13 | Deleted old checkpoint: ./checkpoints\step_8125
2026-08-15 12:42:20 | Step 8140/10150 | Loss: 2.1942 | LR: 1.371390e-04
2026-08-15 12:42:23 |   >> Validation Loss: 2.1857
2026-08-15 12:42:23 |   --> Seen Generation @ step 8140:
Input: Translate to Vietnamese: Sorry, that question's not on here.
Output: Xin lỗi, câu hỏi đó không phải ở đây.
--------------------------------------------------
2026-08-15 12:42:23 | Saving checkpoint to ./checkpoints\step_8140...
2026-08-15 12:42:23 | Checkpoint saved successfully!

2026-08-15 12:42:23 | Deleted old checkpoint: ./checkpoints\step_8130
2026-08-15 12:42:30 | Step 8145/10150 | Loss: 2.1575 | LR: 1.368206e-04
2026-08-15 12:42:34 |   >> Validation Loss: 2.1851
2026-08-15 12:42:34 |   --> Seen Generation @ step 8145:
Input: Translate to Vietnamese: Sorry, that question's not on here.
Output: Xin lỗi, câu hỏi đó không phải ở đây.
--------------------------------------------------
2026-08-15 12:42:34 | Saving checkpoint to ./checkpoints\step_8145...
2026-08-15 12:42:34 | Checkpoint saved successfully!

2026-08-15 12:42:34 | Deleted old checkpoint: ./checkpoints\step_8135
2026-08-15 12:42:41 | Step 8150/10150 | Loss: 2.2496 | LR: 1.365024e-04
2026-08-15 12:42:44 |   >> Validation Loss: 2.1842
2026-08-15 12:42:44 |   --> Seen Generation @ step 8150:
Input: Translate to Vietnamese: Sorry, that question's not on here.
Output: Xin lỗi, câu hỏi đó không phải ở đây.
--------------------------------------------------
2026-08-15 12:42:44 | Saving checkpoint to ./checkpoints\step_8150...
2026-08-15 12:42:44 | Checkpoint saved successfully!

2026-08-15 12:42:44 | Deleted old checkpoint: ./checkpoints\step_8140
2026-08-15 12:42:51 | Step 8155/10150 | Loss: 2.1596 | LR: 1.361844e-04
2026-08-15 12:42:54 |   >> Validation Loss: 2.1851
2026-08-15 12:42:54 |   --> Seen Generation @ step 8155:
Input: Translate to Vietnamese: Sorry, that question's not on here.
Output: Xin lỗi, câu hỏi đó không phải ở đây.
--------------------------------------------------
2026-08-15 12:42:54 | Saving checkpoint to ./checkpoints\step_8155...
2026-08-15 12:42:55 | Checkpoint saved successfully!

2026-08-15 12:42:55 | Deleted old checkpoint: ./checkpoints\step_8145
2026-08-15 12:43:01 | Step 8160/10150 | Loss: 2.1813 | LR: 1.358667e-04
2026-08-15 12:43:05 |   >> Validation Loss: 2.1850
2026-08-15 12:43:05 |   --> Seen Generation @ step 8160:
Input: Translate to Vietnamese: Sorry, that question's not on here.
Output: Xin lỗi, câu hỏi đó không phải ở đây.
--------------------------------------------------
2026-08-15 12:43:05 | Saving checkpoint to ./checkpoints\step_8160...
2026-08-15 12:43:05 | Checkpoint saved successfully!

2026-08-15 12:43:05 | Deleted old checkpoint: ./checkpoints\step_8150
2026-08-15 12:43:12 | Step 8165/10150 | Loss: 2.2168 | LR: 1.355492e-04
2026-08-15 12:43:15 |   >> Validation Loss: 2.1846
2026-08-15 12:43:15 |   --> Seen Generation @ step 8165:
Input: Translate to Vietnamese: Sorry, that question's not on here.
Output: Xin lỗi, câu hỏi đó không phải ở đây.
--------------------------------------------------
2026-08-15 12:43:15 | Saving checkpoint to ./checkpoints\step_8165...
2026-08-15 12:43:16 | Checkpoint saved successfully!

2026-08-15 12:43:16 | Deleted old checkpoint: ./checkpoints\step_8155
2026-08-15 12:43:23 | Step 8170/10150 | Loss: 2.2184 | LR: 1.352319e-04
2026-08-15 12:43:26 |   >> Validation Loss: 2.1842
2026-08-15 12:43:26 |   --> Seen Generation @ step 8170:
Input: Translate to Vietnamese: Sorry, that question's not on here.
Output: Xin lỗi, câu hỏi đó không phải ở đây.
--------------------------------------------------
2026-08-15 12:43:26 | Saving checkpoint to ./checkpoints\step_8170...
2026-08-15 12:43:26 | Checkpoint saved successfully!

2026-08-15 12:43:26 | Deleted old checkpoint: ./checkpoints\step_8160
2026-08-15 12:43:33 | Step 8175/10150 | Loss: 2.1790 | LR: 1.349148e-04
2026-08-15 12:43:36 |   >> Validation Loss: 2.1836
2026-08-15 12:43:36 |   --> Seen Generation @ step 8175:
Input: Translate to Vietnamese: Sorry, that question's not on here.
Output: Xin lỗi, câu hỏi đó không phải ở đây.
--------------------------------------------------
2026-08-15 12:43:36 | Saving checkpoint to ./checkpoints\step_8175...
2026-08-15 12:43:36 | Checkpoint saved successfully!

2026-08-15 12:43:36 | Deleted old checkpoint: ./checkpoints\step_8165
2026-08-15 12:43:43 | Step 8180/10150 | Loss: 2.2190 | LR: 1.345980e-04
2026-08-15 12:43:47 |   >> Validation Loss: 2.1834
2026-08-15 12:43:47 |   --> Seen Generation @ step 8180:
Input: Translate to Vietnamese: Sorry, that question's not on here.
Output: Xin lỗi, câu hỏi đó không phải ở đây.
--------------------------------------------------
2026-08-15 12:43:47 | Saving checkpoint to ./checkpoints\step_8180...
2026-08-15 12:43:47 | Checkpoint saved successfully!

2026-08-15 12:43:47 | Deleted old checkpoint: ./checkpoints\step_8170
2026-08-15 12:43:54 | Step 8185/10150 | Loss: 2.1084 | LR: 1.342815e-04
2026-08-15 12:43:57 |   >> Validation Loss: 2.1833
2026-08-15 12:43:57 |   --> Seen Generation @ step 8185:
Input: Translate to Vietnamese: Sorry, that question's not on here.
Output: Xin lỗi, câu hỏi đó không phải ở đây.
--------------------------------------------------
2026-08-15 12:43:57 | Saving checkpoint to ./checkpoints\step_8185...
2026-08-15 12:43:57 | Checkpoint saved successfully!

2026-08-15 12:43:57 | Deleted old checkpoint: ./checkpoints\step_8175
2026-08-15 12:44:05 | Step 8190/10150 | Loss: 2.2692 | LR: 1.339651e-04
2026-08-15 12:44:08 |   >> Validation Loss: 2.1835
2026-08-15 12:44:08 |   --> Seen Generation @ step 8190:
Input: Translate to Vietnamese: Sorry, that question's not on here.
Output: Xin lỗi, câu hỏi đó không phải ở đây.
--------------------------------------------------
2026-08-15 12:44:08 | Saving checkpoint to ./checkpoints\step_8190...
2026-08-15 12:44:08 | Checkpoint saved successfully!

2026-08-15 12:44:08 | Deleted old checkpoint: ./checkpoints\step_8180
2026-08-15 12:44:15 | Step 8195/10150 | Loss: 2.2833 | LR: 1.336490e-04
2026-08-15 12:44:18 |   >> Validation Loss: 2.1838
2026-08-15 12:44:18 |   --> Seen Generation @ step 8195:
Input: Translate to Vietnamese: Sorry, that question's not on here.
Output: Xin lỗi, câu hỏi đó không phải ở đây.
--------------------------------------------------
2026-08-15 12:44:18 | Saving checkpoint to ./checkpoints\step_8195...
2026-08-15 12:44:18 | Checkpoint saved successfully!

2026-08-15 12:44:19 | Deleted old checkpoint: ./checkpoints\step_8185
2026-08-15 12:44:26 | Step 8200/10150 | Loss: 2.1947 | LR: 1.333332e-04
2026-08-15 12:44:29 |   >> Validation Loss: 2.1836
2026-08-15 12:44:29 |   --> Seen Generation @ step 8200:
Input: Translate to Vietnamese: Sorry, that question's not on here.
Output: Xin lỗi, câu hỏi đó không phải ở đây.
--------------------------------------------------
2026-08-15 12:44:29 | Saving checkpoint to ./checkpoints\step_8200...
2026-08-15 12:44:29 | Checkpoint saved successfully!

2026-08-15 12:44:29 | Deleted old checkpoint: ./checkpoints\step_8190
2026-08-15 12:44:36 | Step 8205/10150 | Loss: 2.2431 | LR: 1.330175e-04
2026-08-15 12:44:39 |   >> Validation Loss: 2.1875
2026-08-15 12:44:39 |   --> Seen Generation @ step 8205:
Input: Translate to Vietnamese: Sorry, that question's not on here.
Output: Xin lỗi, câu hỏi đó không phải ở đây.
--------------------------------------------------
2026-08-15 12:44:39 | Saving checkpoint to ./checkpoints\step_8205...
2026-08-15 12:44:40 | Checkpoint saved successfully!

2026-08-15 12:44:40 | Deleted old checkpoint: ./checkpoints\step_8195
2026-08-15 12:44:47 | Step 8210/10150 | Loss: 2.2160 | LR: 1.327022e-04
2026-08-15 12:44:50 |   >> Validation Loss: 2.1870
2026-08-15 12:44:50 |   --> Seen Generation @ step 8210:
Input: Translate to Vietnamese: Sorry, that question's not on here.
Output: Xin lỗi, câu hỏi đó không phải ở đây.
--------------------------------------------------
2026-08-15 12:44:50 | Saving checkpoint to ./checkpoints\step_8210...
2026-08-15 12:44:50 | Checkpoint saved successfully!

2026-08-15 12:44:50 | Deleted old checkpoint: ./checkpoints\step_8200
2026-08-15 12:44:57 | Step 8215/10150 | Loss: 2.1793 | LR: 1.323870e-04
2026-08-15 12:45:00 |   >> Validation Loss: 2.1878
2026-08-15 12:45:00 |   --> Seen Generation @ step 8215:
Input: Translate to Vietnamese: Sorry, that question's not on here.
Output: Xin lỗi, câu hỏi đó không phải ở đây.
--------------------------------------------------
2026-08-15 12:45:00 | Saving checkpoint to ./checkpoints\step_8215...
2026-08-15 12:45:00 | Checkpoint saved successfully!

2026-08-15 12:45:00 | Deleted old checkpoint: ./checkpoints\step_8205
2026-08-15 12:45:07 | Step 8220/10150 | Loss: 2.2738 | LR: 1.320721e-04
2026-08-15 12:45:11 |   >> Validation Loss: 2.1833
2026-08-15 12:45:11 |   --> Seen Generation @ step 8220:
Input: Translate to Vietnamese: Sorry, that question's not on here.
Output: Xin lỗi, câu hỏi đó không phải ở đây.
--------------------------------------------------
2026-08-15 12:45:11 | Saving checkpoint to ./checkpoints\step_8220...
2026-08-15 12:45:11 | Checkpoint saved successfully!

2026-08-15 12:45:11 | Deleted old checkpoint: ./checkpoints\step_8210
2026-08-15 12:45:18 | Step 8225/10150 | Loss: 2.1516 | LR: 1.317574e-04
2026-08-15 12:45:21 |   >> Validation Loss: 2.1828
2026-08-15 12:45:21 |   --> Seen Generation @ step 8225:
Input: Translate to Vietnamese: Sorry, that question's not on here.
Output: Xin lỗi, câu hỏi đó không phải ở đây.
--------------------------------------------------
2026-08-15 12:45:21 | Saving checkpoint to ./checkpoints\step_8225...
2026-08-15 12:45:22 | Checkpoint saved successfully!

2026-08-15 12:45:22 | Deleted old checkpoint: ./checkpoints\step_8215
2026-08-15 12:45:28 | Step 8230/10150 | Loss: 2.2442 | LR: 1.314430e-04
2026-08-15 12:45:32 |   >> Validation Loss: 2.1831
2026-08-15 12:45:32 |   --> Seen Generation @ step 8230:
Input: Translate to Vietnamese: Sorry, that question's not on here.
Output: Xin lỗi, câu hỏi đó không phải ở đây.
--------------------------------------------------
2026-08-15 12:45:32 | Saving checkpoint to ./checkpoints\step_8230...
2026-08-15 12:45:32 | Checkpoint saved successfully!

2026-08-15 12:45:32 | Deleted old checkpoint: ./checkpoints\step_8220
2026-08-15 12:45:39 | Step 8235/10150 | Loss: 2.1951 | LR: 1.311288e-04
2026-08-15 12:45:42 |   >> Validation Loss: 2.1822
2026-08-15 12:45:42 |   --> Seen Generation @ step 8235:
Input: Translate to Vietnamese: Sorry, that question's not on here.
Output: Xin lỗi, câu hỏi đó không phải ở đây.
--------------------------------------------------
2026-08-15 12:45:42 | Saving checkpoint to ./checkpoints\step_8235...
2026-08-15 12:45:42 | Checkpoint saved successfully!

2026-08-15 12:45:42 | Deleted old checkpoint: ./checkpoints\step_8225
2026-08-15 12:45:49 | Step 8240/10150 | Loss: 2.1653 | LR: 1.308149e-04
2026-08-15 12:45:53 |   >> Validation Loss: 2.1821
2026-08-15 12:45:53 |   --> Seen Generation @ step 8240:
Input: Translate to Vietnamese: Sorry, that question's not on here.
Output: Xin lỗi, câu hỏi đó không phải ở đây.
--------------------------------------------------
2026-08-15 12:45:53 | Saving checkpoint to ./checkpoints\step_8240...
2026-08-15 12:45:53 | Checkpoint saved successfully!

2026-08-15 12:45:53 | Deleted old checkpoint: ./checkpoints\step_8230
2026-08-15 12:46:00 | Step 8245/10150 | Loss: 2.2250 | LR: 1.305012e-04
2026-08-15 12:46:03 |   >> Validation Loss: 2.1818
2026-08-15 12:46:03 |   --> Seen Generation @ step 8245:
Input: Translate to Vietnamese: Sorry, that question's not on here.
Output: Xin lỗi, câu hỏi đó không phải ở đây.
--------------------------------------------------
2026-08-15 12:46:03 | Saving checkpoint to ./checkpoints\step_8245...
2026-08-15 12:46:03 | Checkpoint saved successfully!

2026-08-15 12:46:03 | Deleted old checkpoint: ./checkpoints\step_8235
2026-08-15 12:46:10 | Step 8250/10150 | Loss: 2.2888 | LR: 1.301878e-04
2026-08-15 12:46:14 |   >> Validation Loss: 2.1816
2026-08-15 12:46:14 |   --> Seen Generation @ step 8250:
Input: Translate to Vietnamese: Sorry, that question's not on here.
Output: Xin lỗi, câu hỏi đó không phải ở đây.
--------------------------------------------------
2026-08-15 12:46:14 | Saving checkpoint to ./checkpoints\step_8250...
2026-08-15 12:46:14 | Checkpoint saved successfully!

2026-08-15 12:46:14 | Deleted old checkpoint: ./checkpoints\step_8240
2026-08-15 12:46:21 | Step 8255/10150 | Loss: 2.1940 | LR: 1.298745e-04
2026-08-15 12:46:24 |   >> Validation Loss: 2.1816
2026-08-15 12:46:24 |   --> Seen Generation @ step 8255:
Input: Translate to Vietnamese: Sorry, that question's not on here.
Output: Xin lỗi, câu hỏi đó không phải ở đây.
--------------------------------------------------
2026-08-15 12:46:24 | Saving checkpoint to ./checkpoints\step_8255...
2026-08-15 12:46:24 | Checkpoint saved successfully!

2026-08-15 12:46:24 | Deleted old checkpoint: ./checkpoints\step_8245
2026-08-15 12:46:31 | Step 8260/10150 | Loss: 2.1509 | LR: 1.295616e-04
2026-08-15 12:46:35 |   >> Validation Loss: 2.1820
2026-08-15 12:46:35 |   --> Seen Generation @ step 8260:
Input: Translate to Vietnamese: Sorry, that question's not on here.
Output: Xin lỗi, câu hỏi đó không có ở đây.
--------------------------------------------------
2026-08-15 12:46:35 | Saving checkpoint to ./checkpoints\step_8260...
2026-08-15 12:46:35 | Checkpoint saved successfully!

2026-08-15 12:46:35 | Deleted old checkpoint: ./checkpoints\step_8250
2026-08-15 12:46:42 | Step 8265/10150 | Loss: 2.2625 | LR: 1.292489e-04
2026-08-15 12:46:45 |   >> Validation Loss: 2.1822
2026-08-15 12:46:45 |   --> Seen Generation @ step 8265:
Input: Translate to Vietnamese: Sorry, that question's not on here.
Output: Xin lỗi, câu hỏi đó không có ở đây.
--------------------------------------------------
2026-08-15 12:46:45 | Saving checkpoint to ./checkpoints\step_8265...
2026-08-15 12:46:45 | Checkpoint saved successfully!

2026-08-15 12:46:45 | Deleted old checkpoint: ./checkpoints\step_8255
2026-08-15 12:46:53 | Step 8270/10150 | Loss: 2.1783 | LR: 1.289364e-04
2026-08-15 12:46:56 |   >> Validation Loss: 2.1822
2026-08-15 12:46:56 |   --> Seen Generation @ step 8270:
Input: Translate to Vietnamese: Sorry, that question's not on here.
Output: Xin lỗi, câu hỏi đó không phải ở đây.
--------------------------------------------------
2026-08-15 12:46:56 | Saving checkpoint to ./checkpoints\step_8270...
2026-08-15 12:46:56 | Checkpoint saved successfully!

2026-08-15 12:46:56 | Deleted old checkpoint: ./checkpoints\step_8260
2026-08-15 12:47:03 | Step 8275/10150 | Loss: 2.2109 | LR: 1.286242e-04
2026-08-15 12:47:06 |   >> Validation Loss: 2.1818
2026-08-15 12:47:06 |   --> Seen Generation @ step 8275:
Input: Translate to Vietnamese: Sorry, that question's not on here.
Output: Xin lỗi, câu hỏi đó không phải ở đây.
--------------------------------------------------
2026-08-15 12:47:06 | Saving checkpoint to ./checkpoints\step_8275...
2026-08-15 12:47:07 | Checkpoint saved successfully!

2026-08-15 12:47:07 | Deleted old checkpoint: ./checkpoints\step_8265
2026-08-15 12:47:13 | Step 8280/10150 | Loss: 2.2180 | LR: 1.283122e-04
2026-08-15 12:47:17 |   >> Validation Loss: 2.1808
2026-08-15 12:47:17 |   --> Seen Generation @ step 8280:
Input: Translate to Vietnamese: Sorry, that question's not on here.
Output: Xin lỗi, câu hỏi đó không phải ở đây.
--------------------------------------------------
2026-08-15 12:47:17 | Saving checkpoint to ./checkpoints\step_8280...
2026-08-15 12:47:17 | Checkpoint saved successfully!

2026-08-15 12:47:17 | Deleted old checkpoint: ./checkpoints\step_8270
2026-08-15 12:47:24 | Step 8285/10150 | Loss: 2.1840 | LR: 1.280005e-04
2026-08-15 12:47:27 |   >> Validation Loss: 2.1810
2026-08-15 12:47:27 |   --> Seen Generation @ step 8285:
Input: Translate to Vietnamese: Sorry, that question's not on here.
Output: Xin lỗi, câu hỏi đó không phải ở đây.
--------------------------------------------------
2026-08-15 12:47:27 | Saving checkpoint to ./checkpoints\step_8285...
2026-08-15 12:47:27 | Checkpoint saved successfully!

2026-08-15 12:47:27 | Deleted old checkpoint: ./checkpoints\step_8275
2026-08-15 12:47:34 | Step 8290/10150 | Loss: 2.2284 | LR: 1.276890e-04
2026-08-15 12:47:38 |   >> Validation Loss: 2.1808
2026-08-15 12:47:38 |   --> Seen Generation @ step 8290:
Input: Translate to Vietnamese: Sorry, that question's not on here.
Output: Xin lỗi, câu hỏi đó không phải ở đây.
--------------------------------------------------
2026-08-15 12:47:38 | Saving checkpoint to ./checkpoints\step_8290...
2026-08-15 12:47:38 | Checkpoint saved successfully!

2026-08-15 12:47:38 | Deleted old checkpoint: ./checkpoints\step_8280
2026-08-15 12:47:45 | Step 8295/10150 | Loss: 2.1638 | LR: 1.273777e-04
2026-08-15 12:47:48 |   >> Validation Loss: 2.1810
2026-08-15 12:47:48 |   --> Seen Generation @ step 8295:
Input: Translate to Vietnamese: Sorry, that question's not on here.
Output: Xin lỗi, câu hỏi đó không phải ở đây.
--------------------------------------------------
2026-08-15 12:47:48 | Saving checkpoint to ./checkpoints\step_8295...
2026-08-15 12:47:48 | Checkpoint saved successfully!

2026-08-15 12:47:48 | Deleted old checkpoint: ./checkpoints\step_8285
2026-08-15 12:47:56 | Step 8300/10150 | Loss: 2.1821 | LR: 1.270668e-04
2026-08-15 12:47:59 |   >> Validation Loss: 2.1811
2026-08-15 12:47:59 |   --> Seen Generation @ step 8300:
Input: Translate to Vietnamese: Sorry, that question's not on here.
Output: Xin lỗi, câu hỏi đó không phải ở đây.
--------------------------------------------------
2026-08-15 12:47:59 | Saving checkpoint to ./checkpoints\step_8300...
2026-08-15 12:47:59 | Checkpoint saved successfully!

2026-08-15 12:47:59 | Deleted old checkpoint: ./checkpoints\step_8290
2026-08-15 12:48:06 | Step 8305/10150 | Loss: 2.2607 | LR: 1.267560e-04
2026-08-15 12:48:09 |   >> Validation Loss: 2.1805
2026-08-15 12:48:09 |   --> Seen Generation @ step 8305:
Input: Translate to Vietnamese: Sorry, that question's not on here.
Output: Xin lỗi, câu hỏi đó không phải ở đây.
--------------------------------------------------
2026-08-15 12:48:09 | Saving checkpoint to ./checkpoints\step_8305...
2026-08-15 12:48:09 | Checkpoint saved successfully!

2026-08-15 12:48:09 | Deleted old checkpoint: ./checkpoints\step_8295
2026-08-15 12:48:16 | Step 8310/10150 | Loss: 2.2300 | LR: 1.264456e-04
2026-08-15 12:48:20 |   >> Validation Loss: 2.1802
2026-08-15 12:48:20 |   --> Seen Generation @ step 8310:
Input: Translate to Vietnamese: Sorry, that question's not on here.
Output: Xin lỗi, câu hỏi đó không phải ở đây.
--------------------------------------------------
2026-08-15 12:48:20 | Saving checkpoint to ./checkpoints\step_8310...
2026-08-15 12:48:20 | Checkpoint saved successfully!

2026-08-15 12:48:20 | Deleted old checkpoint: ./checkpoints\step_8300
2026-08-15 12:48:27 | Step 8315/10150 | Loss: 2.2038 | LR: 1.261353e-04
2026-08-15 12:48:30 |   >> Validation Loss: 2.1798
2026-08-15 12:48:30 |   --> Seen Generation @ step 8315:
Input: Translate to Vietnamese: Sorry, that question's not on here.
Output: Xin lỗi, câu hỏi đó không phải ở đây.
--------------------------------------------------
2026-08-15 12:48:30 | Saving checkpoint to ./checkpoints\step_8315...
2026-08-15 12:48:30 | Checkpoint saved successfully!

2026-08-15 12:48:30 | Deleted old checkpoint: ./checkpoints\step_8305
2026-08-15 12:48:37 | Step 8320/10150 | Loss: 2.2353 | LR: 1.258254e-04
2026-08-15 12:48:41 |   >> Validation Loss: 2.1799
2026-08-15 12:48:41 |   --> Seen Generation @ step 8320:
Input: Translate to Vietnamese: Sorry, that question's not on here.
Output: Xin lỗi, câu hỏi đó không phải ở đây.
--------------------------------------------------
2026-08-15 12:48:41 | Saving checkpoint to ./checkpoints\step_8320...
2026-08-15 12:48:41 | Checkpoint saved successfully!

2026-08-15 12:48:41 | Deleted old checkpoint: ./checkpoints\step_8310
2026-08-15 12:48:48 | Step 8325/10150 | Loss: 2.2435 | LR: 1.255156e-04
2026-08-15 12:48:51 |   >> Validation Loss: 2.1799
2026-08-15 12:48:51 |   --> Seen Generation @ step 8325:
Input: Translate to Vietnamese: Sorry, that question's not on here.
Output: Xin lỗi, câu hỏi đó không phải ở đây.
--------------------------------------------------
2026-08-15 12:48:51 | Saving checkpoint to ./checkpoints\step_8325...
2026-08-15 12:48:51 | Checkpoint saved successfully!

2026-08-15 12:48:51 | Deleted old checkpoint: ./checkpoints\step_8315
2026-08-15 12:48:58 | Step 8330/10150 | Loss: 2.2691 | LR: 1.252062e-04
2026-08-15 12:49:02 |   >> Validation Loss: 2.1796
2026-08-15 12:49:02 |   --> Seen Generation @ step 8330:
Input: Translate to Vietnamese: Sorry, that question's not on here.
Output: Xin lỗi, câu hỏi đó không phải ở đây.
--------------------------------------------------
2026-08-15 12:49:02 | Saving checkpoint to ./checkpoints\step_8330...
2026-08-15 12:49:02 | Checkpoint saved successfully!

2026-08-15 12:49:02 | Deleted old checkpoint: ./checkpoints\step_8320
2026-08-15 12:49:09 | Step 8335/10150 | Loss: 2.2293 | LR: 1.248970e-04
2026-08-15 12:49:12 |   >> Validation Loss: 2.1800
2026-08-15 12:49:12 |   --> Seen Generation @ step 8335:
Input: Translate to Vietnamese: Sorry, that question's not on here.
Output: Xin lỗi, câu hỏi đó không phải ở đây.
--------------------------------------------------
2026-08-15 12:49:12 | Saving checkpoint to ./checkpoints\step_8335...
2026-08-15 12:49:12 | Checkpoint saved successfully!

2026-08-15 12:49:12 | Deleted old checkpoint: ./checkpoints\step_8325
2026-08-15 12:49:19 | Step 8340/10150 | Loss: 2.1883 | LR: 1.245880e-04
2026-08-15 12:49:23 |   >> Validation Loss: 2.1795
2026-08-15 12:49:23 |   --> Seen Generation @ step 8340:
Input: Translate to Vietnamese: Sorry, that question's not on here.
Output: Xin lỗi, câu hỏi đó không phải ở đây.
--------------------------------------------------
2026-08-15 12:49:23 | Saving checkpoint to ./checkpoints\step_8340...
2026-08-15 12:49:23 | Checkpoint saved successfully!

2026-08-15 12:49:23 | Deleted old checkpoint: ./checkpoints\step_8330
2026-08-15 12:49:30 | Step 8345/10150 | Loss: 2.1652 | LR: 1.242793e-04
2026-08-15 12:49:33 |   >> Validation Loss: 2.1794
2026-08-15 12:49:33 |   --> Seen Generation @ step 8345:
Input: Translate to Vietnamese: Sorry, that question's not on here.
Output: Xin lỗi, câu hỏi đó không phải ở đây.
--------------------------------------------------
2026-08-15 12:49:33 | Saving checkpoint to ./checkpoints\step_8345...
2026-08-15 12:49:33 | Checkpoint saved successfully!

2026-08-15 12:49:33 | Deleted old checkpoint: ./checkpoints\step_8335
2026-08-15 12:49:40 | Step 8350/10150 | Loss: 2.3096 | LR: 1.239709e-04
2026-08-15 12:49:43 |   >> Validation Loss: 2.1787
2026-08-15 12:49:44 |   --> Seen Generation @ step 8350:
Input: Translate to Vietnamese: Sorry, that question's not on here.
Output: Xin lỗi, câu hỏi đó không phải ở đây.
--------------------------------------------------
2026-08-15 12:49:44 | Saving checkpoint to ./checkpoints\step_8350...
2026-08-15 12:49:44 | Checkpoint saved successfully!

2026-08-15 12:49:44 | Deleted old checkpoint: ./checkpoints\step_8340
2026-08-15 12:49:51 | Step 8355/10150 | Loss: 2.1977 | LR: 1.236627e-04
2026-08-15 12:49:54 |   >> Validation Loss: 2.1792
2026-08-15 12:49:54 |   --> Seen Generation @ step 8355:
Input: Translate to Vietnamese: Sorry, that question's not on here.
Output: Xin lỗi, câu hỏi đó không phải ở đây.
--------------------------------------------------
2026-08-15 12:49:54 | Saving checkpoint to ./checkpoints\step_8355...
2026-08-15 12:49:54 | Checkpoint saved successfully!

2026-08-15 12:49:54 | Deleted old checkpoint: ./checkpoints\step_8345
2026-08-15 12:50:01 | Step 8360/10150 | Loss: 2.1942 | LR: 1.233547e-04
2026-08-15 12:50:05 |   >> Validation Loss: 2.1785
2026-08-15 12:50:05 |   --> Seen Generation @ step 8360:
Input: Translate to Vietnamese: Sorry, that question's not on here.
Output: Xin lỗi, câu hỏi đó không phải ở đây.
--------------------------------------------------
2026-08-15 12:50:05 | Saving checkpoint to ./checkpoints\step_8360...
2026-08-15 12:50:05 | Checkpoint saved successfully!

2026-08-15 12:50:05 | Deleted old checkpoint: ./checkpoints\step_8350
2026-08-15 12:50:12 | Step 8365/10150 | Loss: 2.1691 | LR: 1.230471e-04
2026-08-15 12:50:15 |   >> Validation Loss: 2.1795
2026-08-15 12:50:15 |   --> Seen Generation @ step 8365:
Input: Translate to Vietnamese: Sorry, that question's not on here.
Output: Xin lỗi, câu hỏi đó không phải ở đây.
--------------------------------------------------
2026-08-15 12:50:15 | Saving checkpoint to ./checkpoints\step_8365...
2026-08-15 12:50:15 | Checkpoint saved successfully!

2026-08-15 12:50:15 | Deleted old checkpoint: ./checkpoints\step_8355
2026-08-15 12:50:22 | Step 8370/10150 | Loss: 2.2361 | LR: 1.227396e-04
2026-08-15 12:50:25 |   >> Validation Loss: 2.1782
2026-08-15 12:50:26 |   --> Seen Generation @ step 8370:
Input: Translate to Vietnamese: Sorry, that question's not on here.
Output: Xin lỗi, câu hỏi đó không phải ở đây.
--------------------------------------------------
2026-08-15 12:50:26 | Saving checkpoint to ./checkpoints\step_8370...
2026-08-15 12:50:26 | Checkpoint saved successfully!

2026-08-15 12:50:26 | Deleted old checkpoint: ./checkpoints\step_8360
2026-08-15 12:50:33 | Step 8375/10150 | Loss: 2.1637 | LR: 1.224325e-04
2026-08-15 12:50:36 |   >> Validation Loss: 2.1780
2026-08-15 12:50:36 |   --> Seen Generation @ step 8375:
Input: Translate to Vietnamese: Sorry, that question's not on here.
Output: Xin lỗi, câu hỏi đó không phải ở đây.
--------------------------------------------------
2026-08-15 12:50:36 | Saving checkpoint to ./checkpoints\step_8375...
2026-08-15 12:50:36 | Checkpoint saved successfully!

2026-08-15 12:50:36 | Deleted old checkpoint: ./checkpoints\step_8365
2026-08-15 12:50:43 | Step 8380/10150 | Loss: 2.1978 | LR: 1.221256e-04
2026-08-15 12:50:46 |   >> Validation Loss: 2.1780
2026-08-15 12:50:47 |   --> Seen Generation @ step 8380:
Input: Translate to Vietnamese: Sorry, that question's not on here.
Output: Xin lỗi, câu hỏi đó không phải ở đây.
--------------------------------------------------
2026-08-15 12:50:47 | Saving checkpoint to ./checkpoints\step_8380...
2026-08-15 12:50:47 | Checkpoint saved successfully!

2026-08-15 12:50:47 | Deleted old checkpoint: ./checkpoints\step_8370
2026-08-15 12:50:54 | Step 8385/10150 | Loss: 2.1401 | LR: 1.218190e-04
2026-08-15 12:50:57 |   >> Validation Loss: 2.1779
2026-08-15 12:50:57 |   --> Seen Generation @ step 8385:
Input: Translate to Vietnamese: Sorry, that question's not on here.
Output: Xin lỗi, câu hỏi đó không phải ở đây.
--------------------------------------------------
2026-08-15 12:50:57 | Saving checkpoint to ./checkpoints\step_8385...
2026-08-15 12:50:57 | Checkpoint saved successfully!

2026-08-15 12:50:57 | Deleted old checkpoint: ./checkpoints\step_8375
2026-08-15 12:51:04 | Step 8390/10150 | Loss: 2.2520 | LR: 1.215126e-04
2026-08-15 12:51:08 |   >> Validation Loss: 2.1785
2026-08-15 12:51:08 |   --> Seen Generation @ step 8390:
Input: Translate to Vietnamese: Sorry, that question's not on here.
Output: Xin lỗi, câu hỏi đó không phải ở đây.
--------------------------------------------------
2026-08-15 12:51:08 | Saving checkpoint to ./checkpoints\step_8390...
2026-08-15 12:51:08 | Checkpoint saved successfully!

2026-08-15 12:51:08 | Deleted old checkpoint: ./checkpoints\step_8380
2026-08-15 12:51:15 | Step 8395/10150 | Loss: 2.1918 | LR: 1.212065e-04
2026-08-15 12:51:18 |   >> Validation Loss: 2.1782
2026-08-15 12:51:18 |   --> Seen Generation @ step 8395:
Input: Translate to Vietnamese: Sorry, that question's not on here.
Output: Xin lỗi, câu hỏi đó không phải ở đây.
--------------------------------------------------
2026-08-15 12:51:18 | Saving checkpoint to ./checkpoints\step_8395...
2026-08-15 12:51:18 | Checkpoint saved successfully!

2026-08-15 12:51:18 | Deleted old checkpoint: ./checkpoints\step_8385
2026-08-15 12:51:25 | Step 8400/10150 | Loss: 2.1905 | LR: 1.209006e-04
2026-08-15 12:51:28 |   >> Validation Loss: 2.1779
2026-08-15 12:51:29 |   --> Seen Generation @ step 8400:
Input: Translate to Vietnamese: Sorry, that question's not on here.
Output: Xin lỗi, câu hỏi đó không phải ở đây.
--------------------------------------------------
2026-08-15 12:51:29 | Saving checkpoint to ./checkpoints\step_8400...
2026-08-15 12:51:29 | Checkpoint saved successfully!

2026-08-15 12:51:29 | Deleted old checkpoint: ./checkpoints\step_8390
2026-08-15 12:51:36 | Step 8405/10150 | Loss: 2.1562 | LR: 1.205951e-04
2026-08-15 12:51:39 |   >> Validation Loss: 2.1773
2026-08-15 12:51:39 |   --> Seen Generation @ step 8405:
Input: Translate to Vietnamese: Sorry, that question's not on here.
Output: Xin lỗi, câu hỏi đó không phải ở đây.
--------------------------------------------------
2026-08-15 12:51:39 | Saving checkpoint to ./checkpoints\step_8405...
2026-08-15 12:51:39 | Checkpoint saved successfully!

2026-08-15 12:51:39 | Deleted old checkpoint: ./checkpoints\step_8395
2026-08-15 12:51:46 | Step 8410/10150 | Loss: 2.2260 | LR: 1.202897e-04
2026-08-15 12:51:49 |   >> Validation Loss: 2.1767
2026-08-15 12:51:50 |   --> Seen Generation @ step 8410:
Input: Translate to Vietnamese: Sorry, that question's not on here.
Output: Xin lỗi, câu hỏi đó không phải ở đây.
--------------------------------------------------
2026-08-15 12:51:50 | Saving checkpoint to ./checkpoints\step_8410...
2026-08-15 12:51:50 | Checkpoint saved successfully!

2026-08-15 12:51:50 | Deleted old checkpoint: ./checkpoints\step_8400
2026-08-15 12:51:57 | Step 8415/10150 | Loss: 2.2184 | LR: 1.199847e-04
2026-08-15 12:52:00 |   >> Validation Loss: 2.1764
2026-08-15 12:52:00 |   --> Seen Generation @ step 8415:
Input: Translate to Vietnamese: Sorry, that question's not on here.
Output: Xin lỗi, câu hỏi đó không phải ở đây.
--------------------------------------------------
2026-08-15 12:52:00 | Saving checkpoint to ./checkpoints\step_8415...
2026-08-15 12:52:00 | Checkpoint saved successfully!

2026-08-15 12:52:00 | Deleted old checkpoint: ./checkpoints\step_8405
2026-08-15 12:52:07 | Step 8420/10150 | Loss: 2.2519 | LR: 1.196799e-04
2026-08-15 12:52:10 |   >> Validation Loss: 2.1767
2026-08-15 12:52:11 |   --> Seen Generation @ step 8420:
Input: Translate to Vietnamese: Sorry, that question's not on here.
Output: Xin lỗi, câu hỏi đó không phải ở đây.
--------------------------------------------------
2026-08-15 12:52:11 | Saving checkpoint to ./checkpoints\step_8420...
2026-08-15 12:52:11 | Checkpoint saved successfully!

2026-08-15 12:52:11 | Deleted old checkpoint: ./checkpoints\step_8410
2026-08-15 12:52:18 | Step 8425/10150 | Loss: 2.2854 | LR: 1.193754e-04
2026-08-15 12:52:21 |   >> Validation Loss: 2.1768
2026-08-15 12:52:21 |   --> Seen Generation @ step 8425:
Input: Translate to Vietnamese: Sorry, that question's not on here.
Output: Xin lỗi, câu hỏi đó không phải ở đây.
--------------------------------------------------
2026-08-15 12:52:21 | Saving checkpoint to ./checkpoints\step_8425...
2026-08-15 12:52:21 | Checkpoint saved successfully!

2026-08-15 12:52:21 | Deleted old checkpoint: ./checkpoints\step_8415
2026-08-15 12:52:28 | Step 8430/10150 | Loss: 2.2191 | LR: 1.190711e-04
2026-08-15 12:52:31 |   >> Validation Loss: 2.1781
2026-08-15 12:52:31 |   --> Seen Generation @ step 8430:
Input: Translate to Vietnamese: Sorry, that question's not on here.
Output: Xin lỗi, câu hỏi đó không phải ở đây.
--------------------------------------------------
2026-08-15 12:52:31 | Saving checkpoint to ./checkpoints\step_8430...
2026-08-15 12:52:32 | Checkpoint saved successfully!

2026-08-15 12:52:32 | Deleted old checkpoint: ./checkpoints\step_8420
2026-08-15 12:52:39 | Step 8435/10150 | Loss: 2.1628 | LR: 1.187671e-04
2026-08-15 12:52:42 |   >> Validation Loss: 2.1769
2026-08-15 12:52:42 |   --> Seen Generation @ step 8435:
Input: Translate to Vietnamese: Sorry, that question's not on here.
Output: Xin lỗi, câu hỏi đó không phải ở đây.
--------------------------------------------------
2026-08-15 12:52:42 | Saving checkpoint to ./checkpoints\step_8435...
2026-08-15 12:52:42 | Checkpoint saved successfully!

2026-08-15 12:52:42 | Deleted old checkpoint: ./checkpoints\step_8425
2026-08-15 12:52:49 | Step 8440/10150 | Loss: 2.1754 | LR: 1.184634e-04
2026-08-15 12:52:52 |   >> Validation Loss: 2.1760
2026-08-15 12:52:52 |   --> Seen Generation @ step 8440:
Input: Translate to Vietnamese: Sorry, that question's not on here.
Output: Xin lỗi, câu hỏi đó không phải ở đây.
--------------------------------------------------
2026-08-15 12:52:52 | Saving checkpoint to ./checkpoints\step_8440...
2026-08-15 12:52:53 | Checkpoint saved successfully!

2026-08-15 12:52:53 | Deleted old checkpoint: ./checkpoints\step_8430
2026-08-15 12:52:59 | Step 8445/10150 | Loss: 2.2481 | LR: 1.181599e-04
2026-08-15 12:53:03 |   >> Validation Loss: 2.1752
2026-08-15 12:53:03 |   --> Seen Generation @ step 8445:
Input: Translate to Vietnamese: Sorry, that question's not on here.
Output: Xin lỗi, câu hỏi đó không phải ở đây.
--------------------------------------------------
2026-08-15 12:53:03 | Saving checkpoint to ./checkpoints\step_8445...
2026-08-15 12:53:03 | Checkpoint saved successfully!

2026-08-15 12:53:03 | Deleted old checkpoint: ./checkpoints\step_8435
2026-08-15 12:53:10 | Step 8450/10150 | Loss: 2.2150 | LR: 1.178567e-04
2026-08-15 12:53:13 |   >> Validation Loss: 2.1752
2026-08-15 12:53:13 |   --> Seen Generation @ step 8450:
Input: Translate to Vietnamese: Sorry, that question's not on here.
Output: Xin lỗi, câu hỏi đó không phải ở đây.
--------------------------------------------------
2026-08-15 12:53:13 | Saving checkpoint to ./checkpoints\step_8450...
2026-08-15 12:53:13 | Checkpoint saved successfully!

2026-08-15 12:53:13 | Deleted old checkpoint: ./checkpoints\step_8440
2026-08-15 12:53:20 | Step 8455/10150 | Loss: 2.2243 | LR: 1.175538e-04
2026-08-15 12:53:24 |   >> Validation Loss: 2.1750
2026-08-15 12:53:24 |   --> Seen Generation @ step 8455:
Input: Translate to Vietnamese: Sorry, that question's not on here.
Output: Xin lỗi, câu hỏi đó không phải ở đây.
--------------------------------------------------
2026-08-15 12:53:24 | Saving checkpoint to ./checkpoints\step_8455...
2026-08-15 12:53:24 | Checkpoint saved successfully!

2026-08-15 12:53:24 | Deleted old checkpoint: ./checkpoints\step_8445
2026-08-15 12:53:31 | Step 8460/10150 | Loss: 2.2100 | LR: 1.172512e-04
2026-08-15 12:53:34 |   >> Validation Loss: 2.1757
2026-08-15 12:53:34 |   --> Seen Generation @ step 8460:
Input: Translate to Vietnamese: Sorry, that question's not on here.
Output: Xin lỗi, câu hỏi đó không phải ở đây.
--------------------------------------------------
2026-08-15 12:53:34 | Saving checkpoint to ./checkpoints\step_8460...
2026-08-15 12:53:34 | Checkpoint saved successfully!

2026-08-15 12:53:34 | Deleted old checkpoint: ./checkpoints\step_8450
2026-08-15 12:53:41 | Step 8465/10150 | Loss: 2.2335 | LR: 1.169488e-04
2026-08-15 12:53:45 |   >> Validation Loss: 2.1751
2026-08-15 12:53:45 |   --> Seen Generation @ step 8465:
Input: Translate to Vietnamese: Sorry, that question's not on here.
Output: Xin lỗi, câu hỏi đó không phải ở đây.
--------------------------------------------------
2026-08-15 12:53:45 | Saving checkpoint to ./checkpoints\step_8465...
2026-08-15 12:53:45 | Checkpoint saved successfully!

2026-08-15 12:53:45 | Deleted old checkpoint: ./checkpoints\step_8455
2026-08-15 12:53:52 | Step 8470/10150 | Loss: 2.1204 | LR: 1.166467e-04
2026-08-15 12:53:55 |   >> Validation Loss: 2.1748
2026-08-15 12:53:55 |   --> Seen Generation @ step 8470:
Input: Translate to Vietnamese: Sorry, that question's not on here.
Output: Xin lỗi, câu hỏi đó không có ở đây.
--------------------------------------------------
2026-08-15 12:53:55 | Saving checkpoint to ./checkpoints\step_8470...
2026-08-15 12:53:55 | Checkpoint saved successfully!

2026-08-15 12:53:55 | Deleted old checkpoint: ./checkpoints\step_8460
2026-08-15 12:54:02 | Step 8475/10150 | Loss: 2.2192 | LR: 1.163449e-04
2026-08-15 12:54:06 |   >> Validation Loss: 2.1745
2026-08-15 12:54:06 |   --> Seen Generation @ step 8475:
Input: Translate to Vietnamese: Sorry, that question's not on here.
Output: Xin lỗi, câu hỏi đó không có ở đây.
--------------------------------------------------
2026-08-15 12:54:06 | Saving checkpoint to ./checkpoints\step_8475...
2026-08-15 12:54:06 | Checkpoint saved successfully!

2026-08-15 12:54:06 | Deleted old checkpoint: ./checkpoints\step_8465
2026-08-15 12:54:13 | Step 8480/10150 | Loss: 2.1647 | LR: 1.160433e-04
2026-08-15 12:54:16 |   >> Validation Loss: 2.1758
2026-08-15 12:54:16 |   --> Seen Generation @ step 8480:
Input: Translate to Vietnamese: Sorry, that question's not on here.
Output: Xin lỗi, câu hỏi đó không có ở đây.
--------------------------------------------------
2026-08-15 12:54:16 | Saving checkpoint to ./checkpoints\step_8480...
2026-08-15 12:54:16 | Checkpoint saved successfully!

2026-08-15 12:54:16 | Deleted old checkpoint: ./checkpoints\step_8470
2026-08-15 12:54:24 | Step 8485/10150 | Loss: 2.2096 | LR: 1.157420e-04
2026-08-15 12:54:27 |   >> Validation Loss: 2.1752
2026-08-15 12:54:27 |   --> Seen Generation @ step 8485:
Input: Translate to Vietnamese: Sorry, that question's not on here.
Output: Xin lỗi, câu hỏi đó không phải ở đây.
--------------------------------------------------
2026-08-15 12:54:27 | Saving checkpoint to ./checkpoints\step_8485...
2026-08-15 12:54:27 | Checkpoint saved successfully!

2026-08-15 12:54:27 | Deleted old checkpoint: ./checkpoints\step_8475
2026-08-15 12:54:34 | Step 8490/10150 | Loss: 2.1460 | LR: 1.154410e-04
2026-08-15 12:54:37 |   >> Validation Loss: 2.1752
2026-08-15 12:54:37 |   --> Seen Generation @ step 8490:
Input: Translate to Vietnamese: Sorry, that question's not on here.
Output: Xin lỗi, câu hỏi đó không phải ở đây.
--------------------------------------------------
2026-08-15 12:54:37 | Saving checkpoint to ./checkpoints\step_8490...
2026-08-15 12:54:38 | Checkpoint saved successfully!

2026-08-15 12:54:38 | Deleted old checkpoint: ./checkpoints\step_8480
2026-08-15 12:54:44 | Step 8495/10150 | Loss: 2.1250 | LR: 1.151403e-04
2026-08-15 12:54:48 |   >> Validation Loss: 2.1755
2026-08-15 12:54:48 |   --> Seen Generation @ step 8495:
Input: Translate to Vietnamese: Sorry, that question's not on here.
Output: Xin lỗi, câu hỏi đó không phải ở đây.
--------------------------------------------------
2026-08-15 12:54:48 | Saving checkpoint to ./checkpoints\step_8495...
2026-08-15 12:54:48 | Checkpoint saved successfully!

2026-08-15 12:54:48 | Deleted old checkpoint: ./checkpoints\step_8485
2026-08-15 12:54:55 | Step 8500/10150 | Loss: 2.1733 | LR: 1.148398e-04
2026-08-15 12:54:58 |   >> Validation Loss: 2.1749
2026-08-15 12:54:58 |   --> Seen Generation @ step 8500:
Input: Translate to Vietnamese: Sorry, that question's not on here.
Output: Xin lỗi, câu hỏi đó không phải ở đây.
--------------------------------------------------
2026-08-15 12:54:58 | Saving checkpoint to ./checkpoints\step_8500...
2026-08-15 12:54:59 | Checkpoint saved successfully!

2026-08-15 12:54:59 | Deleted old checkpoint: ./checkpoints\step_8490
2026-08-15 12:55:06 | Step 8505/10150 | Loss: 2.1782 | LR: 1.145396e-04
2026-08-15 12:55:09 |   >> Validation Loss: 2.1763
2026-08-15 12:55:09 |   --> Seen Generation @ step 8505:
Input: Translate to Vietnamese: Sorry, that question's not on here.
Output: Xin lỗi, câu hỏi đó không phải ở đây.
--------------------------------------------------
2026-08-15 12:55:09 | Saving checkpoint to ./checkpoints\step_8505...
2026-08-15 12:55:09 | Checkpoint saved successfully!

2026-08-15 12:55:09 | Deleted old checkpoint: ./checkpoints\step_8495
2026-08-15 12:55:16 | Step 8510/10150 | Loss: 2.1689 | LR: 1.142397e-04
2026-08-15 12:55:19 |   >> Validation Loss: 2.1746
2026-08-15 12:55:20 |   --> Seen Generation @ step 8510:
Input: Translate to Vietnamese: Sorry, that question's not on here.
Output: Xin lỗi, câu hỏi đó không phải ở đây.
--------------------------------------------------
2026-08-15 12:55:20 | Saving checkpoint to ./checkpoints\step_8510...
2026-08-15 12:55:20 | Checkpoint saved successfully!

2026-08-15 12:55:20 | Deleted old checkpoint: ./checkpoints\step_8500
2026-08-15 12:55:27 | Step 8515/10150 | Loss: 2.2177 | LR: 1.139401e-04
2026-08-15 12:55:30 |   >> Validation Loss: 2.1752
2026-08-15 12:55:30 |   --> Seen Generation @ step 8515:
Input: Translate to Vietnamese: Sorry, that question's not on here.
Output: Xin lỗi, câu hỏi đó không phải ở đây.
--------------------------------------------------
2026-08-15 12:55:30 | Saving checkpoint to ./checkpoints\step_8515...
2026-08-15 12:55:30 | Checkpoint saved successfully!

2026-08-15 12:55:30 | Deleted old checkpoint: ./checkpoints\step_8505
2026-08-15 12:55:37 | Step 8520/10150 | Loss: 2.1192 | LR: 1.136407e-04
2026-08-15 12:55:40 |   >> Validation Loss: 2.1739
2026-08-15 12:55:40 |   --> Seen Generation @ step 8520:
Input: Translate to Vietnamese: Sorry, that question's not on here.
Output: Xin lỗi, câu hỏi đó không phải ở đây.
--------------------------------------------------
2026-08-15 12:55:40 | Saving checkpoint to ./checkpoints\step_8520...
2026-08-15 12:55:41 | Checkpoint saved successfully!

2026-08-15 12:55:41 | Deleted old checkpoint: ./checkpoints\step_8510
2026-08-15 12:55:48 | Step 8525/10150 | Loss: 2.1521 | LR: 1.133416e-04
2026-08-15 12:55:51 |   >> Validation Loss: 2.1734
2026-08-15 12:55:51 |   --> Seen Generation @ step 8525:
Input: Translate to Vietnamese: Sorry, that question's not on here.
Output: Xin lỗi, câu hỏi đó không phải ở đây.
--------------------------------------------------
2026-08-15 12:55:51 | Saving checkpoint to ./checkpoints\step_8525...
2026-08-15 12:55:51 | Checkpoint saved successfully!

2026-08-15 12:55:51 | Deleted old checkpoint: ./checkpoints\step_8515
2026-08-15 12:55:58 | Step 8530/10150 | Loss: 2.2009 | LR: 1.130428e-04
2026-08-15 12:56:01 |   >> Validation Loss: 2.1738
2026-08-15 12:56:01 |   --> Seen Generation @ step 8530:
Input: Translate to Vietnamese: Sorry, that question's not on here.
Output: Xin lỗi, câu hỏi đó không phải ở đây.
--------------------------------------------------
2026-08-15 12:56:01 | Saving checkpoint to ./checkpoints\step_8530...
2026-08-15 12:56:02 | Checkpoint saved successfully!

2026-08-15 12:56:02 | Deleted old checkpoint: ./checkpoints\step_8520
2026-08-15 12:56:09 | Step 8535/10150 | Loss: 2.1842 | LR: 1.127443e-04
2026-08-15 12:56:12 |   >> Validation Loss: 2.1735
2026-08-15 12:56:12 |   --> Seen Generation @ step 8535:
Input: Translate to Vietnamese: Sorry, that question's not on here.
Output: Xin lỗi, câu hỏi đó không phải ở đây.
--------------------------------------------------
2026-08-15 12:56:12 | Saving checkpoint to ./checkpoints\step_8535...
2026-08-15 12:56:12 | Checkpoint saved successfully!

2026-08-15 12:56:12 | Deleted old checkpoint: ./checkpoints\step_8525
2026-08-15 12:56:19 | Step 8540/10150 | Loss: 2.2222 | LR: 1.124461e-04
2026-08-15 12:56:22 |   >> Validation Loss: 2.1738
2026-08-15 12:56:22 |   --> Seen Generation @ step 8540:
Input: Translate to Vietnamese: Sorry, that question's not on here.
Output: Xin lỗi, câu hỏi đó không phải ở đây.
--------------------------------------------------
2026-08-15 12:56:22 | Saving checkpoint to ./checkpoints\step_8540...
2026-08-15 12:56:22 | Checkpoint saved successfully!

2026-08-15 12:56:22 | Deleted old checkpoint: ./checkpoints\step_8530
2026-08-15 12:56:29 | Step 8545/10150 | Loss: 2.2418 | LR: 1.121481e-04
2026-08-15 12:56:33 |   >> Validation Loss: 2.1736
2026-08-15 12:56:33 |   --> Seen Generation @ step 8545:
Input: Translate to Vietnamese: Sorry, that question's not on here.
Output: Xin lỗi, câu hỏi đó không phải ở đây.
--------------------------------------------------
2026-08-15 12:56:33 | Saving checkpoint to ./checkpoints\step_8545...
2026-08-15 12:56:33 | Checkpoint saved successfully!

2026-08-15 12:56:33 | Deleted old checkpoint: ./checkpoints\step_8535
2026-08-15 12:56:40 | Step 8550/10150 | Loss: 2.1782 | LR: 1.118504e-04
2026-08-15 12:56:43 |   >> Validation Loss: 2.1738
2026-08-15 12:56:43 |   --> Seen Generation @ step 8550:
Input: Translate to Vietnamese: Sorry, that question's not on here.
Output: Xin lỗi, câu hỏi đó không phải ở đây.
--------------------------------------------------
2026-08-15 12:56:43 | Saving checkpoint to ./checkpoints\step_8550...
2026-08-15 12:56:43 | Checkpoint saved successfully!

2026-08-15 12:56:43 | Deleted old checkpoint: ./checkpoints\step_8540
2026-08-15 12:56:50 | Step 8555/10150 | Loss: 2.2591 | LR: 1.115530e-04
2026-08-15 12:56:54 |   >> Validation Loss: 2.1727
2026-08-15 12:56:54 |   --> Seen Generation @ step 8555:
Input: Translate to Vietnamese: Sorry, that question's not on here.
Output: Xin lỗi, câu hỏi đó không phải ở đây.
--------------------------------------------------
2026-08-15 12:56:54 | Saving checkpoint to ./checkpoints\step_8555...
2026-08-15 12:56:54 | Checkpoint saved successfully!

2026-08-15 12:56:54 | Deleted old checkpoint: ./checkpoints\step_8545
2026-08-15 12:57:01 | Step 8560/10150 | Loss: 2.2611 | LR: 1.112559e-04
2026-08-15 12:57:04 |   >> Validation Loss: 2.1724
2026-08-15 12:57:04 |   --> Seen Generation @ step 8560:
Input: Translate to Vietnamese: Sorry, that question's not on here.
Output: Xin lỗi, câu hỏi đó không phải ở đây.
--------------------------------------------------
2026-08-15 12:57:04 | Saving checkpoint to ./checkpoints\step_8560...
2026-08-15 12:57:04 | Checkpoint saved successfully!

2026-08-15 12:57:04 | Deleted old checkpoint: ./checkpoints\step_8550
2026-08-15 12:57:11 | Step 8565/10150 | Loss: 2.1727 | LR: 1.109591e-04
2026-08-15 12:57:15 |   >> Validation Loss: 2.1726
2026-08-15 12:57:15 |   --> Seen Generation @ step 8565:
Input: Translate to Vietnamese: Sorry, that question's not on here.
Output: Xin lỗi, câu hỏi đó không phải ở đây.
--------------------------------------------------
2026-08-15 12:57:15 | Saving checkpoint to ./checkpoints\step_8565...
2026-08-15 12:57:15 | Checkpoint saved successfully!

2026-08-15 12:57:15 | Deleted old checkpoint: ./checkpoints\step_8555
2026-08-15 12:57:22 | Step 8570/10150 | Loss: 2.2136 | LR: 1.106625e-04
2026-08-15 12:57:25 |   >> Validation Loss: 2.1722
2026-08-15 12:57:25 |   --> Seen Generation @ step 8570:
Input: Translate to Vietnamese: Sorry, that question's not on here.
Output: Xin lỗi, câu hỏi đó không phải ở đây.
--------------------------------------------------
2026-08-15 12:57:25 | Saving checkpoint to ./checkpoints\step_8570...
2026-08-15 12:57:26 | Checkpoint saved successfully!

2026-08-15 12:57:26 | Deleted old checkpoint: ./checkpoints\step_8560
2026-08-15 12:57:33 | Step 8575/10150 | Loss: 2.2125 | LR: 1.103662e-04
2026-08-15 12:57:36 |   >> Validation Loss: 2.1725
2026-08-15 12:57:36 |   --> Seen Generation @ step 8575:
Input: Translate to Vietnamese: Sorry, that question's not on here.
Output: Xin lỗi, câu hỏi đó không phải ở đây.
--------------------------------------------------
2026-08-15 12:57:36 | Saving checkpoint to ./checkpoints\step_8575...
2026-08-15 12:57:36 | Checkpoint saved successfully!

2026-08-15 12:57:36 | Deleted old checkpoint: ./checkpoints\step_8565
2026-08-15 12:57:43 | Step 8580/10150 | Loss: 2.2339 | LR: 1.100703e-04
2026-08-15 12:57:46 |   >> Validation Loss: 2.1724
2026-08-15 12:57:46 |   --> Seen Generation @ step 8580:
Input: Translate to Vietnamese: Sorry, that question's not on here.
Output: Xin lỗi, câu hỏi đó không phải ở đây.
--------------------------------------------------
2026-08-15 12:57:46 | Saving checkpoint to ./checkpoints\step_8580...
2026-08-15 12:57:47 | Checkpoint saved successfully!

2026-08-15 12:57:47 | Deleted old checkpoint: ./checkpoints\step_8570
2026-08-15 12:57:53 | Step 8585/10150 | Loss: 2.1185 | LR: 1.097746e-04
2026-08-15 12:57:57 |   >> Validation Loss: 2.1716
2026-08-15 12:57:57 |   --> Seen Generation @ step 8585:
Input: Translate to Vietnamese: Sorry, that question's not on here.
Output: Xin lỗi, câu hỏi đó không phải ở đây.
--------------------------------------------------
2026-08-15 12:57:57 | Saving checkpoint to ./checkpoints\step_8585...
2026-08-15 12:57:57 | Checkpoint saved successfully!

2026-08-15 12:57:57 | Deleted old checkpoint: ./checkpoints\step_8575
2026-08-15 12:58:04 | Step 8590/10150 | Loss: 2.1564 | LR: 1.094792e-04
2026-08-15 12:58:07 |   >> Validation Loss: 2.1713
2026-08-15 12:58:07 |   --> Seen Generation @ step 8590:
Input: Translate to Vietnamese: Sorry, that question's not on here.
Output: Xin lỗi, câu hỏi đó không phải ở đây.
--------------------------------------------------
2026-08-15 12:58:07 | Saving checkpoint to ./checkpoints\step_8590...
2026-08-15 12:58:07 | Checkpoint saved successfully!

2026-08-15 12:58:07 | Deleted old checkpoint: ./checkpoints\step_8580
2026-08-15 12:58:14 | Step 8595/10150 | Loss: 2.2500 | LR: 1.091840e-04
2026-08-15 12:58:18 |   >> Validation Loss: 2.1711
2026-08-15 12:58:18 |   --> Seen Generation @ step 8595:
Input: Translate to Vietnamese: Sorry, that question's not on here.
Output: Xin lỗi, câu hỏi đó không phải ở đây.
--------------------------------------------------
2026-08-15 12:58:18 | Saving checkpoint to ./checkpoints\step_8595...
2026-08-15 12:58:18 | Checkpoint saved successfully!

2026-08-15 12:58:18 | Deleted old checkpoint: ./checkpoints\step_8585
2026-08-15 12:58:25 | Step 8600/10150 | Loss: 2.2210 | LR: 1.088892e-04
2026-08-15 12:58:28 |   >> Validation Loss: 2.1707
2026-08-15 12:58:28 |   --> Seen Generation @ step 8600:
Input: Translate to Vietnamese: Sorry, that question's not on here.
Output: Xin lỗi, câu hỏi đó không phải ở đây.
--------------------------------------------------
2026-08-15 12:58:28 | Saving checkpoint to ./checkpoints\step_8600...
2026-08-15 12:58:28 | Checkpoint saved successfully!

2026-08-15 12:58:28 | Deleted old checkpoint: ./checkpoints\step_8590
2026-08-15 12:58:35 | Step 8605/10150 | Loss: 2.1839 | LR: 1.085946e-04
2026-08-15 12:58:39 |   >> Validation Loss: 2.1712
2026-08-15 12:58:39 |   --> Seen Generation @ step 8605:
Input: Translate to Vietnamese: Sorry, that question's not on here.
Output: Xin lỗi, câu hỏi đó không phải ở đây.
--------------------------------------------------
2026-08-15 12:58:39 | Saving checkpoint to ./checkpoints\step_8605...
2026-08-15 12:58:39 | Checkpoint saved successfully!

2026-08-15 12:58:39 | Deleted old checkpoint: ./checkpoints\step_8595
2026-08-15 12:58:46 | Step 8610/10150 | Loss: 2.2335 | LR: 1.083004e-04
2026-08-15 12:58:49 |   >> Validation Loss: 2.1711
2026-08-15 12:58:49 |   --> Seen Generation @ step 8610:
Input: Translate to Vietnamese: Sorry, that question's not on here.
Output: Xin lỗi, câu hỏi đó không phải ở đây.
--------------------------------------------------
2026-08-15 12:58:49 | Saving checkpoint to ./checkpoints\step_8610...
2026-08-15 12:58:49 | Checkpoint saved successfully!

2026-08-15 12:58:49 | Deleted old checkpoint: ./checkpoints\step_8600
2026-08-15 12:58:56 | Step 8615/10150 | Loss: 2.2085 | LR: 1.080064e-04
2026-08-15 12:59:00 |   >> Validation Loss: 2.1713
2026-08-15 12:59:00 |   --> Seen Generation @ step 8615:
Input: Translate to Vietnamese: Sorry, that question's not on here.
Output: Xin lỗi, câu hỏi đó không phải ở đây.
--------------------------------------------------
2026-08-15 12:59:00 | Saving checkpoint to ./checkpoints\step_8615...
2026-08-15 12:59:00 | Checkpoint saved successfully!

2026-08-15 12:59:00 | Deleted old checkpoint: ./checkpoints\step_8605
2026-08-15 12:59:07 | Step 8620/10150 | Loss: 2.2296 | LR: 1.077127e-04
2026-08-15 12:59:10 |   >> Validation Loss: 2.1717
2026-08-15 12:59:10 |   --> Seen Generation @ step 8620:
Input: Translate to Vietnamese: Sorry, that question's not on here.
Output: Xin lỗi, câu hỏi đó không có ở đây.
--------------------------------------------------
2026-08-15 12:59:10 | Saving checkpoint to ./checkpoints\step_8620...
2026-08-15 12:59:10 | Checkpoint saved successfully!

2026-08-15 12:59:10 | Deleted old checkpoint: ./checkpoints\step_8610
2026-08-15 12:59:17 | Step 8625/10150 | Loss: 2.1304 | LR: 1.074193e-04
2026-08-15 12:59:21 |   >> Validation Loss: 2.1712
2026-08-15 12:59:21 |   --> Seen Generation @ step 8625:
Input: Translate to Vietnamese: Sorry, that question's not on here.
Output: Xin lỗi, câu hỏi đó không có ở đây.
--------------------------------------------------
2026-08-15 12:59:21 | Saving checkpoint to ./checkpoints\step_8625...
2026-08-15 12:59:21 | Checkpoint saved successfully!

2026-08-15 12:59:21 | Deleted old checkpoint: ./checkpoints\step_8615
2026-08-15 12:59:28 | Step 8630/10150 | Loss: 2.1363 | LR: 1.071262e-04
2026-08-15 12:59:31 |   >> Validation Loss: 2.1711
2026-08-15 12:59:31 |   --> Seen Generation @ step 8630:
Input: Translate to Vietnamese: Sorry, that question's not on here.
Output: Xin lỗi, câu hỏi đó không có ở đây.
--------------------------------------------------
2026-08-15 12:59:31 | Saving checkpoint to ./checkpoints\step_8630...
2026-08-15 12:59:31 | Checkpoint saved successfully!

2026-08-15 12:59:31 | Deleted old checkpoint: ./checkpoints\step_8620
2026-08-15 12:59:38 | Step 8635/10150 | Loss: 2.2001 | LR: 1.068334e-04
2026-08-15 12:59:42 |   >> Validation Loss: 2.1709
2026-08-15 12:59:42 |   --> Seen Generation @ step 8635:
Input: Translate to Vietnamese: Sorry, that question's not on here.
Output: Xin lỗi, câu hỏi đó không phải ở đây.
--------------------------------------------------
2026-08-15 12:59:42 | Saving checkpoint to ./checkpoints\step_8635...
2026-08-15 12:59:42 | Checkpoint saved successfully!

2026-08-15 12:59:42 | Deleted old checkpoint: ./checkpoints\step_8625
2026-08-15 12:59:49 | Step 8640/10150 | Loss: 2.2069 | LR: 1.065409e-04
2026-08-15 12:59:52 |   >> Validation Loss: 2.1706
2026-08-15 12:59:52 |   --> Seen Generation @ step 8640:
Input: Translate to Vietnamese: Sorry, that question's not on here.
Output: Xin lỗi, câu hỏi đó không phải ở đây.
--------------------------------------------------
2026-08-15 12:59:52 | Saving checkpoint to ./checkpoints\step_8640...
2026-08-15 12:59:52 | Checkpoint saved successfully!

2026-08-15 12:59:52 | Deleted old checkpoint: ./checkpoints\step_8630
2026-08-15 12:59:59 | Step 8645/10150 | Loss: 2.2109 | LR: 1.062487e-04
2026-08-15 13:00:03 |   >> Validation Loss: 2.1701
2026-08-15 13:00:03 |   --> Seen Generation @ step 8645:
Input: Translate to Vietnamese: Sorry, that question's not on here.
Output: Xin lỗi, câu hỏi đó không phải ở đây.
--------------------------------------------------
2026-08-15 13:00:03 | Saving checkpoint to ./checkpoints\step_8645...
2026-08-15 13:00:03 | Checkpoint saved successfully!

2026-08-15 13:00:03 | Deleted old checkpoint: ./checkpoints\step_8635
2026-08-15 13:00:10 | Step 8650/10150 | Loss: 2.2028 | LR: 1.059568e-04
2026-08-15 13:00:13 |   >> Validation Loss: 2.1702
2026-08-15 13:00:13 |   --> Seen Generation @ step 8650:
Input: Translate to Vietnamese: Sorry, that question's not on here.
Output: Xin lỗi, câu hỏi đó không phải ở đây.
--------------------------------------------------
2026-08-15 13:00:13 | Saving checkpoint to ./checkpoints\step_8650...
2026-08-15 13:00:13 | Checkpoint saved successfully!

2026-08-15 13:00:13 | Deleted old checkpoint: ./checkpoints\step_8640
2026-08-15 13:00:20 | Step 8655/10150 | Loss: 2.2631 | LR: 1.056651e-04
2026-08-15 13:00:24 |   >> Validation Loss: 2.1711
2026-08-15 13:00:24 |   --> Seen Generation @ step 8655:
Input: Translate to Vietnamese: Sorry, that question's not on here.
Output: Xin lỗi, câu hỏi đó không phải ở đây.
--------------------------------------------------
2026-08-15 13:00:24 | Saving checkpoint to ./checkpoints\step_8655...
2026-08-15 13:00:24 | Checkpoint saved successfully!

2026-08-15 13:00:24 | Deleted old checkpoint: ./checkpoints\step_8645
2026-08-15 13:00:31 | Step 8660/10150 | Loss: 2.2437 | LR: 1.053738e-04
2026-08-15 13:00:34 |   >> Validation Loss: 2.1698
2026-08-15 13:00:34 |   --> Seen Generation @ step 8660:
Input: Translate to Vietnamese: Sorry, that question's not on here.
Output: Xin lỗi, câu hỏi đó không phải ở đây.
--------------------------------------------------
2026-08-15 13:00:34 | Saving checkpoint to ./checkpoints\step_8660...
2026-08-15 13:00:34 | Checkpoint saved successfully!

2026-08-15 13:00:34 | Deleted old checkpoint: ./checkpoints\step_8650
2026-08-15 13:00:41 | Step 8665/10150 | Loss: 2.2737 | LR: 1.050827e-04
2026-08-15 13:00:45 |   >> Validation Loss: 2.1701
2026-08-15 13:00:45 |   --> Seen Generation @ step 8665:
Input: Translate to Vietnamese: Sorry, that question's not on here.
Output: Xin lỗi, câu hỏi đó không phải ở đây.
--------------------------------------------------
2026-08-15 13:00:45 | Saving checkpoint to ./checkpoints\step_8665...
2026-08-15 13:00:45 | Checkpoint saved successfully!

2026-08-15 13:00:45 | Deleted old checkpoint: ./checkpoints\step_8655
2026-08-15 13:00:52 | Step 8670/10150 | Loss: 2.2198 | LR: 1.047920e-04
2026-08-15 13:00:55 |   >> Validation Loss: 2.1698
2026-08-15 13:00:55 |   --> Seen Generation @ step 8670:
Input: Translate to Vietnamese: Sorry, that question's not on here.
Output: Xin lỗi, câu hỏi đó không phải ở đây.
--------------------------------------------------
2026-08-15 13:00:55 | Saving checkpoint to ./checkpoints\step_8670...
2026-08-15 13:00:55 | Checkpoint saved successfully!

2026-08-15 13:00:55 | Deleted old checkpoint: ./checkpoints\step_8660
2026-08-15 13:01:02 | Step 8675/10150 | Loss: 2.1970 | LR: 1.045015e-04
2026-08-15 13:01:06 |   >> Validation Loss: 2.1697
2026-08-15 13:01:06 |   --> Seen Generation @ step 8675:
Input: Translate to Vietnamese: Sorry, that question's not on here.
Output: Xin lỗi, câu hỏi đó không phải ở đây.
--------------------------------------------------
2026-08-15 13:01:06 | Saving checkpoint to ./checkpoints\step_8675...
2026-08-15 13:01:06 | Checkpoint saved successfully!

2026-08-15 13:01:06 | Deleted old checkpoint: ./checkpoints\step_8665
2026-08-15 13:01:13 | Step 8680/10150 | Loss: 2.2121 | LR: 1.042114e-04
2026-08-15 13:01:16 |   >> Validation Loss: 2.1696
2026-08-15 13:01:16 |   --> Seen Generation @ step 8680:
Input: Translate to Vietnamese: Sorry, that question's not on here.
Output: Xin lỗi, câu hỏi đó không phải ở đây.
--------------------------------------------------
2026-08-15 13:01:16 | Saving checkpoint to ./checkpoints\step_8680...
2026-08-15 13:01:16 | Checkpoint saved successfully!

2026-08-15 13:01:16 | Deleted old checkpoint: ./checkpoints\step_8670
2026-08-15 13:01:23 | Step 8685/10150 | Loss: 2.1850 | LR: 1.039215e-04
2026-08-15 13:01:27 |   >> Validation Loss: 2.1688
2026-08-15 13:01:27 |   --> Seen Generation @ step 8685:
Input: Translate to Vietnamese: Sorry, that question's not on here.
Output: Xin lỗi, câu hỏi đó không phải ở đây.
--------------------------------------------------
2026-08-15 13:01:27 | Saving checkpoint to ./checkpoints\step_8685...
2026-08-15 13:01:27 | Checkpoint saved successfully!

2026-08-15 13:01:27 | Deleted old checkpoint: ./checkpoints\step_8675
2026-08-15 13:01:34 | Step 8690/10150 | Loss: 2.2234 | LR: 1.036319e-04
2026-08-15 13:01:37 |   >> Validation Loss: 2.1689
2026-08-15 13:01:37 |   --> Seen Generation @ step 8690:
Input: Translate to Vietnamese: Sorry, that question's not on here.
Output: Xin lỗi, câu hỏi đó không phải ở đây.
--------------------------------------------------
2026-08-15 13:01:37 | Saving checkpoint to ./checkpoints\step_8690...
2026-08-15 13:01:37 | Checkpoint saved successfully!

2026-08-15 13:01:37 | Deleted old checkpoint: ./checkpoints\step_8680
2026-08-15 13:01:44 | Step 8695/10150 | Loss: 2.1938 | LR: 1.033427e-04
2026-08-15 13:01:48 |   >> Validation Loss: 2.1695
2026-08-15 13:01:48 |   --> Seen Generation @ step 8695:
Input: Translate to Vietnamese: Sorry, that question's not on here.
Output: Xin lỗi, câu hỏi đó không phải ở đây.
--------------------------------------------------
2026-08-15 13:01:48 | Saving checkpoint to ./checkpoints\step_8695...
2026-08-15 13:01:48 | Checkpoint saved successfully!

2026-08-15 13:01:48 | Deleted old checkpoint: ./checkpoints\step_8685
2026-08-15 13:01:55 | Step 8700/10150 | Loss: 2.1436 | LR: 1.030537e-04
2026-08-15 13:01:58 |   >> Validation Loss: 2.1691
2026-08-15 13:01:58 |   --> Seen Generation @ step 8700:
Input: Translate to Vietnamese: Sorry, that question's not on here.
Output: Xin lỗi, câu hỏi đó không phải ở đây.
--------------------------------------------------
2026-08-15 13:01:58 | Saving checkpoint to ./checkpoints\step_8700...
2026-08-15 13:01:58 | Checkpoint saved successfully!

2026-08-15 13:01:58 | Deleted old checkpoint: ./checkpoints\step_8690
2026-08-15 13:02:05 | Step 8705/10150 | Loss: 2.1457 | LR: 1.027650e-04
2026-08-15 13:02:09 |   >> Validation Loss: 2.1698
2026-08-15 13:02:09 |   --> Seen Generation @ step 8705:
Input: Translate to Vietnamese: Sorry, that question's not on here.
Output: Xin lỗi, câu hỏi đó không phải ở đây.
--------------------------------------------------
2026-08-15 13:02:09 | Saving checkpoint to ./checkpoints\step_8705...
2026-08-15 13:02:09 | Checkpoint saved successfully!

2026-08-15 13:02:09 | Deleted old checkpoint: ./checkpoints\step_8695
2026-08-15 13:02:16 | Step 8710/10150 | Loss: 2.1695 | LR: 1.024767e-04
2026-08-15 13:02:19 |   >> Validation Loss: 2.1694
2026-08-15 13:02:19 |   --> Seen Generation @ step 8710:
Input: Translate to Vietnamese: Sorry, that question's not on here.
Output: Xin lỗi, câu hỏi đó không phải ở đây.
--------------------------------------------------
2026-08-15 13:02:19 | Saving checkpoint to ./checkpoints\step_8710...
2026-08-15 13:02:19 | Checkpoint saved successfully!

2026-08-15 13:02:19 | Deleted old checkpoint: ./checkpoints\step_8700
2026-08-15 13:02:26 | Step 8715/10150 | Loss: 2.2071 | LR: 1.021886e-04
2026-08-15 13:02:30 |   >> Validation Loss: 2.1695
2026-08-15 13:02:30 |   --> Seen Generation @ step 8715:
Input: Translate to Vietnamese: Sorry, that question's not on here.
Output: Xin lỗi, câu hỏi đó không phải ở đây.
--------------------------------------------------
2026-08-15 13:02:30 | Saving checkpoint to ./checkpoints\step_8715...
2026-08-15 13:02:30 | Checkpoint saved successfully!

2026-08-15 13:02:30 | Deleted old checkpoint: ./checkpoints\step_8705
2026-08-15 13:02:37 | Step 8720/10150 | Loss: 2.1254 | LR: 1.019008e-04
2026-08-15 13:02:40 |   >> Validation Loss: 2.1700
2026-08-15 13:02:40 |   --> Seen Generation @ step 8720:
Input: Translate to Vietnamese: Sorry, that question's not on here.
Output: Xin lỗi, câu hỏi đó không phải ở đây.
--------------------------------------------------
2026-08-15 13:02:40 | Saving checkpoint to ./checkpoints\step_8720...
2026-08-15 13:02:40 | Checkpoint saved successfully!

2026-08-15 13:02:40 | Deleted old checkpoint: ./checkpoints\step_8710
2026-08-15 13:02:47 | Step 8725/10150 | Loss: 2.2688 | LR: 1.016134e-04
2026-08-15 13:02:51 |   >> Validation Loss: 2.1692
2026-08-15 13:02:51 |   --> Seen Generation @ step 8725:
Input: Translate to Vietnamese: Sorry, that question's not on here.
Output: Xin lỗi, câu hỏi đó không phải ở đây.
--------------------------------------------------
2026-08-15 13:02:51 | Saving checkpoint to ./checkpoints\step_8725...
2026-08-15 13:02:51 | Checkpoint saved successfully!

2026-08-15 13:02:51 | Deleted old checkpoint: ./checkpoints\step_8715
2026-08-15 13:02:58 | Step 8730/10150 | Loss: 2.1905 | LR: 1.013262e-04
2026-08-15 13:03:01 |   >> Validation Loss: 2.1691
2026-08-15 13:03:01 |   --> Seen Generation @ step 8730:
Input: Translate to Vietnamese: Sorry, that question's not on here.
Output: Xin lỗi, câu hỏi đó không phải ở đây.
--------------------------------------------------
2026-08-15 13:03:01 | Saving checkpoint to ./checkpoints\step_8730...
2026-08-15 13:03:01 | Checkpoint saved successfully!

2026-08-15 13:03:01 | Deleted old checkpoint: ./checkpoints\step_8720
2026-08-15 13:03:08 | Step 8735/10150 | Loss: 2.1994 | LR: 1.010393e-04
2026-08-15 13:03:12 |   >> Validation Loss: 2.1688
2026-08-15 13:03:12 |   --> Seen Generation @ step 8735:
Input: Translate to Vietnamese: Sorry, that question's not on here.
Output: Xin lỗi, câu hỏi đó không phải ở đây.
--------------------------------------------------
2026-08-15 13:03:12 | Saving checkpoint to ./checkpoints\step_8735...
2026-08-15 13:03:12 | Checkpoint saved successfully!

2026-08-15 13:03:12 | Deleted old checkpoint: ./checkpoints\step_8725
2026-08-15 13:03:19 | Step 8740/10150 | Loss: 2.1747 | LR: 1.007528e-04
2026-08-15 13:03:22 |   >> Validation Loss: 2.1692
2026-08-15 13:03:22 |   --> Seen Generation @ step 8740:
Input: Translate to Vietnamese: Sorry, that question's not on here.
Output: Xin lỗi, câu hỏi đó không phải ở đây.
--------------------------------------------------
2026-08-15 13:03:22 | Saving checkpoint to ./checkpoints\step_8740...
2026-08-15 13:03:22 | Checkpoint saved successfully!

2026-08-15 13:03:22 | Deleted old checkpoint: ./checkpoints\step_8730
2026-08-15 13:03:29 | Step 8745/10150 | Loss: 2.2029 | LR: 1.004665e-04
2026-08-15 13:03:33 |   >> Validation Loss: 2.1684
2026-08-15 13:03:33 |   --> Seen Generation @ step 8745:
Input: Translate to Vietnamese: Sorry, that question's not on here.
Output: Xin lỗi, câu hỏi đó không phải ở đây.
--------------------------------------------------
2026-08-15 13:03:33 | Saving checkpoint to ./checkpoints\step_8745...
2026-08-15 13:03:33 | Checkpoint saved successfully!

2026-08-15 13:03:33 | Deleted old checkpoint: ./checkpoints\step_8735
2026-08-15 13:03:40 | Step 8750/10150 | Loss: 2.2034 | LR: 1.001806e-04
2026-08-15 13:03:43 |   >> Validation Loss: 2.1694
2026-08-15 13:03:43 |   --> Seen Generation @ step 8750:
Input: Translate to Vietnamese: Sorry, that question's not on here.
Output: Xin lỗi, câu hỏi đó không phải ở đây.
--------------------------------------------------
2026-08-15 13:03:43 | Saving checkpoint to ./checkpoints\step_8750...
2026-08-15 13:03:43 | Checkpoint saved successfully!

2026-08-15 13:03:43 | Deleted old checkpoint: ./checkpoints\step_8740
2026-08-15 13:03:50 | Step 8755/10150 | Loss: 2.1647 | LR: 9.989494e-05
2026-08-15 13:03:54 |   >> Validation Loss: 2.1688
2026-08-15 13:03:54 |   --> Seen Generation @ step 8755:
Input: Translate to Vietnamese: Sorry, that question's not on here.
Output: Xin lỗi, câu hỏi đó không phải ở đây.
--------------------------------------------------
2026-08-15 13:03:54 | Saving checkpoint to ./checkpoints\step_8755...
2026-08-15 13:03:54 | Checkpoint saved successfully!

2026-08-15 13:03:54 | Deleted old checkpoint: ./checkpoints\step_8745
2026-08-15 13:04:01 | Step 8760/10150 | Loss: 2.1240 | LR: 9.960961e-05
2026-08-15 13:04:04 |   >> Validation Loss: 2.1700
2026-08-15 13:04:04 |   --> Seen Generation @ step 8760:
Input: Translate to Vietnamese: Sorry, that question's not on here.
Output: Xin lỗi, câu hỏi đó không phải ở đây.
--------------------------------------------------
2026-08-15 13:04:04 | Saving checkpoint to ./checkpoints\step_8760...
2026-08-15 13:04:04 | Checkpoint saved successfully!

2026-08-15 13:04:04 | Deleted old checkpoint: ./checkpoints\step_8750
2026-08-15 13:04:11 | Step 8765/10150 | Loss: 2.1807 | LR: 9.932458e-05
2026-08-15 13:04:15 |   >> Validation Loss: 2.1684
2026-08-15 13:04:15 |   --> Seen Generation @ step 8765:
Input: Translate to Vietnamese: Sorry, that question's not on here.
Output: Xin lỗi, câu hỏi đó không phải ở đây.
--------------------------------------------------
2026-08-15 13:04:15 | Saving checkpoint to ./checkpoints\step_8765...
2026-08-15 13:04:15 | Checkpoint saved successfully!

2026-08-15 13:04:15 | Deleted old checkpoint: ./checkpoints\step_8755
2026-08-15 13:04:22 | Step 8770/10150 | Loss: 2.2030 | LR: 9.903986e-05
2026-08-15 13:04:25 |   >> Validation Loss: 2.1685
2026-08-15 13:04:25 |   --> Seen Generation @ step 8770:
Input: Translate to Vietnamese: Sorry, that question's not on here.
Output: Xin lỗi, câu hỏi đó không phải ở đây.
--------------------------------------------------
2026-08-15 13:04:25 | Saving checkpoint to ./checkpoints\step_8770...
2026-08-15 13:04:25 | Checkpoint saved successfully!

2026-08-15 13:04:25 | Deleted old checkpoint: ./checkpoints\step_8760
2026-08-15 13:04:32 | Step 8775/10150 | Loss: 2.2084 | LR: 9.875545e-05
2026-08-15 13:04:36 |   >> Validation Loss: 2.1685
2026-08-15 13:04:36 |   --> Seen Generation @ step 8775:
Input: Translate to Vietnamese: Sorry, that question's not on here.
Output: Xin lỗi, câu hỏi đó không phải ở đây.
--------------------------------------------------
2026-08-15 13:04:36 | Saving checkpoint to ./checkpoints\step_8775...
2026-08-15 13:04:36 | Checkpoint saved successfully!

2026-08-15 13:04:36 | Deleted old checkpoint: ./checkpoints\step_8765
2026-08-15 13:04:43 | Step 8780/10150 | Loss: 2.2325 | LR: 9.847135e-05
2026-08-15 13:04:46 |   >> Validation Loss: 2.1689
2026-08-15 13:04:46 |   --> Seen Generation @ step 8780:
Input: Translate to Vietnamese: Sorry, that question's not on here.
Output: Xin lỗi, câu hỏi đó không phải ở đây.
--------------------------------------------------
2026-08-15 13:04:46 | Saving checkpoint to ./checkpoints\step_8780...
2026-08-15 13:04:46 | Checkpoint saved successfully!

2026-08-15 13:04:46 | Deleted old checkpoint: ./checkpoints\step_8770
2026-08-15 13:04:53 | Step 8785/10150 | Loss: 2.1692 | LR: 9.818755e-05
2026-08-15 13:04:57 |   >> Validation Loss: 2.1678
2026-08-15 13:04:57 |   --> Seen Generation @ step 8785:
Input: Translate to Vietnamese: Sorry, that question's not on here.
Output: Xin lỗi, câu hỏi đó không phải ở đây.
--------------------------------------------------
2026-08-15 13:04:57 | Saving checkpoint to ./checkpoints\step_8785...
2026-08-15 13:04:57 | Checkpoint saved successfully!

2026-08-15 13:04:57 | Deleted old checkpoint: ./checkpoints\step_8775
2026-08-15 13:05:04 | Step 8790/10150 | Loss: 2.2378 | LR: 9.790407e-05
2026-08-15 13:05:07 |   >> Validation Loss: 2.1672
2026-08-15 13:05:07 |   --> Seen Generation @ step 8790:
Input: Translate to Vietnamese: Sorry, that question's not on here.
Output: Xin lỗi, câu hỏi đó không phải ở đây.
--------------------------------------------------
2026-08-15 13:05:07 | Saving checkpoint to ./checkpoints\step_8790...
2026-08-15 13:05:07 | Checkpoint saved successfully!

2026-08-15 13:05:07 | Deleted old checkpoint: ./checkpoints\step_8780
2026-08-15 13:05:14 | Step 8795/10150 | Loss: 2.2343 | LR: 9.762089e-05
2026-08-15 13:05:18 |   >> Validation Loss: 2.1671
2026-08-15 13:05:18 |   --> Seen Generation @ step 8795:
Input: Translate to Vietnamese: Sorry, that question's not on here.
Output: Xin lỗi, câu hỏi đó không phải ở đây.
--------------------------------------------------
2026-08-15 13:05:18 | Saving checkpoint to ./checkpoints\step_8795...
2026-08-15 13:05:18 | Checkpoint saved successfully!

2026-08-15 13:05:18 | Deleted old checkpoint: ./checkpoints\step_8785
2026-08-15 13:05:25 | Step 8800/10150 | Loss: 2.2333 | LR: 9.733803e-05
2026-08-15 13:05:28 |   >> Validation Loss: 2.1672
2026-08-15 13:05:28 |   --> Seen Generation @ step 8800:
Input: Translate to Vietnamese: Sorry, that question's not on here.
Output: Xin lỗi, câu hỏi đó không phải ở đây.
--------------------------------------------------
2026-08-15 13:05:28 | Saving checkpoint to ./checkpoints\step_8800...
2026-08-15 13:05:28 | Checkpoint saved successfully!

2026-08-15 13:05:28 | Deleted old checkpoint: ./checkpoints\step_8790
2026-08-15 13:05:35 | Step 8805/10150 | Loss: 2.2158 | LR: 9.705548e-05
2026-08-15 13:05:39 |   >> Validation Loss: 2.1673
2026-08-15 13:05:39 |   --> Seen Generation @ step 8805:
Input: Translate to Vietnamese: Sorry, that question's not on here.
Output: Xin lỗi, câu hỏi đó không phải ở đây.
--------------------------------------------------
2026-08-15 13:05:39 | Saving checkpoint to ./checkpoints\step_8805...
2026-08-15 13:05:39 | Checkpoint saved successfully!

2026-08-15 13:05:39 | Deleted old checkpoint: ./checkpoints\step_8795
2026-08-15 13:05:46 | Step 8810/10150 | Loss: 2.1935 | LR: 9.677324e-05
2026-08-15 13:05:49 |   >> Validation Loss: 2.1669
2026-08-15 13:05:49 |   --> Seen Generation @ step 8810:
Input: Translate to Vietnamese: Sorry, that question's not on here.
Output: Xin lỗi, câu hỏi đó không phải ở đây.
--------------------------------------------------
2026-08-15 13:05:49 | Saving checkpoint to ./checkpoints\step_8810...
2026-08-15 13:05:49 | Checkpoint saved successfully!

2026-08-15 13:05:49 | Deleted old checkpoint: ./checkpoints\step_8800
2026-08-15 13:05:56 | Step 8815/10150 | Loss: 2.1376 | LR: 9.649131e-05
2026-08-15 13:06:00 |   >> Validation Loss: 2.1667
2026-08-15 13:06:00 |   --> Seen Generation @ step 8815:
Input: Translate to Vietnamese: Sorry, that question's not on here.
Output: Xin lỗi, câu hỏi đó không phải ở đây.
--------------------------------------------------
2026-08-15 13:06:00 | Saving checkpoint to ./checkpoints\step_8815...
2026-08-15 13:06:00 | Checkpoint saved successfully!

2026-08-15 13:06:00 | Deleted old checkpoint: ./checkpoints\step_8805
2026-08-15 13:06:07 | Step 8820/10150 | Loss: 2.1599 | LR: 9.620969e-05
2026-08-15 13:06:11 |   >> Validation Loss: 2.1665
2026-08-15 13:06:11 |   --> Seen Generation @ step 8820:
Input: Translate to Vietnamese: Sorry, that question's not on here.
Output: Xin lỗi, câu hỏi đó không phải ở đây.
--------------------------------------------------
2026-08-15 13:06:11 | Saving checkpoint to ./checkpoints\step_8820...
2026-08-15 13:06:11 | Checkpoint saved successfully!

2026-08-15 13:06:11 | Deleted old checkpoint: ./checkpoints\step_8810
2026-08-15 13:06:18 | Step 8825/10150 | Loss: 2.2133 | LR: 9.592839e-05
2026-08-15 13:06:21 |   >> Validation Loss: 2.1659
2026-08-15 13:06:21 |   --> Seen Generation @ step 8825:
Input: Translate to Vietnamese: Sorry, that question's not on here.
Output: Xin lỗi, câu hỏi đó không phải ở đây.
--------------------------------------------------
2026-08-15 13:06:21 | Saving checkpoint to ./checkpoints\step_8825...
2026-08-15 13:06:21 | Checkpoint saved successfully!

2026-08-15 13:06:21 | Deleted old checkpoint: ./checkpoints\step_8815
2026-08-15 13:06:28 | Step 8830/10150 | Loss: 2.1355 | LR: 9.564740e-05
2026-08-15 13:06:32 |   >> Validation Loss: 2.1660
2026-08-15 13:06:32 |   --> Seen Generation @ step 8830:
Input: Translate to Vietnamese: Sorry, that question's not on here.
Output: Xin lỗi, câu hỏi đó không phải ở đây.
--------------------------------------------------
2026-08-15 13:06:32 | Saving checkpoint to ./checkpoints\step_8830...
2026-08-15 13:06:32 | Checkpoint saved successfully!

2026-08-15 13:06:32 | Deleted old checkpoint: ./checkpoints\step_8820
2026-08-15 13:06:39 | Step 8835/10150 | Loss: 2.2780 | LR: 9.536673e-05
2026-08-15 13:06:42 |   >> Validation Loss: 2.1661
2026-08-15 13:06:42 |   --> Seen Generation @ step 8835:
Input: Translate to Vietnamese: Sorry, that question's not on here.
Output: Xin lỗi, câu hỏi đó không phải ở đây.
--------------------------------------------------
2026-08-15 13:06:42 | Saving checkpoint to ./checkpoints\step_8835...
2026-08-15 13:06:42 | Checkpoint saved successfully!

2026-08-15 13:06:42 | Deleted old checkpoint: ./checkpoints\step_8825
2026-08-15 13:06:49 | Step 8840/10150 | Loss: 2.1554 | LR: 9.508637e-05
2026-08-15 13:06:53 |   >> Validation Loss: 2.1661
2026-08-15 13:06:53 |   --> Seen Generation @ step 8840:
Input: Translate to Vietnamese: Sorry, that question's not on here.
Output: Xin lỗi, câu hỏi đó không phải ở đây.
--------------------------------------------------
2026-08-15 13:06:53 | Saving checkpoint to ./checkpoints\step_8840...
2026-08-15 13:06:53 | Checkpoint saved successfully!

2026-08-15 13:06:53 | Deleted old checkpoint: ./checkpoints\step_8830
2026-08-15 13:07:00 | Step 8845/10150 | Loss: 2.1783 | LR: 9.480633e-05
2026-08-15 13:07:03 |   >> Validation Loss: 2.1652
2026-08-15 13:07:03 |   --> Seen Generation @ step 8845:
Input: Translate to Vietnamese: Sorry, that question's not on here.
Output: Xin lỗi, câu hỏi đó không phải ở đây.
--------------------------------------------------
2026-08-15 13:07:03 | Saving checkpoint to ./checkpoints\step_8845...
2026-08-15 13:07:03 | Checkpoint saved successfully!

2026-08-15 13:07:03 | Deleted old checkpoint: ./checkpoints\step_8835
2026-08-15 13:07:10 | Step 8850/10150 | Loss: 2.1804 | LR: 9.452661e-05
2026-08-15 13:07:14 |   >> Validation Loss: 2.1656
2026-08-15 13:07:14 |   --> Seen Generation @ step 8850:
Input: Translate to Vietnamese: Sorry, that question's not on here.
Output: Xin lỗi, câu hỏi đó không phải ở đây.
--------------------------------------------------
2026-08-15 13:07:14 | Saving checkpoint to ./checkpoints\step_8850...
2026-08-15 13:07:14 | Checkpoint saved successfully!

2026-08-15 13:07:14 | Deleted old checkpoint: ./checkpoints\step_8840
2026-08-15 13:07:21 | Step 8855/10150 | Loss: 2.2326 | LR: 9.424720e-05
2026-08-15 13:07:24 |   >> Validation Loss: 2.1651
2026-08-15 13:07:24 |   --> Seen Generation @ step 8855:
Input: Translate to Vietnamese: Sorry, that question's not on here.
Output: Xin lỗi, câu hỏi đó không phải ở đây.
--------------------------------------------------
2026-08-15 13:07:24 | Saving checkpoint to ./checkpoints\step_8855...
2026-08-15 13:07:24 | Checkpoint saved successfully!

2026-08-15 13:07:24 | Deleted old checkpoint: ./checkpoints\step_8845
2026-08-15 13:07:31 | Step 8860/10150 | Loss: 2.2320 | LR: 9.396811e-05
2026-08-15 13:07:34 |   >> Validation Loss: 2.1647
2026-08-15 13:07:35 |   --> Seen Generation @ step 8860:
Input: Translate to Vietnamese: Sorry, that question's not on here.
Output: Xin lỗi, câu hỏi đó không phải ở đây.
--------------------------------------------------
2026-08-15 13:07:35 | Saving checkpoint to ./checkpoints\step_8860...
2026-08-15 13:07:35 | Checkpoint saved successfully!

2026-08-15 13:07:35 | Deleted old checkpoint: ./checkpoints\step_8850
2026-08-15 13:07:42 | Step 8865/10150 | Loss: 2.1352 | LR: 9.368934e-05
2026-08-15 13:07:45 |   >> Validation Loss: 2.1651
2026-08-15 13:07:45 |   --> Seen Generation @ step 8865:
Input: Translate to Vietnamese: Sorry, that question's not on here.
Output: Xin lỗi, câu hỏi đó không phải ở đây.
--------------------------------------------------
2026-08-15 13:07:45 | Saving checkpoint to ./checkpoints\step_8865...
2026-08-15 13:07:45 | Checkpoint saved successfully!

2026-08-15 13:07:45 | Deleted old checkpoint: ./checkpoints\step_8855
2026-08-15 13:07:52 | Step 8870/10150 | Loss: 2.2201 | LR: 9.341088e-05
2026-08-15 13:07:55 |   >> Validation Loss: 2.1648
2026-08-15 13:07:55 |   --> Seen Generation @ step 8870:
Input: Translate to Vietnamese: Sorry, that question's not on here.
Output: Xin lỗi, câu hỏi đó không phải ở đây.
--------------------------------------------------
2026-08-15 13:07:55 | Saving checkpoint to ./checkpoints\step_8870...
2026-08-15 13:07:55 | Checkpoint saved successfully!

2026-08-15 13:07:56 | Deleted old checkpoint: ./checkpoints\step_8860
2026-08-15 13:08:02 | Step 8875/10150 | Loss: 2.1143 | LR: 9.313275e-05
2026-08-15 13:08:06 |   >> Validation Loss: 2.1644
2026-08-15 13:08:06 |   --> Seen Generation @ step 8875:
Input: Translate to Vietnamese: Sorry, that question's not on here.
Output: Xin lỗi, câu hỏi đó không phải ở đây.
--------------------------------------------------
2026-08-15 13:08:06 | Saving checkpoint to ./checkpoints\step_8875...
2026-08-15 13:08:06 | Checkpoint saved successfully!

2026-08-15 13:08:06 | Deleted old checkpoint: ./checkpoints\step_8865
2026-08-15 13:08:13 | Step 8880/10150 | Loss: 2.1213 | LR: 9.285493e-05
2026-08-15 13:08:16 |   >> Validation Loss: 2.1640
2026-08-15 13:08:16 |   --> Seen Generation @ step 8880:
Input: Translate to Vietnamese: Sorry, that question's not on here.
Output: Xin lỗi, câu hỏi đó không phải ở đây.
--------------------------------------------------
2026-08-15 13:08:16 | Saving checkpoint to ./checkpoints\step_8880...
2026-08-15 13:08:16 | Checkpoint saved successfully!

2026-08-15 13:08:16 | Deleted old checkpoint: ./checkpoints\step_8870
2026-08-15 13:08:23 | Step 8885/10150 | Loss: 2.1101 | LR: 9.257744e-05
2026-08-15 13:08:27 |   >> Validation Loss: 2.1640
2026-08-15 13:08:27 |   --> Seen Generation @ step 8885:
Input: Translate to Vietnamese: Sorry, that question's not on here.
Output: Xin lỗi, câu hỏi đó không phải ở đây.
--------------------------------------------------
2026-08-15 13:08:27 | Saving checkpoint to ./checkpoints\step_8885...
2026-08-15 13:08:27 | Checkpoint saved successfully!

2026-08-15 13:08:27 | Deleted old checkpoint: ./checkpoints\step_8875
2026-08-15 13:08:34 | Step 8890/10150 | Loss: 2.1740 | LR: 9.230027e-05
2026-08-15 13:08:37 |   >> Validation Loss: 2.1653
2026-08-15 13:08:37 |   --> Seen Generation @ step 8890:
Input: Translate to Vietnamese: Sorry, that question's not on here.
Output: Xin lỗi, câu hỏi đó không phải ở đây.
--------------------------------------------------
2026-08-15 13:08:37 | Saving checkpoint to ./checkpoints\step_8890...
2026-08-15 13:08:37 | Checkpoint saved successfully!

2026-08-15 13:08:37 | Deleted old checkpoint: ./checkpoints\step_8880
2026-08-15 13:08:44 | Step 8895/10150 | Loss: 2.1303 | LR: 9.202342e-05
2026-08-15 13:08:48 |   >> Validation Loss: 2.1646
2026-08-15 13:08:48 |   --> Seen Generation @ step 8895:
Input: Translate to Vietnamese: Sorry, that question's not on here.
Output: Xin lỗi, câu hỏi đó không phải ở đây.
--------------------------------------------------
2026-08-15 13:08:48 | Saving checkpoint to ./checkpoints\step_8895...
2026-08-15 13:08:48 | Checkpoint saved successfully!

2026-08-15 13:08:48 | Deleted old checkpoint: ./checkpoints\step_8885
2026-08-15 13:08:55 | Step 8900/10150 | Loss: 2.1334 | LR: 9.174689e-05
2026-08-15 13:08:58 |   >> Validation Loss: 2.1641
2026-08-15 13:08:58 |   --> Seen Generation @ step 8900:
Input: Translate to Vietnamese: Sorry, that question's not on here.
Output: Xin lỗi, câu hỏi đó không phải ở đây.
--------------------------------------------------
2026-08-15 13:08:58 | Saving checkpoint to ./checkpoints\step_8900...
2026-08-15 13:08:58 | Checkpoint saved successfully!

2026-08-15 13:08:58 | Deleted old checkpoint: ./checkpoints\step_8890
2026-08-15 13:09:05 | Step 8905/10150 | Loss: 2.2194 | LR: 9.147068e-05
2026-08-15 13:09:09 |   >> Validation Loss: 2.1640
2026-08-15 13:09:09 |   --> Seen Generation @ step 8905:
Input: Translate to Vietnamese: Sorry, that question's not on here.
Output: Xin lỗi, câu hỏi đó không phải ở đây.
--------------------------------------------------
2026-08-15 13:09:09 | Saving checkpoint to ./checkpoints\step_8905...
2026-08-15 13:09:09 | Checkpoint saved successfully!

2026-08-15 13:09:09 | Deleted old checkpoint: ./checkpoints\step_8895
2026-08-15 13:09:16 | Step 8910/10150 | Loss: 2.1927 | LR: 9.119480e-05
2026-08-15 13:09:19 |   >> Validation Loss: 2.1637
2026-08-15 13:09:19 |   --> Seen Generation @ step 8910:
Input: Translate to Vietnamese: Sorry, that question's not on here.
Output: Xin lỗi, câu hỏi đó không phải ở đây.
--------------------------------------------------
2026-08-15 13:09:19 | Saving checkpoint to ./checkpoints\step_8910...
2026-08-15 13:09:19 | Checkpoint saved successfully!

2026-08-15 13:09:19 | Deleted old checkpoint: ./checkpoints\step_8900
2026-08-15 13:09:26 | Step 8915/10150 | Loss: 2.1603 | LR: 9.091924e-05
2026-08-15 13:09:30 |   >> Validation Loss: 2.1639
2026-08-15 13:09:30 |   --> Seen Generation @ step 8915:
Input: Translate to Vietnamese: Sorry, that question's not on here.
Output: Xin lỗi, câu hỏi đó không phải ở đây.
--------------------------------------------------
2026-08-15 13:09:30 | Saving checkpoint to ./checkpoints\step_8915...
2026-08-15 13:09:30 | Checkpoint saved successfully!

2026-08-15 13:09:30 | Deleted old checkpoint: ./checkpoints\step_8905
2026-08-15 13:09:37 | Step 8920/10150 | Loss: 2.2392 | LR: 9.064400e-05
2026-08-15 13:09:40 |   >> Validation Loss: 2.1635
2026-08-15 13:09:40 |   --> Seen Generation @ step 8920:
Input: Translate to Vietnamese: Sorry, that question's not on here.
Output: Xin lỗi, câu hỏi đó không phải ở đây.
--------------------------------------------------
2026-08-15 13:09:40 | Saving checkpoint to ./checkpoints\step_8920...
2026-08-15 13:09:40 | Checkpoint saved successfully!

2026-08-15 13:09:40 | Deleted old checkpoint: ./checkpoints\step_8910
2026-08-15 13:09:47 | Step 8925/10150 | Loss: 2.1660 | LR: 9.036909e-05
2026-08-15 13:09:51 |   >> Validation Loss: 2.1639
2026-08-15 13:09:51 |   --> Seen Generation @ step 8925:
Input: Translate to Vietnamese: Sorry, that question's not on here.
Output: Xin lỗi, câu hỏi đó không phải ở đây.
--------------------------------------------------
2026-08-15 13:09:51 | Saving checkpoint to ./checkpoints\step_8925...
2026-08-15 13:09:51 | Checkpoint saved successfully!

2026-08-15 13:09:51 | Deleted old checkpoint: ./checkpoints\step_8915
2026-08-15 13:09:58 | Step 8930/10150 | Loss: 2.2146 | LR: 9.009451e-05
2026-08-15 13:10:01 |   >> Validation Loss: 2.1630
2026-08-15 13:10:01 |   --> Seen Generation @ step 8930:
Input: Translate to Vietnamese: Sorry, that question's not on here.
Output: Xin lỗi, câu hỏi đó không phải ở đây.
--------------------------------------------------
2026-08-15 13:10:01 | Saving checkpoint to ./checkpoints\step_8930...
2026-08-15 13:10:01 | Checkpoint saved successfully!

2026-08-15 13:10:01 | Deleted old checkpoint: ./checkpoints\step_8920
2026-08-15 13:10:08 | Step 8935/10150 | Loss: 2.1852 | LR: 8.982025e-05
2026-08-15 13:10:11 |   >> Validation Loss: 2.1634
2026-08-15 13:10:12 |   --> Seen Generation @ step 8935:
Input: Translate to Vietnamese: Sorry, that question's not on here.
Output: Xin lỗi, câu hỏi đó không phải ở đây.
--------------------------------------------------
2026-08-15 13:10:12 | Saving checkpoint to ./checkpoints\step_8935...
2026-08-15 13:10:12 | Checkpoint saved successfully!

2026-08-15 13:10:12 | Deleted old checkpoint: ./checkpoints\step_8925
2026-08-15 13:10:19 | Step 8940/10150 | Loss: 2.2368 | LR: 8.954632e-05
2026-08-15 13:10:22 |   >> Validation Loss: 2.1629
2026-08-15 13:10:22 |   --> Seen Generation @ step 8940:
Input: Translate to Vietnamese: Sorry, that question's not on here.
Output: Xin lỗi, câu hỏi đó không phải ở đây.
--------------------------------------------------
2026-08-15 13:10:22 | Saving checkpoint to ./checkpoints\step_8940...
2026-08-15 13:10:22 | Checkpoint saved successfully!

2026-08-15 13:10:22 | Deleted old checkpoint: ./checkpoints\step_8930
2026-08-15 13:10:29 | Step 8945/10150 | Loss: 2.1532 | LR: 8.927271e-05
2026-08-15 13:10:32 |   >> Validation Loss: 2.1631
2026-08-15 13:10:33 |   --> Seen Generation @ step 8945:
Input: Translate to Vietnamese: Sorry, that question's not on here.
Output: Xin lỗi, câu hỏi đó không phải ở đây.
--------------------------------------------------
2026-08-15 13:10:33 | Saving checkpoint to ./checkpoints\step_8945...
2026-08-15 13:10:33 | Checkpoint saved successfully!

2026-08-15 13:10:33 | Deleted old checkpoint: ./checkpoints\step_8935
2026-08-15 13:10:40 | Step 8950/10150 | Loss: 2.1545 | LR: 8.899944e-05
2026-08-15 13:10:43 |   >> Validation Loss: 2.1629
2026-08-15 13:10:43 |   --> Seen Generation @ step 8950:
Input: Translate to Vietnamese: Sorry, that question's not on here.
Output: Xin lỗi, câu hỏi đó không phải ở đây.
--------------------------------------------------
2026-08-15 13:10:43 | Saving checkpoint to ./checkpoints\step_8950...
2026-08-15 13:10:43 | Checkpoint saved successfully!

2026-08-15 13:10:43 | Deleted old checkpoint: ./checkpoints\step_8940
2026-08-15 13:10:50 | Step 8955/10150 | Loss: 2.1896 | LR: 8.872649e-05
2026-08-15 13:10:54 |   >> Validation Loss: 2.1626
2026-08-15 13:10:54 |   --> Seen Generation @ step 8955:
Input: Translate to Vietnamese: Sorry, that question's not on here.
Output: Xin lỗi, câu hỏi đó không phải ở đây.
--------------------------------------------------
2026-08-15 13:10:54 | Saving checkpoint to ./checkpoints\step_8955...
2026-08-15 13:10:54 | Checkpoint saved successfully!

2026-08-15 13:10:54 | Deleted old checkpoint: ./checkpoints\step_8945
2026-08-15 13:11:01 | Step 8960/10150 | Loss: 2.2713 | LR: 8.845387e-05
2026-08-15 13:11:04 |   >> Validation Loss: 2.1623
2026-08-15 13:11:04 |   --> Seen Generation @ step 8960:
Input: Translate to Vietnamese: Sorry, that question's not on here.
Output: Xin lỗi, câu hỏi đó không phải ở đây.
--------------------------------------------------
2026-08-15 13:11:04 | Saving checkpoint to ./checkpoints\step_8960...
2026-08-15 13:11:04 | Checkpoint saved successfully!

2026-08-15 13:11:04 | Deleted old checkpoint: ./checkpoints\step_8950
2026-08-15 13:11:11 | Step 8965/10150 | Loss: 2.2090 | LR: 8.818158e-05
2026-08-15 13:11:15 |   >> Validation Loss: 2.1617
2026-08-15 13:11:15 |   --> Seen Generation @ step 8965:
Input: Translate to Vietnamese: Sorry, that question's not on here.
Output: Xin lỗi, câu hỏi đó không phải ở đây.
--------------------------------------------------
2026-08-15 13:11:15 | Saving checkpoint to ./checkpoints\step_8965...
2026-08-15 13:11:15 | Checkpoint saved successfully!

2026-08-15 13:11:15 | Deleted old checkpoint: ./checkpoints\step_8955
2026-08-15 13:11:22 | Step 8970/10150 | Loss: 2.1955 | LR: 8.790962e-05
2026-08-15 13:11:25 |   >> Validation Loss: 2.1618
2026-08-15 13:11:25 |   --> Seen Generation @ step 8970:
Input: Translate to Vietnamese: Sorry, that question's not on here.
Output: Xin lỗi, câu hỏi đó không phải ở đây.
--------------------------------------------------
2026-08-15 13:11:25 | Saving checkpoint to ./checkpoints\step_8970...
2026-08-15 13:11:25 | Checkpoint saved successfully!

2026-08-15 13:11:25 | Deleted old checkpoint: ./checkpoints\step_8960
2026-08-15 13:11:32 | Step 8975/10150 | Loss: 2.1385 | LR: 8.763799e-05
2026-08-15 13:11:36 |   >> Validation Loss: 2.1616
2026-08-15 13:11:36 |   --> Seen Generation @ step 8975:
Input: Translate to Vietnamese: Sorry, that question's not on here.
Output: Xin lỗi, câu hỏi đó không phải ở đây.
--------------------------------------------------
2026-08-15 13:11:36 | Saving checkpoint to ./checkpoints\step_8975...
2026-08-15 13:11:36 | Checkpoint saved successfully!

2026-08-15 13:11:36 | Deleted old checkpoint: ./checkpoints\step_8965
2026-08-15 13:11:43 | Step 8980/10150 | Loss: 2.2433 | LR: 8.736669e-05
2026-08-15 13:11:46 |   >> Validation Loss: 2.1609
2026-08-15 13:11:46 |   --> Seen Generation @ step 8980:
Input: Translate to Vietnamese: Sorry, that question's not on here.
Output: Xin lỗi, câu hỏi đó không phải ở đây.
--------------------------------------------------
2026-08-15 13:11:46 | Saving checkpoint to ./checkpoints\step_8980...
2026-08-15 13:11:46 | Checkpoint saved successfully!

2026-08-15 13:11:46 | Deleted old checkpoint: ./checkpoints\step_8970
2026-08-15 13:11:53 | Step 8985/10150 | Loss: 2.1428 | LR: 8.709572e-05
2026-08-15 13:11:57 |   >> Validation Loss: 2.1609
2026-08-15 13:11:57 |   --> Seen Generation @ step 8985:
Input: Translate to Vietnamese: Sorry, that question's not on here.
Output: Xin lỗi, câu hỏi đó không phải ở đây.
--------------------------------------------------
2026-08-15 13:11:57 | Saving checkpoint to ./checkpoints\step_8985...
2026-08-15 13:11:57 | Checkpoint saved successfully!

2026-08-15 13:11:57 | Deleted old checkpoint: ./checkpoints\step_8975
2026-08-15 13:12:04 | Step 8990/10150 | Loss: 2.1513 | LR: 8.682509e-05
2026-08-15 13:12:07 |   >> Validation Loss: 2.1611
2026-08-15 13:12:07 |   --> Seen Generation @ step 8990:
Input: Translate to Vietnamese: Sorry, that question's not on here.
Output: Xin lỗi, câu hỏi đó không phải ở đây.
--------------------------------------------------
2026-08-15 13:12:07 | Saving checkpoint to ./checkpoints\step_8990...
2026-08-15 13:12:07 | Checkpoint saved successfully!

2026-08-15 13:12:07 | Deleted old checkpoint: ./checkpoints\step_8980
2026-08-15 13:12:14 | Step 8995/10150 | Loss: 2.1838 | LR: 8.655479e-05
2026-08-15 13:12:18 |   >> Validation Loss: 2.1610
2026-08-15 13:12:18 |   --> Seen Generation @ step 8995:
Input: Translate to Vietnamese: Sorry, that question's not on here.
Output: Xin lỗi, câu hỏi đó không phải ở đây.
--------------------------------------------------
2026-08-15 13:12:18 | Saving checkpoint to ./checkpoints\step_8995...
2026-08-15 13:12:18 | Checkpoint saved successfully!

2026-08-15 13:12:18 | Deleted old checkpoint: ./checkpoints\step_8985
2026-08-15 13:12:25 | Step 9000/10150 | Loss: 2.1547 | LR: 8.628482e-05
2026-08-15 13:12:28 |   >> Validation Loss: 2.1610
2026-08-15 13:12:28 |   --> Seen Generation @ step 9000:
Input: Translate to Vietnamese: Sorry, that question's not on here.
Output: Xin lỗi, câu hỏi đó không phải ở đây.
--------------------------------------------------
2026-08-15 13:12:28 | Saving checkpoint to ./checkpoints\step_9000...
2026-08-15 13:12:28 | Checkpoint saved successfully!

2026-08-15 13:12:28 | Deleted old checkpoint: ./checkpoints\step_8990
2026-08-15 13:12:35 | Step 9005/10150 | Loss: 2.1340 | LR: 8.601518e-05
2026-08-15 13:12:39 |   >> Validation Loss: 2.1612
2026-08-15 13:12:39 |   --> Seen Generation @ step 9005:
Input: Translate to Vietnamese: Sorry, that question's not on here.
Output: Xin lỗi, câu hỏi đó không phải ở đây.
--------------------------------------------------
2026-08-15 13:12:39 | Saving checkpoint to ./checkpoints\step_9005...
2026-08-15 13:12:39 | Checkpoint saved successfully!

2026-08-15 13:12:39 | Deleted old checkpoint: ./checkpoints\step_8995
2026-08-15 13:12:46 | Step 9010/10150 | Loss: 2.1669 | LR: 8.574588e-05
2026-08-15 13:12:49 |   >> Validation Loss: 2.1612
2026-08-15 13:12:49 |   --> Seen Generation @ step 9010:
Input: Translate to Vietnamese: Sorry, that question's not on here.
Output: Xin lỗi, câu hỏi đó không phải ở đây.
--------------------------------------------------
2026-08-15 13:12:49 | Saving checkpoint to ./checkpoints\step_9010...
2026-08-15 13:12:49 | Checkpoint saved successfully!

2026-08-15 13:12:49 | Deleted old checkpoint: ./checkpoints\step_9000
2026-08-15 13:12:56 | Step 9015/10150 | Loss: 2.1831 | LR: 8.547692e-05
2026-08-15 13:13:00 |   >> Validation Loss: 2.1610
2026-08-15 13:13:00 |   --> Seen Generation @ step 9015:
Input: Translate to Vietnamese: Sorry, that question's not on here.
Output: Xin lỗi, câu hỏi đó không phải ở đây.
--------------------------------------------------
2026-08-15 13:13:00 | Saving checkpoint to ./checkpoints\step_9015...
2026-08-15 13:13:00 | Checkpoint saved successfully!

2026-08-15 13:13:00 | Deleted old checkpoint: ./checkpoints\step_9005
2026-08-15 13:13:07 | Step 9020/10150 | Loss: 2.2244 | LR: 8.520829e-05
2026-08-15 13:13:10 |   >> Validation Loss: 2.1617
2026-08-15 13:13:10 |   --> Seen Generation @ step 9020:
Input: Translate to Vietnamese: Sorry, that question's not on here.
Output: Xin lỗi, câu hỏi đó không phải ở đây.
--------------------------------------------------
2026-08-15 13:13:10 | Saving checkpoint to ./checkpoints\step_9020...
2026-08-15 13:13:10 | Checkpoint saved successfully!

2026-08-15 13:13:10 | Deleted old checkpoint: ./checkpoints\step_9010
2026-08-15 13:13:17 | Step 9025/10150 | Loss: 2.1953 | LR: 8.493999e-05
2026-08-15 13:13:21 |   >> Validation Loss: 2.1608
2026-08-15 13:13:21 |   --> Seen Generation @ step 9025:
Input: Translate to Vietnamese: Sorry, that question's not on here.
Output: Xin lỗi, câu hỏi đó không phải ở đây.
--------------------------------------------------
2026-08-15 13:13:21 | Saving checkpoint to ./checkpoints\step_9025...
2026-08-15 13:13:21 | Checkpoint saved successfully!

2026-08-15 13:13:21 | Deleted old checkpoint: ./checkpoints\step_9015
2026-08-15 13:13:28 | Step 9030/10150 | Loss: 2.1774 | LR: 8.467203e-05
2026-08-15 13:13:31 |   >> Validation Loss: 2.1612
2026-08-15 13:13:31 |   --> Seen Generation @ step 9030:
Input: Translate to Vietnamese: Sorry, that question's not on here.
Output: Xin lỗi, câu hỏi đó không phải ở đây.
--------------------------------------------------
2026-08-15 13:13:31 | Saving checkpoint to ./checkpoints\step_9030...
2026-08-15 13:13:31 | Checkpoint saved successfully!

2026-08-15 13:13:31 | Deleted old checkpoint: ./checkpoints\step_9020
2026-08-15 13:13:38 | Step 9035/10150 | Loss: 2.1881 | LR: 8.440441e-05
2026-08-15 13:13:42 |   >> Validation Loss: 2.1600
2026-08-15 13:13:42 |   --> Seen Generation @ step 9035:
Input: Translate to Vietnamese: Sorry, that question's not on here.
Output: Xin lỗi, câu hỏi đó không phải ở đây.
--------------------------------------------------
2026-08-15 13:13:42 | Saving checkpoint to ./checkpoints\step_9035...
2026-08-15 13:13:42 | Checkpoint saved successfully!

2026-08-15 13:13:42 | Deleted old checkpoint: ./checkpoints\step_9025
2026-08-15 13:13:49 | Step 9040/10150 | Loss: 2.2420 | LR: 8.413713e-05
2026-08-15 13:13:52 |   >> Validation Loss: 2.1598
2026-08-15 13:13:52 |   --> Seen Generation @ step 9040:
Input: Translate to Vietnamese: Sorry, that question's not on here.
Output: Xin lỗi, câu hỏi đó không phải ở đây.
--------------------------------------------------
2026-08-15 13:13:52 | Saving checkpoint to ./checkpoints\step_9040...
2026-08-15 13:13:52 | Checkpoint saved successfully!

2026-08-15 13:13:52 | Deleted old checkpoint: ./checkpoints\step_9030
2026-08-15 13:13:59 | Step 9045/10150 | Loss: 2.1468 | LR: 8.387019e-05
2026-08-15 13:14:03 |   >> Validation Loss: 2.1599
2026-08-15 13:14:03 |   --> Seen Generation @ step 9045:
Input: Translate to Vietnamese: Sorry, that question's not on here.
Output: Xin lỗi, câu hỏi đó không phải ở đây.
--------------------------------------------------
2026-08-15 13:14:03 | Saving checkpoint to ./checkpoints\step_9045...
2026-08-15 13:14:03 | Checkpoint saved successfully!

2026-08-15 13:14:03 | Deleted old checkpoint: ./checkpoints\step_9035
2026-08-15 13:14:10 | Step 9050/10150 | Loss: 2.2114 | LR: 8.360358e-05
2026-08-15 13:14:13 |   >> Validation Loss: 2.1600
2026-08-15 13:14:13 |   --> Seen Generation @ step 9050:
Input: Translate to Vietnamese: Sorry, that question's not on here.
Output: Xin lỗi, câu hỏi đó không phải ở đây.
--------------------------------------------------
2026-08-15 13:14:13 | Saving checkpoint to ./checkpoints\step_9050...
2026-08-15 13:14:13 | Checkpoint saved successfully!

2026-08-15 13:14:13 | Deleted old checkpoint: ./checkpoints\step_9040
2026-08-15 13:14:20 | Step 9055/10150 | Loss: 2.2312 | LR: 8.333731e-05
2026-08-15 13:14:24 |   >> Validation Loss: 2.1603
2026-08-15 13:14:24 |   --> Seen Generation @ step 9055:
Input: Translate to Vietnamese: Sorry, that question's not on here.
Output: Xin lỗi, câu hỏi đó không phải ở đây.
--------------------------------------------------
2026-08-15 13:14:24 | Saving checkpoint to ./checkpoints\step_9055...
2026-08-15 13:14:24 | Checkpoint saved successfully!

2026-08-15 13:14:24 | Deleted old checkpoint: ./checkpoints\step_9045
2026-08-15 13:14:31 | Step 9060/10150 | Loss: 2.2510 | LR: 8.307139e-05
2026-08-15 13:14:34 |   >> Validation Loss: 2.1598
2026-08-15 13:14:34 |   --> Seen Generation @ step 9060:
Input: Translate to Vietnamese: Sorry, that question's not on here.
Output: Xin lỗi, câu hỏi đó không phải ở đây.
--------------------------------------------------
2026-08-15 13:14:34 | Saving checkpoint to ./checkpoints\step_9060...
2026-08-15 13:14:34 | Checkpoint saved successfully!

2026-08-15 13:14:34 | Deleted old checkpoint: ./checkpoints\step_9050
2026-08-15 13:14:41 | Step 9065/10150 | Loss: 2.1098 | LR: 8.280580e-05
2026-08-15 13:14:45 |   >> Validation Loss: 2.1600
2026-08-15 13:14:45 |   --> Seen Generation @ step 9065:
Input: Translate to Vietnamese: Sorry, that question's not on here.
Output: Xin lỗi, câu hỏi đó không phải ở đây.
--------------------------------------------------
2026-08-15 13:14:45 | Saving checkpoint to ./checkpoints\step_9065...
2026-08-15 13:14:45 | Checkpoint saved successfully!

2026-08-15 13:14:45 | Deleted old checkpoint: ./checkpoints\step_9055
2026-08-15 13:14:52 | Step 9070/10150 | Loss: 2.1357 | LR: 8.254056e-05
2026-08-15 13:14:55 |   >> Validation Loss: 2.1598
2026-08-15 13:14:55 |   --> Seen Generation @ step 9070:
Input: Translate to Vietnamese: Sorry, that question's not on here.
Output: Xin lỗi, câu hỏi đó không phải ở đây.
--------------------------------------------------
2026-08-15 13:14:55 | Saving checkpoint to ./checkpoints\step_9070...
2026-08-15 13:14:55 | Checkpoint saved successfully!

2026-08-15 13:14:55 | Deleted old checkpoint: ./checkpoints\step_9060
2026-08-15 13:15:02 | Step 9075/10150 | Loss: 2.2062 | LR: 8.227565e-05
2026-08-15 13:15:06 |   >> Validation Loss: 2.1589
2026-08-15 13:15:06 |   --> Seen Generation @ step 9075:
Input: Translate to Vietnamese: Sorry, that question's not on here.
Output: Xin lỗi, câu hỏi đó không phải ở đây.
--------------------------------------------------
2026-08-15 13:15:06 | Saving checkpoint to ./checkpoints\step_9075...
2026-08-15 13:15:06 | Checkpoint saved successfully!

2026-08-15 13:15:06 | Deleted old checkpoint: ./checkpoints\step_9065
2026-08-15 13:15:13 | Step 9080/10150 | Loss: 2.1102 | LR: 8.201109e-05
2026-08-15 13:15:16 |   >> Validation Loss: 2.1589
2026-08-15 13:15:16 |   --> Seen Generation @ step 9080:
Input: Translate to Vietnamese: Sorry, that question's not on here.
Output: Xin lỗi, câu hỏi đó không phải ở đây.
--------------------------------------------------
2026-08-15 13:15:16 | Saving checkpoint to ./checkpoints\step_9080...
2026-08-15 13:15:16 | Checkpoint saved successfully!

2026-08-15 13:15:16 | Deleted old checkpoint: ./checkpoints\step_9070
2026-08-15 13:15:23 | Step 9085/10150 | Loss: 2.1901 | LR: 8.174687e-05
2026-08-15 13:15:27 |   >> Validation Loss: 2.1584
2026-08-15 13:15:27 |   --> Seen Generation @ step 9085:
Input: Translate to Vietnamese: Sorry, that question's not on here.
Output: Xin lỗi, câu hỏi đó không phải ở đây.
--------------------------------------------------
2026-08-15 13:15:27 | Saving checkpoint to ./checkpoints\step_9085...
2026-08-15 13:15:27 | Checkpoint saved successfully!

2026-08-15 13:15:27 | Deleted old checkpoint: ./checkpoints\step_9075
2026-08-15 13:15:34 | Step 9090/10150 | Loss: 2.1939 | LR: 8.148300e-05
2026-08-15 13:15:37 |   >> Validation Loss: 2.1585
2026-08-15 13:15:37 |   --> Seen Generation @ step 9090:
Input: Translate to Vietnamese: Sorry, that question's not on here.
Output: Xin lỗi, câu hỏi đó không phải ở đây.
--------------------------------------------------
2026-08-15 13:15:37 | Saving checkpoint to ./checkpoints\step_9090...
2026-08-15 13:15:37 | Checkpoint saved successfully!

2026-08-15 13:15:37 | Deleted old checkpoint: ./checkpoints\step_9080
2026-08-15 13:15:44 | Step 9095/10150 | Loss: 2.2415 | LR: 8.121946e-05
2026-08-15 13:15:48 |   >> Validation Loss: 2.1587
2026-08-15 13:15:48 |   --> Seen Generation @ step 9095:
Input: Translate to Vietnamese: Sorry, that question's not on here.
Output: Xin lỗi, câu hỏi đó không phải ở đây.
--------------------------------------------------
2026-08-15 13:15:48 | Saving checkpoint to ./checkpoints\step_9095...
2026-08-15 13:15:48 | Checkpoint saved successfully!

2026-08-15 13:15:48 | Deleted old checkpoint: ./checkpoints\step_9085
2026-08-15 13:15:55 | Step 9100/10150 | Loss: 2.2476 | LR: 8.095627e-05
2026-08-15 13:15:58 |   >> Validation Loss: 2.1589
2026-08-15 13:15:58 |   --> Seen Generation @ step 9100:
Input: Translate to Vietnamese: Sorry, that question's not on here.
Output: Xin lỗi, câu hỏi đó không phải ở đây.
--------------------------------------------------
2026-08-15 13:15:58 | Saving checkpoint to ./checkpoints\step_9100...
2026-08-15 13:15:58 | Checkpoint saved successfully!

2026-08-15 13:15:58 | Deleted old checkpoint: ./checkpoints\step_9090
2026-08-15 13:16:05 | Step 9105/10150 | Loss: 2.1818 | LR: 8.069343e-05
2026-08-15 13:16:08 |   >> Validation Loss: 2.1588
2026-08-15 13:16:09 |   --> Seen Generation @ step 9105:
Input: Translate to Vietnamese: Sorry, that question's not on here.
Output: Xin lỗi, câu hỏi đó không phải ở đây.
--------------------------------------------------
2026-08-15 13:16:09 | Saving checkpoint to ./checkpoints\step_9105...
2026-08-15 13:16:09 | Checkpoint saved successfully!

2026-08-15 13:16:09 | Deleted old checkpoint: ./checkpoints\step_9095
2026-08-15 13:16:16 | Step 9110/10150 | Loss: 2.1125 | LR: 8.043093e-05
2026-08-15 13:16:19 |   >> Validation Loss: 2.1599
2026-08-15 13:16:19 |   --> Seen Generation @ step 9110:
Input: Translate to Vietnamese: Sorry, that question's not on here.
Output: Xin lỗi, câu hỏi đó không phải ở đây.
--------------------------------------------------
2026-08-15 13:16:19 | Saving checkpoint to ./checkpoints\step_9110...
2026-08-15 13:16:19 | Checkpoint saved successfully!

2026-08-15 13:16:19 | Deleted old checkpoint: ./checkpoints\step_9100
2026-08-15 13:16:26 | Step 9115/10150 | Loss: 2.2533 | LR: 8.016878e-05
2026-08-15 13:16:30 |   >> Validation Loss: 2.1589
2026-08-15 13:16:30 |   --> Seen Generation @ step 9115:
Input: Translate to Vietnamese: Sorry, that question's not on here.
Output: Xin lỗi, câu hỏi đó không phải ở đây.
--------------------------------------------------
2026-08-15 13:16:30 | Saving checkpoint to ./checkpoints\step_9115...
2026-08-15 13:16:30 | Checkpoint saved successfully!

2026-08-15 13:16:30 | Deleted old checkpoint: ./checkpoints\step_9105
2026-08-15 13:16:37 | Step 9120/10150 | Loss: 2.2399 | LR: 7.990697e-05
2026-08-15 13:16:40 |   >> Validation Loss: 2.1584
2026-08-15 13:16:40 |   --> Seen Generation @ step 9120:
Input: Translate to Vietnamese: Sorry, that question's not on here.
Output: Xin lỗi, câu hỏi đó không phải ở đây.
--------------------------------------------------
2026-08-15 13:16:40 | Saving checkpoint to ./checkpoints\step_9120...
2026-08-15 13:16:40 | Checkpoint saved successfully!

2026-08-15 13:16:40 | Deleted old checkpoint: ./checkpoints\step_9110
2026-08-15 13:16:47 | Step 9125/10150 | Loss: 2.1870 | LR: 7.964552e-05
2026-08-15 13:16:51 |   >> Validation Loss: 2.1588
2026-08-15 13:16:51 |   --> Seen Generation @ step 9125:
Input: Translate to Vietnamese: Sorry, that question's not on here.
Output: Xin lỗi, câu hỏi đó không phải ở đây.
--------------------------------------------------
2026-08-15 13:16:51 | Saving checkpoint to ./checkpoints\step_9125...
2026-08-15 13:16:51 | Checkpoint saved successfully!

2026-08-15 13:16:51 | Deleted old checkpoint: ./checkpoints\step_9115
2026-08-15 13:16:58 | Step 9130/10150 | Loss: 2.2263 | LR: 7.938440e-05
2026-08-15 13:17:01 |   >> Validation Loss: 2.1585
2026-08-15 13:17:01 |   --> Seen Generation @ step 9130:
Input: Translate to Vietnamese: Sorry, that question's not on here.
Output: Xin lỗi, câu hỏi đó không phải ở đây.
--------------------------------------------------
2026-08-15 13:17:01 | Saving checkpoint to ./checkpoints\step_9130...
2026-08-15 13:17:01 | Checkpoint saved successfully!

2026-08-15 13:17:01 | Deleted old checkpoint: ./checkpoints\step_9120
2026-08-15 13:17:08 | Step 9135/10150 | Loss: 2.1859 | LR: 7.912364e-05
2026-08-15 13:17:12 |   >> Validation Loss: 2.1586
2026-08-15 13:17:12 |   --> Seen Generation @ step 9135:
Input: Translate to Vietnamese: Sorry, that question's not on here.
Output: Xin lỗi, câu hỏi đó không phải ở đây.
--------------------------------------------------
2026-08-15 13:17:12 | Saving checkpoint to ./checkpoints\step_9135...
2026-08-15 13:17:12 | Checkpoint saved successfully!

2026-08-15 13:17:12 | Deleted old checkpoint: ./checkpoints\step_9125
2026-08-15 13:17:19 | Step 9140/10150 | Loss: 2.1009 | LR: 7.886322e-05
2026-08-15 13:17:22 |   >> Validation Loss: 2.1586
2026-08-15 13:17:22 |   --> Seen Generation @ step 9140:
Input: Translate to Vietnamese: Sorry, that question's not on here.
Output: Xin lỗi, câu hỏi đó không phải ở đây.
--------------------------------------------------
2026-08-15 13:17:22 | Saving checkpoint to ./checkpoints\step_9140...
2026-08-15 13:17:22 | Checkpoint saved successfully!

2026-08-15 13:17:22 | Deleted old checkpoint: ./checkpoints\step_9130
2026-08-15 13:17:29 | Step 9145/10150 | Loss: 2.2475 | LR: 7.860316e-05
2026-08-15 13:17:33 |   >> Validation Loss: 2.1586
2026-08-15 13:17:33 |   --> Seen Generation @ step 9145:
Input: Translate to Vietnamese: Sorry, that question's not on here.
Output: Xin lỗi, câu hỏi đó không phải ở đây.
--------------------------------------------------
2026-08-15 13:17:33 | Saving checkpoint to ./checkpoints\step_9145...
2026-08-15 13:17:33 | Checkpoint saved successfully!

2026-08-15 13:17:33 | Deleted old checkpoint: ./checkpoints\step_9135
2026-08-15 13:17:40 | Step 9150/10150 | Loss: 2.1560 | LR: 7.834344e-05
2026-08-15 13:17:43 |   >> Validation Loss: 2.1580
2026-08-15 13:17:43 |   --> Seen Generation @ step 9150:
Input: Translate to Vietnamese: Sorry, that question's not on here.
Output: Xin lỗi, câu hỏi đó không phải ở đây.
--------------------------------------------------
2026-08-15 13:17:43 | Saving checkpoint to ./checkpoints\step_9150...
2026-08-15 13:17:43 | Checkpoint saved successfully!

2026-08-15 13:17:43 | Deleted old checkpoint: ./checkpoints\step_9140
